reading_id,mine_id,sensor_type,value,unit,recorded_at
1,1,dust,7.3,mg/m3,2026-09-06T14:53:00+00:00
2,1,dust,7.2,mg/m3,2026-09-06T20:32:00+00:00
3,1,dust,2.5,mg/m3,2026-09-07T02:57:00+00:00
4,1,dust,8.6,mg/m3,2026-09-07T08:39:00+00:00
5,1,dust,5.0,mg/m3,2026-09-07T14:59:00+00:00
6,1,dust,9.1,mg/m3,2026-09-07T20:41:00+00:00
7,1,dust,6.5,mg/m3,2026-09-08T02:32:00+00:00
8,1,dust,4.4,mg/m3,2026-09-08T09:00:00+00:00
9,1,dust,8.1,mg/m3,2026-09-08T14:23:00+00:00
10,1,dust,5.2,mg/m3,2026-09-08T20:19:00+00:00
11,1,dust,8.9,mg/m3,2026-09-09T02:15:00+00:00
12,1,dust,7.6,mg/m3,2026-09-09T08:37:00+00:00
13,1,gas,10.6,ppm,2026-09-06T14:47:00+00:00
14,1,gas,32.6,ppm,2026-09-06T20:56:00+00:00
15,1,gas,37.7,ppm,2026-09-07T02:31:00+00:00
16,1,gas,12.5,ppm,2026-09-07T08:21:00+00:00
17,1,gas,41.5,ppm,2026-09-07T14:52:00+00:00
18,1,gas,25.0,ppm,2026-09-07T20:46:00+00:00
19,1,gas,52.3,ppm,2026-09-08T02:40:00+00:00
20,1,gas,24.8,ppm,2026-09-08T08:34:00+00:00
21,1,gas,36.0,ppm,2026-09-08T14:33:00+00:00
22,1,gas,22.7,ppm,2026-09-08T20:34:00+00:00
23,1,gas,5.6,ppm,2026-09-09T02:44:00+00:00
24,1,gas,43.8,ppm,2026-09-09T08:48:00+00:00
25,1,temperature,42.2,C,2026-09-06T14:32:00+00:00
26,1,temperature,42.0,C,2026-09-06T20:24:00+00:00
27,1,temperature,38.2,C,2026-09-07T02:46:00+00:00
28,1,temperature,36.6,C,2026-09-07T08:36:00+00:00
29,1,temperature,41.8,C,2026-09-07T14:57:00+00:00
30,1,temperature,33.5,C,2026-09-07T20:55:00+00:00
31,1,temperature,26.2,C,2026-09-08T02:32:00+00:00
32,1,temperature,34.6,C,2026-09-08T08:46:00+00:00
33,1,temperature,37.6,C,2026-09-08T14:25:00+00:00
34,1,temperature,28.3,C,2026-09-08T20:19:00+00:00
35,1,temperature,40.5,C,2026-09-09T02:50:00+00:00
36,1,temperature,40.9,C,2026-09-09T08:48:00+00:00
37,2,dust,2.7,mg/m3,2026-09-06T14:38:00+00:00
38,2,dust,7.3,mg/m3,2026-09-06T20:20:00+00:00
39,2,dust,7.1,mg/m3,2026-09-07T02:52:00+00:00
40,2,dust,5.5,mg/m3,2026-09-07T08:21:00+00:00
41,2,dust,6.2,mg/m3,2026-09-07T14:17:00+00:00
42,2,dust,6.5,mg/m3,2026-09-07T20:38:00+00:00
43,2,dust,6.2,mg/m3,2026-09-08T02:45:00+00:00
44,2,dust,6.3,mg/m3,2026-09-08T08:52:00+00:00
45,2,dust,4.8,mg/m3,2026-09-08T14:19:00+00:00
46,2,dust,2.3,mg/m3,2026-09-08T20:21:00+00:00
47,2,dust,8.6,mg/m3,2026-09-09T02:46:00+00:00
48,2,dust,3.2,mg/m3,2026-09-09T08:45:00+00:00
49,2,gas,40.3,ppm,2026-09-06T14:15:00+00:00
50,2,gas,38.0,ppm,2026-09-06T20:39:00+00:00
51,2,gas,29.5,ppm,2026-09-07T02:43:00+00:00
52,2,gas,20.9,ppm,2026-09-07T08:33:00+00:00
53,2,gas,41.8,ppm,2026-09-07T14:51:00+00:00
54,2,gas,25.1,ppm,2026-09-07T20:44:00+00:00
55,2,gas,14.5,ppm,2026-09-08T02:17:00+00:00
56,2,gas,8.3,ppm,2026-09-08T08:54:00+00:00
57,2,gas,20.0,ppm,2026-09-08T14:56:00+00:00
58,2,gas,15.8,ppm,2026-09-08T20:41:00+00:00
59,2,gas,52.8,ppm,2026-09-09T02:56:00+00:00
60,2,gas,36.5,ppm,2026-09-09T08:56:00+00:00
61,2,temperature,22.3,C,2026-09-06T14:38:00+00:00
62,2,temperature,22.3,C,2026-09-06T20:44:00+00:00
63,2,temperature,31.0,C,2026-09-07T02:47:00+00:00
64,2,temperature,36.4,C,2026-09-07T08:45:00+00:00
65,2,temperature,43.4,C,2026-09-07T14:20:00+00:00
66,2,temperature,28.6,C,2026-09-07T20:46:00+00:00
67,2,temperature,22.8,C,2026-09-08T02:48:00+00:00
68,2,temperature,43.4,C,2026-09-08T08:55:00+00:00
69,2,temperature,30.6,C,2026-09-08T14:58:00+00:00
70,2,temperature,29.0,C,2026-09-08T20:18:00+00:00
71,2,temperature,40.7,C,2026-09-09T02:32:00+00:00
72,2,temperature,32.9,C,2026-09-09T08:28:00+00:00
73,3,dust,17.5,mg/m3,2026-09-06T14:34:00+00:00
74,3,dust,7.1,mg/m3,2026-09-06T21:00:00+00:00
75,3,dust,3.1,mg/m3,2026-09-07T02:26:00+00:00
76,3,dust,2.3,mg/m3,2026-09-07T08:22:00+00:00
77,3,dust,8.8,mg/m3,2026-09-07T14:19:00+00:00
78,3,dust,8.0,mg/m3,2026-09-07T20:38:00+00:00
79,3,dust,7.8,mg/m3,2026-09-08T02:55:00+00:00
80,3,dust,2.3,mg/m3,2026-09-08T08:33:00+00:00
81,3,dust,4.2,mg/m3,2026-09-08T14:53:00+00:00
82,3,dust,6.7,mg/m3,2026-09-08T20:15:00+00:00
83,3,dust,4.0,mg/m3,2026-09-09T02:43:00+00:00
84,3,dust,4.7,mg/m3,2026-09-09T08:47:00+00:00
85,3,gas,44.9,ppm,2026-09-06T14:18:00+00:00
86,3,gas,18.8,ppm,2026-09-06T20:48:00+00:00
87,3,gas,10.3,ppm,2026-09-07T02:19:00+00:00
88,3,gas,42.2,ppm,2026-09-07T08:16:00+00:00
89,3,gas,29.0,ppm,2026-09-07T14:51:00+00:00
90,3,gas,41.6,ppm,2026-09-07T20:57:00+00:00
91,3,gas,27.7,ppm,2026-09-08T02:26:00+00:00
92,3,gas,40.5,ppm,2026-09-08T08:29:00+00:00
93,3,gas,33.9,ppm,2026-09-08T14:30:00+00:00
94,3,gas,22.1,ppm,2026-09-08T20:37:00+00:00
95,3,gas,24.9,ppm,2026-09-09T02:54:00+00:00
96,3,gas,21.8,ppm,2026-09-09T08:35:00+00:00
97,3,temperature,29.8,C,2026-09-06T14:35:00+00:00
98,3,temperature,31.7,C,2026-09-06T20:25:00+00:00
99,3,temperature,22.5,C,2026-09-07T02:51:00+00:00
100,3,temperature,40.3,C,2026-09-07T08:59:00+00:00
101,3,temperature,30.4,C,2026-09-07T14:19:00+00:00
102,3,temperature,39.3,C,2026-09-07T20:34:00+00:00
103,3,temperature,31.7,C,2026-09-08T02:21:00+00:00
104,3,temperature,24.4,C,2026-09-08T08:47:00+00:00
105,3,temperature,25.0,C,2026-09-08T14:35:00+00:00
106,3,temperature,38.1,C,2026-09-08T20:22:00+00:00
107,3,temperature,30.0,C,2026-09-09T02:56:00+00:00
108,3,temperature,33.7,C,2026-09-09T08:53:00+00:00
109,4,dust,6.7,mg/m3,2026-09-06T14:26:00+00:00
110,4,dust,19.1,mg/m3,2026-09-06T20:56:00+00:00
111,4,dust,5.9,mg/m3,2026-09-07T02:27:00+00:00
112,4,dust,2.3,mg/m3,2026-09-07T08:18:00+00:00
113,4,dust,3.1,mg/m3,2026-09-07T14:20:00+00:00
114,4,dust,5.2,mg/m3,2026-09-07T20:35:00+00:00
115,4,dust,8.4,mg/m3,2026-09-08T02:40:00+00:00
116,4,dust,3.7,mg/m3,2026-09-08T08:31:00+00:00
117,4,dust,2.6,mg/m3,2026-09-08T14:37:00+00:00
118,4,dust,3.9,mg/m3,2026-09-08T20:53:00+00:00
119,4,dust,20.1,mg/m3,2026-09-09T02:41:00+00:00
120,4,dust,7.3,mg/m3,2026-09-09T08:54:00+00:00
121,4,gas,5.2,ppm,2026-09-06T14:28:00+00:00
122,4,gas,17.6,ppm,2026-09-06T20:54:00+00:00
123,4,gas,26.7,ppm,2026-09-07T02:18:00+00:00
124,4,gas,41.0,ppm,2026-09-07T08:28:00+00:00
125,4,gas,19.4,ppm,2026-09-07T14:16:00+00:00
126,4,gas,30.6,ppm,2026-09-07T20:47:00+00:00
127,4,gas,30.9,ppm,2026-09-08T02:16:00+00:00
128,4,gas,39.3,ppm,2026-09-08T08:25:00+00:00
129,4,gas,37.8,ppm,2026-09-08T14:51:00+00:00
130,4,gas,42.8,ppm,2026-09-08T20:47:00+00:00
131,4,gas,11.4,ppm,2026-09-09T02:45:00+00:00
132,4,gas,18.4,ppm,2026-09-09T08:55:00+00:00
133,4,temperature,25.8,C,2026-09-06T14:18:00+00:00
134,4,temperature,29.1,C,2026-09-06T20:47:00+00:00
135,4,temperature,22.1,C,2026-09-07T02:18:00+00:00
136,4,temperature,25.6,C,2026-09-07T08:46:00+00:00
137,4,temperature,23.4,C,2026-09-07T14:29:00+00:00
138,4,temperature,30.3,C,2026-09-07T20:23:00+00:00
139,4,temperature,31.2,C,2026-09-08T02:54:00+00:00
140,4,temperature,37.0,C,2026-09-08T08:47:00+00:00
141,4,temperature,31.1,C,2026-09-08T14:26:00+00:00
142,4,temperature,40.7,C,2026-09-08T20:50:00+00:00
143,4,temperature,28.9,C,2026-09-09T02:48:00+00:00
144,4,temperature,25.7,C,2026-09-09T08:54:00+00:00
145,5,dust,1.6,mg/m3,2026-09-06T14:31:00+00:00
146,5,dust,6.0,mg/m3,2026-09-06T20:36:00+00:00
147,5,dust,9.0,mg/m3,2026-09-07T02:22:00+00:00
148,5,dust,7.4,mg/m3,2026-09-07T08:34:00+00:00
149,5,dust,7.2,mg/m3,2026-09-07T14:58:00+00:00
150,5,dust,1.7,mg/m3,2026-09-07T20:16:00+00:00
151,5,dust,4.8,mg/m3,2026-09-08T02:54:00+00:00
152,5,dust,4.5,mg/m3,2026-09-08T08:20:00+00:00
153,5,dust,6.1,mg/m3,2026-09-08T14:59:00+00:00
154,5,dust,3.7,mg/m3,2026-09-08T20:41:00+00:00
155,5,dust,8.5,mg/m3,2026-09-09T02:48:00+00:00
156,5,dust,8.7,mg/m3,2026-09-09T08:29:00+00:00
157,5,gas,14.2,ppm,2026-09-06T14:53:00+00:00
158,5,gas,41.9,ppm,2026-09-06T20:37:00+00:00
159,5,gas,44.5,ppm,2026-09-07T02:48:00+00:00
160,5,gas,22.2,ppm,2026-09-07T08:48:00+00:00
161,5,gas,9.5,ppm,2026-09-07T14:41:00+00:00
162,5,gas,17.7,ppm,2026-09-07T20:54:00+00:00
163,5,gas,30.4,ppm,2026-09-08T02:54:00+00:00
164,5,gas,27.1,ppm,2026-09-08T08:20:00+00:00
165,5,gas,17.5,ppm,2026-09-08T14:15:00+00:00
166,5,gas,28.9,ppm,2026-09-08T20:59:00+00:00
167,5,gas,17.4,ppm,2026-09-09T02:57:00+00:00
168,5,gas,5.9,ppm,2026-09-09T08:22:00+00:00
169,5,temperature,33.9,C,2026-09-06T14:27:00+00:00
170,5,temperature,42.8,C,2026-09-06T20:27:00+00:00
171,5,temperature,23.5,C,2026-09-07T02:27:00+00:00
172,5,temperature,43.7,C,2026-09-07T08:47:00+00:00
173,5,temperature,55.6,C,2026-09-07T14:41:00+00:00
174,5,temperature,37.8,C,2026-09-07T20:26:00+00:00
175,5,temperature,42.0,C,2026-09-08T02:37:00+00:00
176,5,temperature,40.1,C,2026-09-08T08:37:00+00:00
177,5,temperature,39.4,C,2026-09-08T14:38:00+00:00
178,5,temperature,47.4,C,2026-09-08T20:28:00+00:00
179,5,temperature,24.5,C,2026-09-09T02:22:00+00:00
180,5,temperature,28.7,C,2026-09-09T09:00:00+00:00
181,6,dust,16.0,mg/m3,2026-09-06T14:55:00+00:00
182,6,dust,7.9,mg/m3,2026-09-06T20:48:00+00:00
183,6,dust,5.9,mg/m3,2026-09-07T02:48:00+00:00
184,6,dust,3.6,mg/m3,2026-09-07T08:23:00+00:00
185,6,dust,6.9,mg/m3,2026-09-07T14:30:00+00:00
186,6,dust,5.5,mg/m3,2026-09-07T20:44:00+00:00
187,6,dust,2.1,mg/m3,2026-09-08T02:18:00+00:00
188,6,dust,7.3,mg/m3,2026-09-08T08:33:00+00:00
189,6,dust,7.6,mg/m3,2026-09-08T14:57:00+00:00
190,6,dust,4.1,mg/m3,2026-09-08T20:51:00+00:00
191,6,dust,7.7,mg/m3,2026-09-09T02:42:00+00:00
192,6,dust,8.6,mg/m3,2026-09-09T08:53:00+00:00
193,6,gas,23.6,ppm,2026-09-06T14:24:00+00:00
194,6,gas,33.1,ppm,2026-09-06T20:18:00+00:00
195,6,gas,35.2,ppm,2026-09-07T02:50:00+00:00
196,6,gas,6.3,ppm,2026-09-07T08:28:00+00:00
197,6,gas,17.4,ppm,2026-09-07T14:51:00+00:00
198,6,gas,36.2,ppm,2026-09-07T20:46:00+00:00
199,6,gas,12.7,ppm,2026-09-08T02:57:00+00:00
200,6,gas,23.4,ppm,2026-09-08T08:58:00+00:00
201,6,gas,20.3,ppm,2026-09-08T14:39:00+00:00
202,6,gas,9.8,ppm,2026-09-08T20:17:00+00:00
203,6,gas,25.2,ppm,2026-09-09T02:27:00+00:00
204,6,gas,24.6,ppm,2026-09-09T08:21:00+00:00
205,6,temperature,31.0,C,2026-09-06T14:49:00+00:00
206,6,temperature,24.1,C,2026-09-06T20:16:00+00:00
207,6,temperature,25.9,C,2026-09-07T02:47:00+00:00
208,6,temperature,25.9,C,2026-09-07T08:21:00+00:00
209,6,temperature,31.2,C,2026-09-07T14:41:00+00:00
210,6,temperature,32.5,C,2026-09-07T21:00:00+00:00
211,6,temperature,33.3,C,2026-09-08T02:49:00+00:00
212,6,temperature,28.0,C,2026-09-08T08:26:00+00:00
213,6,temperature,29.9,C,2026-09-08T14:28:00+00:00
214,6,temperature,39.9,C,2026-09-08T20:21:00+00:00
215,6,temperature,40.7,C,2026-09-09T02:30:00+00:00
216,6,temperature,43.9,C,2026-09-09T08:45:00+00:00
217,7,dust,6.8,mg/m3,2026-09-06T14:48:00+00:00
218,7,dust,7.4,mg/m3,2026-09-06T20:46:00+00:00
219,7,dust,6.3,mg/m3,2026-09-07T02:28:00+00:00
220,7,dust,4.3,mg/m3,2026-09-07T08:43:00+00:00
221,7,dust,2.9,mg/m3,2026-09-07T14:45:00+00:00
222,7,dust,3.4,mg/m3,2026-09-07T20:50:00+00:00
223,7,dust,8.1,mg/m3,2026-09-08T02:33:00+00:00
224,7,dust,2.0,mg/m3,2026-09-08T08:37:00+00:00
225,7,dust,5.4,mg/m3,2026-09-08T14:48:00+00:00
226,7,dust,7.2,mg/m3,2026-09-08T20:31:00+00:00
227,7,dust,1.9,mg/m3,2026-09-09T02:59:00+00:00
228,7,dust,14.9,mg/m3,2026-09-09T08:21:00+00:00
229,7,gas,13.3,ppm,2026-09-06T14:21:00+00:00
230,7,gas,10.5,ppm,2026-09-06T20:45:00+00:00
231,7,gas,13.9,ppm,2026-09-07T02:49:00+00:00
232,7,gas,22.9,ppm,2026-09-07T08:37:00+00:00
233,7,gas,25.4,ppm,2026-09-07T14:54:00+00:00
234,7,gas,20.5,ppm,2026-09-07T20:17:00+00:00
235,7,gas,14.2,ppm,2026-09-08T02:20:00+00:00
236,7,gas,39.2,ppm,2026-09-08T08:51:00+00:00
237,7,gas,21.0,ppm,2026-09-08T14:42:00+00:00
238,7,gas,6.7,ppm,2026-09-08T20:48:00+00:00
239,7,gas,34.0,ppm,2026-09-09T02:41:00+00:00
240,7,gas,14.4,ppm,2026-09-09T08:53:00+00:00
241,7,temperature,38.2,C,2026-09-06T14:24:00+00:00
242,7,temperature,43.9,C,2026-09-06T20:26:00+00:00
243,7,temperature,31.6,C,2026-09-07T02:48:00+00:00
244,7,temperature,26.2,C,2026-09-07T08:47:00+00:00
245,7,temperature,34.2,C,2026-09-07T14:18:00+00:00
246,7,temperature,29.6,C,2026-09-07T20:36:00+00:00
247,7,temperature,29.7,C,2026-09-08T02:26:00+00:00
248,7,temperature,41.5,C,2026-09-08T08:41:00+00:00
249,7,temperature,39.5,C,2026-09-08T14:50:00+00:00
250,7,temperature,24.0,C,2026-09-08T20:52:00+00:00
251,7,temperature,27.6,C,2026-09-09T02:22:00+00:00
252,7,temperature,29.7,C,2026-09-09T08:55:00+00:00
253,8,dust,1.8,mg/m3,2026-09-06T14:57:00+00:00
254,8,dust,4.1,mg/m3,2026-09-06T20:32:00+00:00
255,8,dust,4.6,mg/m3,2026-09-07T02:36:00+00:00
256,8,dust,8.5,mg/m3,2026-09-07T08:25:00+00:00
257,8,dust,6.7,mg/m3,2026-09-07T14:47:00+00:00
258,8,dust,18.0,mg/m3,2026-09-07T20:57:00+00:00
259,8,dust,2.6,mg/m3,2026-09-08T02:38:00+00:00
260,8,dust,5.3,mg/m3,2026-09-08T08:39:00+00:00
261,8,dust,8.1,mg/m3,2026-09-08T14:25:00+00:00
262,8,dust,7.4,mg/m3,2026-09-08T20:39:00+00:00
263,8,dust,1.7,mg/m3,2026-09-09T02:50:00+00:00
264,8,dust,2.5,mg/m3,2026-09-09T08:48:00+00:00
265,8,gas,15.5,ppm,2026-09-06T14:52:00+00:00
266,8,gas,43.2,ppm,2026-09-06T20:38:00+00:00
267,8,gas,27.4,ppm,2026-09-07T02:49:00+00:00
268,8,gas,16.2,ppm,2026-09-07T08:17:00+00:00
269,8,gas,29.6,ppm,2026-09-07T14:32:00+00:00
270,8,gas,21.1,ppm,2026-09-07T20:52:00+00:00
271,8,gas,6.4,ppm,2026-09-08T02:55:00+00:00
272,8,gas,22.4,ppm,2026-09-08T08:15:00+00:00
273,8,gas,33.1,ppm,2026-09-08T14:36:00+00:00
274,8,gas,25.6,ppm,2026-09-08T20:26:00+00:00
275,8,gas,32.8,ppm,2026-09-09T02:15:00+00:00
276,8,gas,43.5,ppm,2026-09-09T08:23:00+00:00
277,8,temperature,23.7,C,2026-09-06T14:38:00+00:00
278,8,temperature,33.0,C,2026-09-06T20:27:00+00:00
279,8,temperature,30.3,C,2026-09-07T02:41:00+00:00
280,8,temperature,27.8,C,2026-09-07T08:51:00+00:00
281,8,temperature,29.2,C,2026-09-07T14:46:00+00:00
282,8,temperature,33.9,C,2026-09-07T20:29:00+00:00
283,8,temperature,23.6,C,2026-09-08T02:51:00+00:00
284,8,temperature,40.0,C,2026-09-08T08:34:00+00:00
285,8,temperature,43.5,C,2026-09-08T14:46:00+00:00
286,8,temperature,29.3,C,2026-09-08T20:46:00+00:00
287,8,temperature,33.9,C,2026-09-09T02:30:00+00:00
288,8,temperature,51.1,C,2026-09-09T08:28:00+00:00
289,9,dust,5.9,mg/m3,2026-09-06T14:45:00+00:00
290,9,dust,1.8,mg/m3,2026-09-06T20:26:00+00:00
291,9,dust,3.2,mg/m3,2026-09-07T02:27:00+00:00
292,9,dust,5.7,mg/m3,2026-09-07T08:42:00+00:00
293,9,dust,2.9,mg/m3,2026-09-07T14:55:00+00:00
294,9,dust,4.0,mg/m3,2026-09-07T21:00:00+00:00
295,9,dust,9.4,mg/m3,2026-09-08T02:31:00+00:00
296,9,dust,3.1,mg/m3,2026-09-08T08:54:00+00:00
297,9,dust,2.7,mg/m3,2026-09-08T14:29:00+00:00
298,9,dust,6.3,mg/m3,2026-09-08T20:50:00+00:00
299,9,dust,3.9,mg/m3,2026-09-09T02:26:00+00:00
300,9,dust,7.9,mg/m3,2026-09-09T08:54:00+00:00
301,9,gas,14.8,ppm,2026-09-06T14:46:00+00:00
302,9,gas,6.3,ppm,2026-09-06T20:37:00+00:00
303,9,gas,34.2,ppm,2026-09-07T02:19:00+00:00
304,9,gas,65.8,ppm,2026-09-07T08:35:00+00:00
305,9,gas,42.3,ppm,2026-09-07T14:47:00+00:00
306,9,gas,43.1,ppm,2026-09-07T20:16:00+00:00
307,9,gas,37.9,ppm,2026-09-08T02:26:00+00:00
308,9,gas,21.9,ppm,2026-09-08T08:18:00+00:00
309,9,gas,43.9,ppm,2026-09-08T14:37:00+00:00
310,9,gas,41.1,ppm,2026-09-08T20:36:00+00:00
311,9,gas,22.5,ppm,2026-09-09T02:33:00+00:00
312,9,gas,5.5,ppm,2026-09-09T08:53:00+00:00
313,9,temperature,44.0,C,2026-09-06T14:28:00+00:00
314,9,temperature,40.9,C,2026-09-06T20:19:00+00:00
315,9,temperature,37.9,C,2026-09-07T02:16:00+00:00
316,9,temperature,28.1,C,2026-09-07T08:31:00+00:00
317,9,temperature,40.7,C,2026-09-07T14:39:00+00:00
318,9,temperature,38.2,C,2026-09-07T20:26:00+00:00
319,9,temperature,26.9,C,2026-09-08T02:39:00+00:00
320,9,temperature,35.0,C,2026-09-08T08:18:00+00:00
321,9,temperature,39.2,C,2026-09-08T14:40:00+00:00
322,9,temperature,35.4,C,2026-09-08T20:58:00+00:00
323,9,temperature,31.8,C,2026-09-09T02:37:00+00:00
324,9,temperature,43.6,C,2026-09-09T08:56:00+00:00
325,10,dust,4.8,mg/m3,2026-09-06T14:16:00+00:00
326,10,dust,8.1,mg/m3,2026-09-06T20:27:00+00:00
327,10,dust,3.4,mg/m3,2026-09-07T02:17:00+00:00
328,10,dust,8.4,mg/m3,2026-09-07T08:28:00+00:00
329,10,dust,4.0,mg/m3,2026-09-07T14:48:00+00:00
330,10,dust,1.7,mg/m3,2026-09-07T20:24:00+00:00
331,10,dust,5.3,mg/m3,2026-09-08T02:15:00+00:00
332,10,dust,2.3,mg/m3,2026-09-08T08:24:00+00:00
333,10,dust,7.1,mg/m3,2026-09-08T14:55:00+00:00
334,10,dust,7.3,mg/m3,2026-09-08T21:00:00+00:00
335,10,dust,5.7,mg/m3,2026-09-09T02:54:00+00:00
336,10,dust,6.2,mg/m3,2026-09-09T08:31:00+00:00
337,10,gas,36.6,ppm,2026-09-06T14:52:00+00:00
338,10,gas,29.4,ppm,2026-09-06T20:18:00+00:00
339,10,gas,25.8,ppm,2026-09-07T02:16:00+00:00
340,10,gas,28.3,ppm,2026-09-07T08:53:00+00:00
341,10,gas,24.3,ppm,2026-09-07T14:21:00+00:00
342,10,gas,10.9,ppm,2026-09-07T20:17:00+00:00
343,10,gas,16.1,ppm,2026-09-08T02:54:00+00:00
344,10,gas,22.2,ppm,2026-09-08T08:20:00+00:00
345,10,gas,88.0,ppm,2026-09-08T14:27:00+00:00
346,10,gas,27.3,ppm,2026-09-08T20:21:00+00:00
347,10,gas,34.2,ppm,2026-09-09T02:53:00+00:00
348,10,gas,23.8,ppm,2026-09-09T08:56:00+00:00
349,10,temperature,31.0,C,2026-09-06T14:55:00+00:00
350,10,temperature,43.1,C,2026-09-06T20:17:00+00:00
351,10,temperature,39.5,C,2026-09-07T02:54:00+00:00
352,10,temperature,51.4,C,2026-09-07T08:50:00+00:00
353,10,temperature,55.2,C,2026-09-07T14:24:00+00:00
354,10,temperature,42.9,C,2026-09-07T20:22:00+00:00
355,10,temperature,36.8,C,2026-09-08T02:25:00+00:00
356,10,temperature,30.7,C,2026-09-08T08:17:00+00:00
357,10,temperature,33.6,C,2026-09-08T14:55:00+00:00
358,10,temperature,40.3,C,2026-09-08T20:43:00+00:00
359,10,temperature,30.3,C,2026-09-09T02:57:00+00:00
360,10,temperature,36.6,C,2026-09-09T08:35:00+00:00
361,11,dust,9.2,mg/m3,2026-09-06T14:21:00+00:00
362,11,dust,7.9,mg/m3,2026-09-06T20:21:00+00:00
363,11,dust,2.1,mg/m3,2026-09-07T02:15:00+00:00
364,11,dust,20.8,mg/m3,2026-09-07T08:35:00+00:00
365,11,dust,8.8,mg/m3,2026-09-07T14:29:00+00:00
366,11,dust,4.8,mg/m3,2026-09-07T20:45:00+00:00
367,11,dust,3.7,mg/m3,2026-09-08T02:23:00+00:00
368,11,dust,3.6,mg/m3,2026-09-08T08:19:00+00:00
369,11,dust,1.7,mg/m3,2026-09-08T14:20:00+00:00
370,11,dust,8.3,mg/m3,2026-09-08T20:27:00+00:00
371,11,dust,1.7,mg/m3,2026-09-09T02:46:00+00:00
372,11,dust,3.0,mg/m3,2026-09-09T08:52:00+00:00
373,11,gas,36.7,ppm,2026-09-06T14:50:00+00:00
374,11,gas,19.2,ppm,2026-09-06T20:40:00+00:00
375,11,gas,37.8,ppm,2026-09-07T02:21:00+00:00
376,11,gas,33.2,ppm,2026-09-07T08:34:00+00:00
377,11,gas,22.8,ppm,2026-09-07T14:22:00+00:00
378,11,gas,38.6,ppm,2026-09-07T20:26:00+00:00
379,11,gas,25.5,ppm,2026-09-08T02:28:00+00:00
380,11,gas,19.7,ppm,2026-09-08T08:19:00+00:00
381,11,gas,18.1,ppm,2026-09-08T14:24:00+00:00
382,11,gas,27.3,ppm,2026-09-08T20:45:00+00:00
383,11,gas,19.3,ppm,2026-09-09T02:20:00+00:00
384,11,gas,25.7,ppm,2026-09-09T08:15:00+00:00
385,11,temperature,27.6,C,2026-09-06T14:58:00+00:00
386,11,temperature,34.4,C,2026-09-06T20:52:00+00:00
387,11,temperature,41.0,C,2026-09-07T02:50:00+00:00
388,11,temperature,26.6,C,2026-09-07T08:35:00+00:00
389,11,temperature,29.3,C,2026-09-07T14:37:00+00:00
390,11,temperature,24.9,C,2026-09-07T20:23:00+00:00
391,11,temperature,28.7,C,2026-09-08T02:24:00+00:00
392,11,temperature,22.1,C,2026-09-08T08:29:00+00:00
393,11,temperature,33.5,C,2026-09-08T14:49:00+00:00
394,11,temperature,27.6,C,2026-09-08T20:27:00+00:00
395,11,temperature,22.3,C,2026-09-09T02:28:00+00:00
396,11,temperature,40.9,C,2026-09-09T08:48:00+00:00
397,12,dust,6.9,mg/m3,2026-09-06T15:00:00+00:00
398,12,dust,5.1,mg/m3,2026-09-06T20:35:00+00:00
399,12,dust,5.6,mg/m3,2026-09-07T02:34:00+00:00
400,12,dust,7.6,mg/m3,2026-09-07T08:53:00+00:00
401,12,dust,18.8,mg/m3,2026-09-07T14:34:00+00:00
402,12,dust,3.0,mg/m3,2026-09-07T20:30:00+00:00
403,12,dust,4.5,mg/m3,2026-09-08T02:36:00+00:00
404,12,dust,2.5,mg/m3,2026-09-08T08:43:00+00:00
405,12,dust,2.6,mg/m3,2026-09-08T14:18:00+00:00
406,12,dust,5.2,mg/m3,2026-09-08T20:39:00+00:00
407,12,dust,10.7,mg/m3,2026-09-09T02:37:00+00:00
408,12,dust,5.8,mg/m3,2026-09-09T08:34:00+00:00
409,12,gas,6.0,ppm,2026-09-06T14:50:00+00:00
410,12,gas,31.8,ppm,2026-09-06T20:31:00+00:00
411,12,gas,38.1,ppm,2026-09-07T02:15:00+00:00
412,12,gas,8.9,ppm,2026-09-07T08:57:00+00:00
413,12,gas,26.0,ppm,2026-09-07T14:47:00+00:00
414,12,gas,26.3,ppm,2026-09-07T20:35:00+00:00
415,12,gas,38.0,ppm,2026-09-08T02:22:00+00:00
416,12,gas,33.3,ppm,2026-09-08T08:53:00+00:00
417,12,gas,27.5,ppm,2026-09-08T14:43:00+00:00
418,12,gas,26.0,ppm,2026-09-08T20:38:00+00:00
419,12,gas,9.3,ppm,2026-09-09T02:38:00+00:00
420,12,gas,31.6,ppm,2026-09-09T08:30:00+00:00
421,12,temperature,32.3,C,2026-09-06T14:46:00+00:00
422,12,temperature,54.5,C,2026-09-06T20:38:00+00:00
423,12,temperature,26.8,C,2026-09-07T02:30:00+00:00
424,12,temperature,33.6,C,2026-09-07T08:27:00+00:00
425,12,temperature,24.1,C,2026-09-07T14:37:00+00:00
426,12,temperature,43.0,C,2026-09-07T20:25:00+00:00
427,12,temperature,35.1,C,2026-09-08T02:23:00+00:00
428,12,temperature,26.2,C,2026-09-08T08:19:00+00:00
429,12,temperature,37.7,C,2026-09-08T14:26:00+00:00
430,12,temperature,38.1,C,2026-09-08T20:19:00+00:00
431,12,temperature,40.3,C,2026-09-09T02:32:00+00:00
432,12,temperature,26.3,C,2026-09-09T08:35:00+00:00
433,13,dust,3.9,mg/m3,2026-09-06T14:40:00+00:00
434,13,dust,13.7,mg/m3,2026-09-06T20:49:00+00:00
435,13,dust,3.3,mg/m3,2026-09-07T02:29:00+00:00
436,13,dust,3.3,mg/m3,2026-09-07T08:40:00+00:00
437,13,dust,7.4,mg/m3,2026-09-07T14:57:00+00:00
438,13,dust,6.4,mg/m3,2026-09-07T21:00:00+00:00
439,13,dust,7.9,mg/m3,2026-09-08T02:23:00+00:00
440,13,dust,4.6,mg/m3,2026-09-08T08:23:00+00:00
441,13,dust,7.8,mg/m3,2026-09-08T14:28:00+00:00
442,13,dust,6.5,mg/m3,2026-09-08T20:36:00+00:00
443,13,dust,5.6,mg/m3,2026-09-09T02:38:00+00:00
444,13,dust,5.8,mg/m3,2026-09-09T08:21:00+00:00
445,13,gas,24.6,ppm,2026-09-06T15:00:00+00:00
446,13,gas,9.7,ppm,2026-09-06T20:37:00+00:00
447,13,gas,39.1,ppm,2026-09-07T02:35:00+00:00
448,13,gas,43.9,ppm,2026-09-07T08:22:00+00:00
449,13,gas,35.3,ppm,2026-09-07T14:44:00+00:00
450,13,gas,9.8,ppm,2026-09-07T20:52:00+00:00
451,13,gas,8.2,ppm,2026-09-08T02:24:00+00:00
452,13,gas,36.8,ppm,2026-09-08T08:42:00+00:00
453,13,gas,10.6,ppm,2026-09-08T14:29:00+00:00
454,13,gas,14.3,ppm,2026-09-08T20:37:00+00:00
455,13,gas,8.7,ppm,2026-09-09T02:53:00+00:00
456,13,gas,41.7,ppm,2026-09-09T08:30:00+00:00
457,13,temperature,26.2,C,2026-09-06T14:55:00+00:00
458,13,temperature,36.6,C,2026-09-06T20:38:00+00:00
459,13,temperature,34.9,C,2026-09-07T02:16:00+00:00
460,13,temperature,27.5,C,2026-09-07T08:16:00+00:00
461,13,temperature,24.2,C,2026-09-07T14:29:00+00:00
462,13,temperature,38.5,C,2026-09-07T20:40:00+00:00
463,13,temperature,31.2,C,2026-09-08T02:56:00+00:00
464,13,temperature,34.4,C,2026-09-08T08:51:00+00:00
465,13,temperature,38.4,C,2026-09-08T14:47:00+00:00
466,13,temperature,34.8,C,2026-09-08T20:28:00+00:00
467,13,temperature,25.1,C,2026-09-09T02:18:00+00:00
468,13,temperature,36.2,C,2026-09-09T09:00:00+00:00
469,14,dust,6.1,mg/m3,2026-09-06T14:25:00+00:00
470,14,dust,8.6,mg/m3,2026-09-06T20:28:00+00:00
471,14,dust,1.9,mg/m3,2026-09-07T02:39:00+00:00
472,14,dust,8.4,mg/m3,2026-09-07T08:50:00+00:00
473,14,dust,6.7,mg/m3,2026-09-07T14:19:00+00:00
474,14,dust,7.8,mg/m3,2026-09-07T20:55:00+00:00
475,14,dust,4.4,mg/m3,2026-09-08T02:16:00+00:00
476,14,dust,4.2,mg/m3,2026-09-08T08:58:00+00:00
477,14,dust,6.1,mg/m3,2026-09-08T14:21:00+00:00
478,14,dust,7.7,mg/m3,2026-09-08T20:42:00+00:00
479,14,dust,7.4,mg/m3,2026-09-09T02:49:00+00:00
480,14,dust,8.7,mg/m3,2026-09-09T08:24:00+00:00
481,14,gas,31.3,ppm,2026-09-06T14:15:00+00:00
482,14,gas,21.7,ppm,2026-09-06T20:56:00+00:00
483,14,gas,36.7,ppm,2026-09-07T02:39:00+00:00
484,14,gas,45.0,ppm,2026-09-07T08:20:00+00:00
485,14,gas,11.8,ppm,2026-09-07T14:32:00+00:00
486,14,gas,22.3,ppm,2026-09-07T20:26:00+00:00
487,14,gas,74.8,ppm,2026-09-08T02:54:00+00:00
488,14,gas,40.6,ppm,2026-09-08T08:55:00+00:00
489,14,gas,29.1,ppm,2026-09-08T14:55:00+00:00
490,14,gas,23.5,ppm,2026-09-08T20:39:00+00:00
491,14,gas,23.6,ppm,2026-09-09T02:57:00+00:00
492,14,gas,20.5,ppm,2026-09-09T08:16:00+00:00
493,14,temperature,22.1,C,2026-09-06T14:15:00+00:00
494,14,temperature,42.7,C,2026-09-06T20:29:00+00:00
495,14,temperature,39.9,C,2026-09-07T02:29:00+00:00
496,14,temperature,28.8,C,2026-09-07T08:54:00+00:00
497,14,temperature,28.0,C,2026-09-07T14:59:00+00:00
498,14,temperature,34.7,C,2026-09-07T20:17:00+00:00
499,14,temperature,26.6,C,2026-09-08T02:45:00+00:00
500,14,temperature,27.6,C,2026-09-08T08:57:00+00:00
501,14,temperature,34.9,C,2026-09-08T14:39:00+00:00
502,14,temperature,22.8,C,2026-09-08T20:57:00+00:00
503,14,temperature,37.2,C,2026-09-09T02:34:00+00:00
504,14,temperature,35.9,C,2026-09-09T09:00:00+00:00
505,15,dust,5.8,mg/m3,2026-09-06T14:18:00+00:00
506,15,dust,4.1,mg/m3,2026-09-06T20:20:00+00:00
507,15,dust,4.6,mg/m3,2026-09-07T02:37:00+00:00
508,15,dust,4.8,mg/m3,2026-09-07T08:23:00+00:00
509,15,dust,8.4,mg/m3,2026-09-07T14:21:00+00:00
510,15,dust,7.6,mg/m3,2026-09-07T20:26:00+00:00
511,15,dust,1.9,mg/m3,2026-09-08T02:16:00+00:00
512,15,dust,8.4,mg/m3,2026-09-08T08:50:00+00:00
513,15,dust,7.1,mg/m3,2026-09-08T14:57:00+00:00
514,15,dust,4.1,mg/m3,2026-09-08T20:50:00+00:00
515,15,dust,4.8,mg/m3,2026-09-09T02:47:00+00:00
516,15,dust,19.5,mg/m3,2026-09-09T08:24:00+00:00
517,15,gas,12.5,ppm,2026-09-06T14:25:00+00:00
518,15,gas,31.8,ppm,2026-09-06T20:44:00+00:00
519,15,gas,41.3,ppm,2026-09-07T02:22:00+00:00
520,15,gas,12.3,ppm,2026-09-07T08:33:00+00:00
521,15,gas,23.0,ppm,2026-09-07T14:18:00+00:00
522,15,gas,13.0,ppm,2026-09-07T20:17:00+00:00
523,15,gas,29.1,ppm,2026-09-08T02:57:00+00:00
524,15,gas,6.6,ppm,2026-09-08T08:54:00+00:00
525,15,gas,20.2,ppm,2026-09-08T14:35:00+00:00
526,15,gas,24.4,ppm,2026-09-08T20:16:00+00:00
527,15,gas,22.3,ppm,2026-09-09T02:25:00+00:00
528,15,gas,12.7,ppm,2026-09-09T08:57:00+00:00
529,15,temperature,25.3,C,2026-09-06T14:28:00+00:00
530,15,temperature,25.3,C,2026-09-06T20:26:00+00:00
531,15,temperature,36.0,C,2026-09-07T02:18:00+00:00
532,15,temperature,32.0,C,2026-09-07T08:49:00+00:00
533,15,temperature,26.0,C,2026-09-07T14:26:00+00:00
534,15,temperature,33.5,C,2026-09-07T20:26:00+00:00
535,15,temperature,31.9,C,2026-09-08T02:21:00+00:00
536,15,temperature,29.9,C,2026-09-08T08:22:00+00:00
537,15,temperature,35.3,C,2026-09-08T14:41:00+00:00
538,15,temperature,42.2,C,2026-09-08T20:55:00+00:00
539,15,temperature,34.6,C,2026-09-09T02:22:00+00:00
540,15,temperature,32.0,C,2026-09-09T08:49:00+00:00
541,16,dust,2.2,mg/m3,2026-09-06T14:34:00+00:00
542,16,dust,8.8,mg/m3,2026-09-06T20:45:00+00:00
543,16,dust,2.1,mg/m3,2026-09-07T02:56:00+00:00
544,16,dust,7.6,mg/m3,2026-09-07T08:55:00+00:00
545,16,dust,2.4,mg/m3,2026-09-07T14:35:00+00:00
546,16,dust,6.2,mg/m3,2026-09-07T20:45:00+00:00
547,16,dust,8.5,mg/m3,2026-09-08T02:27:00+00:00
548,16,dust,4.7,mg/m3,2026-09-08T08:38:00+00:00
549,16,dust,4.0,mg/m3,2026-09-08T14:59:00+00:00
550,16,dust,1.7,mg/m3,2026-09-08T20:51:00+00:00
551,16,dust,2.2,mg/m3,2026-09-09T02:39:00+00:00
552,16,dust,2.3,mg/m3,2026-09-09T08:32:00+00:00
553,16,gas,18.0,ppm,2026-09-06T14:45:00+00:00
554,16,gas,42.1,ppm,2026-09-06T20:15:00+00:00
555,16,gas,12.1,ppm,2026-09-07T02:58:00+00:00
556,16,gas,37.4,ppm,2026-09-07T08:28:00+00:00
557,16,gas,12.8,ppm,2026-09-07T14:27:00+00:00
558,16,gas,9.5,ppm,2026-09-07T20:28:00+00:00
559,16,gas,6.1,ppm,2026-09-08T02:55:00+00:00
560,16,gas,29.3,ppm,2026-09-08T08:32:00+00:00
561,16,gas,15.2,ppm,2026-09-08T14:53:00+00:00
562,16,gas,34.6,ppm,2026-09-08T20:35:00+00:00
563,16,gas,12.8,ppm,2026-09-09T02:18:00+00:00
564,16,gas,40.5,ppm,2026-09-09T08:33:00+00:00
565,16,temperature,36.4,C,2026-09-06T14:27:00+00:00
566,16,temperature,31.9,C,2026-09-06T20:28:00+00:00
567,16,temperature,30.6,C,2026-09-07T02:33:00+00:00
568,16,temperature,36.8,C,2026-09-07T08:18:00+00:00
569,16,temperature,27.0,C,2026-09-07T15:00:00+00:00
570,16,temperature,29.3,C,2026-09-07T20:24:00+00:00
571,16,temperature,48.0,C,2026-09-08T02:33:00+00:00
572,16,temperature,36.9,C,2026-09-08T08:32:00+00:00
573,16,temperature,35.0,C,2026-09-08T14:43:00+00:00
574,16,temperature,34.2,C,2026-09-08T20:56:00+00:00
575,16,temperature,32.6,C,2026-09-09T02:59:00+00:00
576,16,temperature,33.6,C,2026-09-09T08:57:00+00:00
577,17,dust,3.3,mg/m3,2026-09-06T14:17:00+00:00
578,17,dust,5.3,mg/m3,2026-09-06T20:45:00+00:00
579,17,dust,2.7,mg/m3,2026-09-07T02:56:00+00:00
580,17,dust,14.2,mg/m3,2026-09-07T08:52:00+00:00
581,17,dust,6.7,mg/m3,2026-09-07T14:23:00+00:00
582,17,dust,4.8,mg/m3,2026-09-07T20:34:00+00:00
583,17,dust,5.3,mg/m3,2026-09-08T02:50:00+00:00
584,17,dust,3.2,mg/m3,2026-09-08T08:24:00+00:00
585,17,dust,1.6,mg/m3,2026-09-08T14:17:00+00:00
586,17,dust,4.9,mg/m3,2026-09-08T20:26:00+00:00
587,17,dust,4.5,mg/m3,2026-09-09T02:28:00+00:00
588,17,dust,4.5,mg/m3,2026-09-09T08:30:00+00:00
589,17,gas,43.8,ppm,2026-09-06T14:34:00+00:00
590,17,gas,5.5,ppm,2026-09-06T20:33:00+00:00
591,17,gas,12.8,ppm,2026-09-07T02:33:00+00:00
592,17,gas,31.7,ppm,2026-09-07T08:54:00+00:00
593,17,gas,39.5,ppm,2026-09-07T14:16:00+00:00
594,17,gas,16.7,ppm,2026-09-07T20:50:00+00:00
595,17,gas,6.0,ppm,2026-09-08T02:57:00+00:00
596,17,gas,23.6,ppm,2026-09-08T08:56:00+00:00
597,17,gas,12.4,ppm,2026-09-08T14:24:00+00:00
598,17,gas,36.9,ppm,2026-09-08T20:40:00+00:00
599,17,gas,36.0,ppm,2026-09-09T02:28:00+00:00
600,17,gas,35.3,ppm,2026-09-09T08:47:00+00:00
601,17,temperature,29.2,C,2026-09-06T14:39:00+00:00
602,17,temperature,39.7,C,2026-09-06T20:50:00+00:00
603,17,temperature,29.3,C,2026-09-07T02:27:00+00:00
604,17,temperature,57.0,C,2026-09-07T08:31:00+00:00
605,17,temperature,25.6,C,2026-09-07T14:22:00+00:00
606,17,temperature,38.0,C,2026-09-07T20:33:00+00:00
607,17,temperature,40.8,C,2026-09-08T02:20:00+00:00
608,17,temperature,37.7,C,2026-09-08T08:34:00+00:00
609,17,temperature,26.5,C,2026-09-08T15:00:00+00:00
610,17,temperature,41.3,C,2026-09-08T20:57:00+00:00
611,17,temperature,32.3,C,2026-09-09T02:46:00+00:00
612,17,temperature,23.1,C,2026-09-09T08:53:00+00:00
613,18,dust,5.4,mg/m3,2026-09-06T15:00:00+00:00
614,18,dust,2.2,mg/m3,2026-09-06T20:18:00+00:00
615,18,dust,3.4,mg/m3,2026-09-07T02:17:00+00:00
616,18,dust,1.8,mg/m3,2026-09-07T08:53:00+00:00
617,18,dust,7.7,mg/m3,2026-09-07T14:29:00+00:00
618,18,dust,1.7,mg/m3,2026-09-07T20:56:00+00:00
619,18,dust,4.0,mg/m3,2026-09-08T03:00:00+00:00
620,18,dust,7.1,mg/m3,2026-09-08T08:30:00+00:00
621,18,dust,3.0,mg/m3,2026-09-08T14:49:00+00:00
622,18,dust,8.1,mg/m3,2026-09-08T20:44:00+00:00
623,18,dust,1.5,mg/m3,2026-09-09T02:42:00+00:00
624,18,dust,8.6,mg/m3,2026-09-09T08:40:00+00:00
625,18,gas,39.2,ppm,2026-09-06T14:39:00+00:00
626,18,gas,6.5,ppm,2026-09-06T20:30:00+00:00
627,18,gas,53.5,ppm,2026-09-07T02:36:00+00:00
628,18,gas,42.3,ppm,2026-09-07T08:49:00+00:00
629,18,gas,7.8,ppm,2026-09-07T14:53:00+00:00
630,18,gas,20.4,ppm,2026-09-07T20:44:00+00:00
631,18,gas,38.3,ppm,2026-09-08T02:49:00+00:00
632,18,gas,30.0,ppm,2026-09-08T08:29:00+00:00
633,18,gas,12.7,ppm,2026-09-08T14:38:00+00:00
634,18,gas,32.6,ppm,2026-09-08T20:29:00+00:00
635,18,gas,16.8,ppm,2026-09-09T02:50:00+00:00
636,18,gas,7.0,ppm,2026-09-09T08:45:00+00:00
637,18,temperature,30.4,C,2026-09-06T14:45:00+00:00
638,18,temperature,23.7,C,2026-09-06T20:19:00+00:00
639,18,temperature,25.1,C,2026-09-07T02:51:00+00:00
640,18,temperature,43.6,C,2026-09-07T08:19:00+00:00
641,18,temperature,41.8,C,2026-09-07T14:53:00+00:00
642,18,temperature,28.6,C,2026-09-07T20:59:00+00:00
643,18,temperature,31.9,C,2026-09-08T02:54:00+00:00
644,18,temperature,26.3,C,2026-09-08T08:41:00+00:00
645,18,temperature,43.2,C,2026-09-08T14:27:00+00:00
646,18,temperature,42.0,C,2026-09-08T20:50:00+00:00
647,18,temperature,44.0,C,2026-09-09T02:42:00+00:00
648,18,temperature,32.5,C,2026-09-09T08:41:00+00:00
649,19,dust,1.6,mg/m3,2026-09-06T14:53:00+00:00
650,19,dust,6.0,mg/m3,2026-09-06T20:42:00+00:00
651,19,dust,20.6,mg/m3,2026-09-07T02:16:00+00:00
652,19,dust,4.2,mg/m3,2026-09-07T08:34:00+00:00
653,19,dust,6.6,mg/m3,2026-09-07T14:53:00+00:00
654,19,dust,5.8,mg/m3,2026-09-07T20:38:00+00:00
655,19,dust,4.6,mg/m3,2026-09-08T02:27:00+00:00
656,19,dust,4.8,mg/m3,2026-09-08T08:32:00+00:00
657,19,dust,6.4,mg/m3,2026-09-08T14:55:00+00:00
658,19,dust,1.9,mg/m3,2026-09-08T20:38:00+00:00
659,19,dust,8.2,mg/m3,2026-09-09T02:45:00+00:00
660,19,dust,2.2,mg/m3,2026-09-09T08:44:00+00:00
661,19,gas,36.0,ppm,2026-09-06T14:15:00+00:00
662,19,gas,38.5,ppm,2026-09-06T20:30:00+00:00
663,19,gas,27.7,ppm,2026-09-07T02:58:00+00:00
664,19,gas,39.9,ppm,2026-09-07T08:29:00+00:00
665,19,gas,28.9,ppm,2026-09-07T15:00:00+00:00
666,19,gas,18.8,ppm,2026-09-07T20:54:00+00:00
667,19,gas,25.4,ppm,2026-09-08T02:15:00+00:00
668,19,gas,24.5,ppm,2026-09-08T08:16:00+00:00
669,19,gas,26.4,ppm,2026-09-08T14:18:00+00:00
670,19,gas,26.5,ppm,2026-09-08T20:42:00+00:00
671,19,gas,34.5,ppm,2026-09-09T02:16:00+00:00
672,19,gas,11.5,ppm,2026-09-09T08:30:00+00:00
673,19,temperature,30.9,C,2026-09-06T14:46:00+00:00
674,19,temperature,41.2,C,2026-09-06T20:25:00+00:00
675,19,temperature,34.2,C,2026-09-07T02:17:00+00:00
676,19,temperature,39.2,C,2026-09-07T08:19:00+00:00
677,19,temperature,27.9,C,2026-09-07T14:31:00+00:00
678,19,temperature,24.0,C,2026-09-07T20:27:00+00:00
679,19,temperature,43.6,C,2026-09-08T02:45:00+00:00
680,19,temperature,32.1,C,2026-09-08T08:41:00+00:00
681,19,temperature,40.6,C,2026-09-08T14:42:00+00:00
682,19,temperature,26.7,C,2026-09-08T20:34:00+00:00
683,19,temperature,39.6,C,2026-09-09T03:00:00+00:00
684,19,temperature,32.3,C,2026-09-09T08:42:00+00:00
685,20,dust,6.9,mg/m3,2026-09-06T14:51:00+00:00
686,20,dust,15.7,mg/m3,2026-09-06T20:31:00+00:00
687,20,dust,2.2,mg/m3,2026-09-07T02:24:00+00:00
688,20,dust,6.5,mg/m3,2026-09-07T08:46:00+00:00
689,20,dust,4.7,mg/m3,2026-09-07T14:55:00+00:00
690,20,dust,7.5,mg/m3,2026-09-07T20:39:00+00:00
691,20,dust,5.8,mg/m3,2026-09-08T02:47:00+00:00
692,20,dust,3.5,mg/m3,2026-09-08T08:21:00+00:00
693,20,dust,6.7,mg/m3,2026-09-08T15:00:00+00:00
694,20,dust,8.7,mg/m3,2026-09-08T20:19:00+00:00
695,20,dust,7.7,mg/m3,2026-09-09T02:36:00+00:00
696,20,dust,1.9,mg/m3,2026-09-09T08:35:00+00:00
697,20,gas,28.0,ppm,2026-09-06T14:30:00+00:00
698,20,gas,21.1,ppm,2026-09-06T20:51:00+00:00
699,20,gas,41.5,ppm,2026-09-07T02:21:00+00:00
700,20,gas,24.9,ppm,2026-09-07T08:46:00+00:00
701,20,gas,16.0,ppm,2026-09-07T14:59:00+00:00
702,20,gas,7.6,ppm,2026-09-07T20:28:00+00:00
703,20,gas,42.7,ppm,2026-09-08T02:58:00+00:00
704,20,gas,38.2,ppm,2026-09-08T08:34:00+00:00
705,20,gas,18.2,ppm,2026-09-08T14:34:00+00:00
706,20,gas,10.9,ppm,2026-09-08T20:31:00+00:00
707,20,gas,30.3,ppm,2026-09-09T02:47:00+00:00
708,20,gas,5.3,ppm,2026-09-09T08:49:00+00:00
709,20,temperature,40.9,C,2026-09-06T14:15:00+00:00
710,20,temperature,32.4,C,2026-09-06T20:48:00+00:00
711,20,temperature,36.4,C,2026-09-07T02:47:00+00:00
712,20,temperature,30.0,C,2026-09-07T08:40:00+00:00
713,20,temperature,34.0,C,2026-09-07T14:54:00+00:00
714,20,temperature,33.9,C,2026-09-07T20:35:00+00:00
715,20,temperature,22.1,C,2026-09-08T02:31:00+00:00
716,20,temperature,40.9,C,2026-09-08T08:48:00+00:00
717,20,temperature,33.6,C,2026-09-08T15:00:00+00:00
718,20,temperature,38.6,C,2026-09-08T20:26:00+00:00
719,20,temperature,30.3,C,2026-09-09T02:17:00+00:00
720,20,temperature,35.5,C,2026-09-09T08:29:00+00:00
721,21,dust,8.5,mg/m3,2026-09-06T14:32:00+00:00
722,21,dust,3.9,mg/m3,2026-09-06T20:50:00+00:00
723,21,dust,9.2,mg/m3,2026-09-07T02:43:00+00:00
724,21,dust,8.2,mg/m3,2026-09-07T08:32:00+00:00
725,21,dust,4.7,mg/m3,2026-09-07T14:23:00+00:00
726,21,dust,5.3,mg/m3,2026-09-07T20:40:00+00:00
727,21,dust,3.5,mg/m3,2026-09-08T02:47:00+00:00
728,21,dust,7.2,mg/m3,2026-09-08T08:35:00+00:00
729,21,dust,1.6,mg/m3,2026-09-08T14:58:00+00:00
730,21,dust,5.5,mg/m3,2026-09-08T20:18:00+00:00
731,21,dust,5.4,mg/m3,2026-09-09T02:24:00+00:00
732,21,dust,6.4,mg/m3,2026-09-09T08:42:00+00:00
733,21,gas,18.8,ppm,2026-09-06T14:15:00+00:00
734,21,gas,13.2,ppm,2026-09-06T20:28:00+00:00
735,21,gas,12.7,ppm,2026-09-07T02:53:00+00:00
736,21,gas,12.3,ppm,2026-09-07T08:17:00+00:00
737,21,gas,17.1,ppm,2026-09-07T14:51:00+00:00
738,21,gas,35.8,ppm,2026-09-07T20:54:00+00:00
739,21,gas,43.0,ppm,2026-09-08T02:32:00+00:00
740,21,gas,16.3,ppm,2026-09-08T08:47:00+00:00
741,21,gas,38.9,ppm,2026-09-08T14:44:00+00:00
742,21,gas,17.9,ppm,2026-09-08T20:57:00+00:00
743,21,gas,14.9,ppm,2026-09-09T02:57:00+00:00
744,21,gas,21.0,ppm,2026-09-09T08:17:00+00:00
745,21,temperature,38.4,C,2026-09-06T14:57:00+00:00
746,21,temperature,43.7,C,2026-09-06T20:49:00+00:00
747,21,temperature,43.0,C,2026-09-07T02:48:00+00:00
748,21,temperature,38.0,C,2026-09-07T08:41:00+00:00
749,21,temperature,27.6,C,2026-09-07T14:22:00+00:00
750,21,temperature,33.5,C,2026-09-07T20:45:00+00:00
751,21,temperature,35.2,C,2026-09-08T02:16:00+00:00
752,21,temperature,23.3,C,2026-09-08T08:46:00+00:00
753,21,temperature,33.5,C,2026-09-08T14:42:00+00:00
754,21,temperature,26.6,C,2026-09-08T20:43:00+00:00
755,21,temperature,34.7,C,2026-09-09T02:35:00+00:00
756,21,temperature,37.8,C,2026-09-09T08:41:00+00:00
757,22,dust,4.9,mg/m3,2026-09-06T14:57:00+00:00
758,22,dust,4.1,mg/m3,2026-09-06T20:29:00+00:00
759,22,dust,3.6,mg/m3,2026-09-07T02:30:00+00:00
760,22,dust,4.2,mg/m3,2026-09-07T08:31:00+00:00
761,22,dust,7.2,mg/m3,2026-09-07T14:24:00+00:00
762,22,dust,8.8,mg/m3,2026-09-07T20:24:00+00:00
763,22,dust,6.9,mg/m3,2026-09-08T02:48:00+00:00
764,22,dust,6.8,mg/m3,2026-09-08T08:30:00+00:00
765,22,dust,4.5,mg/m3,2026-09-08T14:26:00+00:00
766,22,dust,6.1,mg/m3,2026-09-08T20:23:00+00:00
767,22,dust,3.6,mg/m3,2026-09-09T02:15:00+00:00
768,22,dust,4.4,mg/m3,2026-09-09T08:27:00+00:00
769,22,gas,22.7,ppm,2026-09-06T14:28:00+00:00
770,22,gas,30.0,ppm,2026-09-06T20:41:00+00:00
771,22,gas,16.6,ppm,2026-09-07T02:26:00+00:00
772,22,gas,7.3,ppm,2026-09-07T08:58:00+00:00
773,22,gas,20.3,ppm,2026-09-07T15:00:00+00:00
774,22,gas,23.4,ppm,2026-09-07T20:56:00+00:00
775,22,gas,30.5,ppm,2026-09-08T02:58:00+00:00
776,22,gas,34.4,ppm,2026-09-08T08:58:00+00:00
777,22,gas,43.7,ppm,2026-09-08T14:34:00+00:00
778,22,gas,29.8,ppm,2026-09-08T20:40:00+00:00
779,22,gas,22.3,ppm,2026-09-09T02:26:00+00:00
780,22,gas,35.1,ppm,2026-09-09T08:21:00+00:00
781,22,temperature,34.2,C,2026-09-06T14:25:00+00:00
782,22,temperature,32.6,C,2026-09-06T20:19:00+00:00
783,22,temperature,39.7,C,2026-09-07T02:59:00+00:00
784,22,temperature,30.0,C,2026-09-07T08:58:00+00:00
785,22,temperature,36.8,C,2026-09-07T14:49:00+00:00
786,22,temperature,41.1,C,2026-09-07T20:55:00+00:00
787,22,temperature,30.4,C,2026-09-08T02:46:00+00:00
788,22,temperature,22.0,C,2026-09-08T08:41:00+00:00
789,22,temperature,28.4,C,2026-09-08T14:59:00+00:00
790,22,temperature,32.3,C,2026-09-08T20:36:00+00:00
791,22,temperature,56.5,C,2026-09-09T02:33:00+00:00
792,22,temperature,35.9,C,2026-09-09T08:36:00+00:00
793,23,dust,3.3,mg/m3,2026-09-06T14:57:00+00:00
794,23,dust,4.9,mg/m3,2026-09-06T20:25:00+00:00
795,23,dust,6.6,mg/m3,2026-09-07T02:35:00+00:00
796,23,dust,2.7,mg/m3,2026-09-07T08:55:00+00:00
797,23,dust,2.5,mg/m3,2026-09-07T14:42:00+00:00
798,23,dust,2.6,mg/m3,2026-09-07T20:33:00+00:00
799,23,dust,3.4,mg/m3,2026-09-08T02:15:00+00:00
800,23,dust,7.7,mg/m3,2026-09-08T08:39:00+00:00
801,23,dust,2.5,mg/m3,2026-09-08T14:36:00+00:00
802,23,dust,5.7,mg/m3,2026-09-08T20:40:00+00:00
803,23,dust,7.9,mg/m3,2026-09-09T02:16:00+00:00
804,23,dust,3.2,mg/m3,2026-09-09T08:43:00+00:00
805,23,gas,44.5,ppm,2026-09-06T14:58:00+00:00
806,23,gas,20.3,ppm,2026-09-06T20:22:00+00:00
807,23,gas,40.6,ppm,2026-09-07T02:21:00+00:00
808,23,gas,44.9,ppm,2026-09-07T08:38:00+00:00
809,23,gas,20.0,ppm,2026-09-07T14:45:00+00:00
810,23,gas,6.7,ppm,2026-09-07T20:51:00+00:00
811,23,gas,19.8,ppm,2026-09-08T02:16:00+00:00
812,23,gas,29.1,ppm,2026-09-08T08:48:00+00:00
813,23,gas,42.7,ppm,2026-09-08T14:36:00+00:00
814,23,gas,29.9,ppm,2026-09-08T20:30:00+00:00
815,23,gas,44.5,ppm,2026-09-09T02:29:00+00:00
816,23,gas,40.6,ppm,2026-09-09T08:44:00+00:00
817,23,temperature,32.5,C,2026-09-06T14:23:00+00:00
818,23,temperature,54.1,C,2026-09-06T20:15:00+00:00
819,23,temperature,28.1,C,2026-09-07T02:19:00+00:00
820,23,temperature,29.3,C,2026-09-07T08:16:00+00:00
821,23,temperature,26.7,C,2026-09-07T14:48:00+00:00
822,23,temperature,30.3,C,2026-09-07T20:27:00+00:00
823,23,temperature,22.6,C,2026-09-08T02:59:00+00:00
824,23,temperature,28.9,C,2026-09-08T08:16:00+00:00
825,23,temperature,24.2,C,2026-09-08T14:45:00+00:00
826,23,temperature,27.7,C,2026-09-08T20:31:00+00:00
827,23,temperature,42.8,C,2026-09-09T02:34:00+00:00
828,23,temperature,39.9,C,2026-09-09T08:50:00+00:00
829,24,dust,7.1,mg/m3,2026-09-06T14:33:00+00:00
830,24,dust,5.2,mg/m3,2026-09-06T20:39:00+00:00
831,24,dust,8.5,mg/m3,2026-09-07T02:51:00+00:00
832,24,dust,3.1,mg/m3,2026-09-07T08:57:00+00:00
833,24,dust,8.4,mg/m3,2026-09-07T14:49:00+00:00
834,24,dust,4.4,mg/m3,2026-09-07T20:45:00+00:00
835,24,dust,4.7,mg/m3,2026-09-08T02:46:00+00:00
836,24,dust,8.1,mg/m3,2026-09-08T08:44:00+00:00
837,24,dust,8.4,mg/m3,2026-09-08T14:51:00+00:00
838,24,dust,4.4,mg/m3,2026-09-08T20:49:00+00:00
839,24,dust,5.8,mg/m3,2026-09-09T02:58:00+00:00
840,24,dust,5.5,mg/m3,2026-09-09T08:46:00+00:00
841,24,gas,16.8,ppm,2026-09-06T14:30:00+00:00
842,24,gas,14.6,ppm,2026-09-06T20:18:00+00:00
843,24,gas,13.1,ppm,2026-09-07T02:39:00+00:00
844,24,gas,32.0,ppm,2026-09-07T08:52:00+00:00
845,24,gas,15.5,ppm,2026-09-07T14:25:00+00:00
846,24,gas,10.2,ppm,2026-09-07T20:59:00+00:00
847,24,gas,30.8,ppm,2026-09-08T02:49:00+00:00
848,24,gas,40.8,ppm,2026-09-08T08:38:00+00:00
849,24,gas,8.8,ppm,2026-09-08T14:33:00+00:00
850,24,gas,25.8,ppm,2026-09-08T20:49:00+00:00
851,24,gas,29.0,ppm,2026-09-09T02:32:00+00:00
852,24,gas,28.8,ppm,2026-09-09T08:45:00+00:00
853,24,temperature,23.0,C,2026-09-06T14:52:00+00:00
854,24,temperature,41.9,C,2026-09-06T20:52:00+00:00
855,24,temperature,38.9,C,2026-09-07T02:40:00+00:00
856,24,temperature,32.0,C,2026-09-07T08:36:00+00:00
857,24,temperature,39.6,C,2026-09-07T14:51:00+00:00
858,24,temperature,29.5,C,2026-09-07T20:29:00+00:00
859,24,temperature,35.6,C,2026-09-08T02:40:00+00:00
860,24,temperature,22.5,C,2026-09-08T08:51:00+00:00
861,24,temperature,32.4,C,2026-09-08T14:58:00+00:00
862,24,temperature,39.6,C,2026-09-08T20:22:00+00:00
863,24,temperature,32.0,C,2026-09-09T02:51:00+00:00
864,24,temperature,50.7,C,2026-09-09T08:22:00+00:00
865,25,dust,2.1,mg/m3,2026-09-06T14:35:00+00:00
866,25,dust,1.6,mg/m3,2026-09-06T20:16:00+00:00
867,25,dust,4.3,mg/m3,2026-09-07T02:39:00+00:00
868,25,dust,5.3,mg/m3,2026-09-07T08:37:00+00:00
869,25,dust,6.0,mg/m3,2026-09-07T14:16:00+00:00
870,25,dust,8.8,mg/m3,2026-09-07T20:49:00+00:00
871,25,dust,9.3,mg/m3,2026-09-08T02:17:00+00:00
872,25,dust,5.6,mg/m3,2026-09-08T08:57:00+00:00
873,25,dust,5.3,mg/m3,2026-09-08T14:40:00+00:00
874,25,dust,2.3,mg/m3,2026-09-08T20:31:00+00:00
875,25,dust,9.1,mg/m3,2026-09-09T02:34:00+00:00
876,25,dust,7.3,mg/m3,2026-09-09T08:51:00+00:00
877,25,gas,43.4,ppm,2026-09-06T14:18:00+00:00
878,25,gas,26.7,ppm,2026-09-06T20:58:00+00:00
879,25,gas,17.4,ppm,2026-09-07T02:44:00+00:00
880,25,gas,20.8,ppm,2026-09-07T08:34:00+00:00
881,25,gas,38.6,ppm,2026-09-07T14:40:00+00:00
882,25,gas,22.5,ppm,2026-09-07T20:50:00+00:00
883,25,gas,44.1,ppm,2026-09-08T02:15:00+00:00
884,25,gas,15.5,ppm,2026-09-08T08:16:00+00:00
885,25,gas,39.5,ppm,2026-09-08T14:43:00+00:00
886,25,gas,36.7,ppm,2026-09-08T20:37:00+00:00
887,25,gas,20.4,ppm,2026-09-09T02:18:00+00:00
888,25,gas,11.8,ppm,2026-09-09T08:16:00+00:00
889,25,temperature,38.9,C,2026-09-06T14:36:00+00:00
890,25,temperature,36.8,C,2026-09-06T20:36:00+00:00
891,25,temperature,41.0,C,2026-09-07T02:16:00+00:00
892,25,temperature,36.7,C,2026-09-07T08:19:00+00:00
893,25,temperature,36.6,C,2026-09-07T14:42:00+00:00
894,25,temperature,31.2,C,2026-09-07T20:27:00+00:00
895,25,temperature,22.7,C,2026-09-08T02:18:00+00:00
896,25,temperature,27.3,C,2026-09-08T08:38:00+00:00
897,25,temperature,30.4,C,2026-09-08T14:19:00+00:00
898,25,temperature,54.1,C,2026-09-08T20:22:00+00:00
899,25,temperature,56.1,C,2026-09-09T02:42:00+00:00
900,25,temperature,32.3,C,2026-09-09T08:57:00+00:00
901,26,dust,3.2,mg/m3,2026-09-06T15:00:00+00:00
902,26,dust,8.9,mg/m3,2026-09-06T20:57:00+00:00
903,26,dust,5.5,mg/m3,2026-09-07T02:43:00+00:00
904,26,dust,8.7,mg/m3,2026-09-07T08:34:00+00:00
905,26,dust,7.9,mg/m3,2026-09-07T14:20:00+00:00
906,26,dust,2.8,mg/m3,2026-09-07T20:24:00+00:00
907,26,dust,4.2,mg/m3,2026-09-08T02:18:00+00:00
908,26,dust,7.0,mg/m3,2026-09-08T08:54:00+00:00
909,26,dust,5.2,mg/m3,2026-09-08T14:56:00+00:00
910,26,dust,9.4,mg/m3,2026-09-08T20:18:00+00:00
911,26,dust,4.0,mg/m3,2026-09-09T02:30:00+00:00
912,26,dust,5.9,mg/m3,2026-09-09T08:43:00+00:00
913,26,gas,37.9,ppm,2026-09-06T14:26:00+00:00
914,26,gas,38.3,ppm,2026-09-06T20:25:00+00:00
915,26,gas,8.2,ppm,2026-09-07T02:29:00+00:00
916,26,gas,40.9,ppm,2026-09-07T08:33:00+00:00
917,26,gas,18.3,ppm,2026-09-07T14:43:00+00:00
918,26,gas,10.3,ppm,2026-09-07T20:44:00+00:00
919,26,gas,6.3,ppm,2026-09-08T02:31:00+00:00
920,26,gas,12.6,ppm,2026-09-08T08:50:00+00:00
921,26,gas,12.4,ppm,2026-09-08T14:42:00+00:00
922,26,gas,20.5,ppm,2026-09-08T20:53:00+00:00
923,26,gas,5.2,ppm,2026-09-09T02:39:00+00:00
924,26,gas,40.7,ppm,2026-09-09T08:46:00+00:00
925,26,temperature,55.3,C,2026-09-06T14:45:00+00:00
926,26,temperature,23.3,C,2026-09-06T20:23:00+00:00
927,26,temperature,31.6,C,2026-09-07T02:46:00+00:00
928,26,temperature,32.9,C,2026-09-07T08:16:00+00:00
929,26,temperature,25.6,C,2026-09-07T14:33:00+00:00
930,26,temperature,30.5,C,2026-09-07T20:38:00+00:00
931,26,temperature,22.6,C,2026-09-08T02:35:00+00:00
932,26,temperature,39.6,C,2026-09-08T08:40:00+00:00
933,26,temperature,28.1,C,2026-09-08T14:46:00+00:00
934,26,temperature,24.8,C,2026-09-08T20:36:00+00:00
935,26,temperature,42.2,C,2026-09-09T02:25:00+00:00
936,26,temperature,25.8,C,2026-09-09T08:56:00+00:00
937,27,dust,2.5,mg/m3,2026-09-06T14:28:00+00:00
938,27,dust,7.8,mg/m3,2026-09-06T20:22:00+00:00
939,27,dust,3.2,mg/m3,2026-09-07T02:41:00+00:00
940,27,dust,3.8,mg/m3,2026-09-07T08:47:00+00:00
941,27,dust,2.9,mg/m3,2026-09-07T14:47:00+00:00
942,27,dust,3.7,mg/m3,2026-09-07T20:31:00+00:00
943,27,dust,9.1,mg/m3,2026-09-08T02:27:00+00:00
944,27,dust,7.7,mg/m3,2026-09-08T08:54:00+00:00
945,27,dust,8.0,mg/m3,2026-09-08T14:37:00+00:00
946,27,dust,3.4,mg/m3,2026-09-08T20:55:00+00:00
947,27,dust,8.1,mg/m3,2026-09-09T02:23:00+00:00
948,27,dust,3.6,mg/m3,2026-09-09T08:16:00+00:00
949,27,gas,12.7,ppm,2026-09-06T14:22:00+00:00
950,27,gas,19.2,ppm,2026-09-06T20:37:00+00:00
951,27,gas,15.4,ppm,2026-09-07T02:45:00+00:00
952,27,gas,25.1,ppm,2026-09-07T08:33:00+00:00
953,27,gas,39.6,ppm,2026-09-07T14:31:00+00:00
954,27,gas,81.4,ppm,2026-09-07T20:30:00+00:00
955,27,gas,28.7,ppm,2026-09-08T02:16:00+00:00
956,27,gas,8.3,ppm,2026-09-08T08:44:00+00:00
957,27,gas,20.1,ppm,2026-09-08T14:50:00+00:00
958,27,gas,32.6,ppm,2026-09-08T20:58:00+00:00
959,27,gas,14.8,ppm,2026-09-09T02:36:00+00:00
960,27,gas,19.2,ppm,2026-09-09T08:42:00+00:00
961,27,temperature,34.3,C,2026-09-06T14:51:00+00:00
962,27,temperature,27.5,C,2026-09-06T20:32:00+00:00
963,27,temperature,41.5,C,2026-09-07T02:25:00+00:00
964,27,temperature,23.7,C,2026-09-07T08:31:00+00:00
965,27,temperature,34.4,C,2026-09-07T14:15:00+00:00
966,27,temperature,39.5,C,2026-09-07T20:32:00+00:00
967,27,temperature,34.7,C,2026-09-08T02:36:00+00:00
968,27,temperature,22.8,C,2026-09-08T08:32:00+00:00
969,27,temperature,34.2,C,2026-09-08T14:29:00+00:00
970,27,temperature,41.3,C,2026-09-08T20:54:00+00:00
971,27,temperature,35.0,C,2026-09-09T02:53:00+00:00
972,27,temperature,40.7,C,2026-09-09T08:40:00+00:00
973,28,dust,8.7,mg/m3,2026-09-06T14:46:00+00:00
974,28,dust,6.0,mg/m3,2026-09-06T20:51:00+00:00
975,28,dust,8.5,mg/m3,2026-09-07T02:17:00+00:00
976,28,dust,2.0,mg/m3,2026-09-07T08:29:00+00:00
977,28,dust,2.9,mg/m3,2026-09-07T14:53:00+00:00
978,28,dust,7.1,mg/m3,2026-09-07T20:21:00+00:00
979,28,dust,8.8,mg/m3,2026-09-08T02:35:00+00:00
980,28,dust,15.1,mg/m3,2026-09-08T08:33:00+00:00
981,28,dust,6.5,mg/m3,2026-09-08T14:24:00+00:00
982,28,dust,9.1,mg/m3,2026-09-08T20:42:00+00:00
983,28,dust,17.3,mg/m3,2026-09-09T02:52:00+00:00
984,28,dust,3.4,mg/m3,2026-09-09T08:29:00+00:00
985,28,gas,22.9,ppm,2026-09-06T14:56:00+00:00
986,28,gas,39.2,ppm,2026-09-06T20:44:00+00:00
987,28,gas,18.4,ppm,2026-09-07T02:23:00+00:00
988,28,gas,5.1,ppm,2026-09-07T08:45:00+00:00
989,28,gas,26.4,ppm,2026-09-07T14:51:00+00:00
990,28,gas,9.8,ppm,2026-09-07T20:33:00+00:00
991,28,gas,12.9,ppm,2026-09-08T02:40:00+00:00
992,28,gas,35.8,ppm,2026-09-08T08:47:00+00:00
993,28,gas,24.4,ppm,2026-09-08T14:44:00+00:00
994,28,gas,22.7,ppm,2026-09-08T20:55:00+00:00
995,28,gas,17.5,ppm,2026-09-09T02:41:00+00:00
996,28,gas,20.1,ppm,2026-09-09T08:15:00+00:00
997,28,temperature,28.1,C,2026-09-06T14:37:00+00:00
998,28,temperature,23.8,C,2026-09-06T20:39:00+00:00
999,28,temperature,41.8,C,2026-09-07T02:47:00+00:00
1000,28,temperature,24.6,C,2026-09-07T08:41:00+00:00
1001,28,temperature,38.4,C,2026-09-07T14:38:00+00:00
1002,28,temperature,41.5,C,2026-09-07T20:56:00+00:00
1003,28,temperature,36.7,C,2026-09-08T02:50:00+00:00
1004,28,temperature,26.7,C,2026-09-08T08:45:00+00:00
1005,28,temperature,35.0,C,2026-09-08T14:19:00+00:00
1006,28,temperature,42.7,C,2026-09-08T20:39:00+00:00
1007,28,temperature,34.1,C,2026-09-09T02:32:00+00:00
1008,28,temperature,38.5,C,2026-09-09T08:17:00+00:00
1009,29,dust,9.0,mg/m3,2026-09-06T14:33:00+00:00
1010,29,dust,7.5,mg/m3,2026-09-06T20:40:00+00:00
1011,29,dust,8.3,mg/m3,2026-09-07T02:47:00+00:00
1012,29,dust,3.5,mg/m3,2026-09-07T08:41:00+00:00
1013,29,dust,6.5,mg/m3,2026-09-07T14:47:00+00:00
1014,29,dust,3.9,mg/m3,2026-09-07T20:22:00+00:00
1015,29,dust,3.5,mg/m3,2026-09-08T02:34:00+00:00
1016,29,dust,3.1,mg/m3,2026-09-08T08:38:00+00:00
1017,29,dust,7.2,mg/m3,2026-09-08T14:42:00+00:00
1018,29,dust,8.7,mg/m3,2026-09-08T20:27:00+00:00
1019,29,dust,6.4,mg/m3,2026-09-09T02:43:00+00:00
1020,29,dust,3.7,mg/m3,2026-09-09T08:33:00+00:00
1021,29,gas,34.4,ppm,2026-09-06T14:29:00+00:00
1022,29,gas,37.7,ppm,2026-09-06T20:35:00+00:00
1023,29,gas,27.1,ppm,2026-09-07T02:20:00+00:00
1024,29,gas,19.1,ppm,2026-09-07T08:38:00+00:00
1025,29,gas,36.8,ppm,2026-09-07T14:39:00+00:00
1026,29,gas,32.0,ppm,2026-09-07T20:44:00+00:00
1027,29,gas,22.7,ppm,2026-09-08T02:31:00+00:00
1028,29,gas,24.6,ppm,2026-09-08T08:54:00+00:00
1029,29,gas,21.4,ppm,2026-09-08T14:46:00+00:00
1030,29,gas,5.9,ppm,2026-09-08T20:43:00+00:00
1031,29,gas,24.6,ppm,2026-09-09T02:59:00+00:00
1032,29,gas,18.2,ppm,2026-09-09T08:27:00+00:00
1033,29,temperature,37.0,C,2026-09-06T14:58:00+00:00
1034,29,temperature,50.7,C,2026-09-06T20:42:00+00:00
1035,29,temperature,23.0,C,2026-09-07T02:49:00+00:00
1036,29,temperature,26.0,C,2026-09-07T08:27:00+00:00
1037,29,temperature,38.5,C,2026-09-07T14:24:00+00:00
1038,29,temperature,34.8,C,2026-09-07T20:19:00+00:00
1039,29,temperature,24.7,C,2026-09-08T02:46:00+00:00
1040,29,temperature,27.6,C,2026-09-08T08:30:00+00:00
1041,29,temperature,32.0,C,2026-09-08T14:57:00+00:00
1042,29,temperature,37.5,C,2026-09-08T20:18:00+00:00
1043,29,temperature,28.5,C,2026-09-09T02:57:00+00:00
1044,29,temperature,23.6,C,2026-09-09T08:29:00+00:00
1045,30,dust,1.8,mg/m3,2026-09-06T14:41:00+00:00
1046,30,dust,5.3,mg/m3,2026-09-06T20:35:00+00:00
1047,30,dust,6.9,mg/m3,2026-09-07T02:27:00+00:00
1048,30,dust,4.2,mg/m3,2026-09-07T08:41:00+00:00
1049,30,dust,8.6,mg/m3,2026-09-07T14:35:00+00:00
1050,30,dust,3.1,mg/m3,2026-09-07T20:51:00+00:00
1051,30,dust,2.5,mg/m3,2026-09-08T02:27:00+00:00
1052,30,dust,5.5,mg/m3,2026-09-08T08:29:00+00:00
1053,30,dust,7.3,mg/m3,2026-09-08T14:16:00+00:00
1054,30,dust,3.2,mg/m3,2026-09-08T20:33:00+00:00
1055,30,dust,2.6,mg/m3,2026-09-09T02:39:00+00:00
1056,30,dust,6.5,mg/m3,2026-09-09T08:58:00+00:00
1057,30,gas,40.0,ppm,2026-09-06T14:41:00+00:00
1058,30,gas,22.9,ppm,2026-09-06T20:50:00+00:00
1059,30,gas,16.1,ppm,2026-09-07T02:19:00+00:00
1060,30,gas,31.9,ppm,2026-09-07T08:24:00+00:00
1061,30,gas,14.7,ppm,2026-09-07T14:56:00+00:00
1062,30,gas,38.5,ppm,2026-09-07T20:39:00+00:00
1063,30,gas,9.2,ppm,2026-09-08T02:51:00+00:00
1064,30,gas,33.9,ppm,2026-09-08T08:33:00+00:00
1065,30,gas,33.0,ppm,2026-09-08T14:22:00+00:00
1066,30,gas,42.4,ppm,2026-09-08T20:20:00+00:00
1067,30,gas,34.7,ppm,2026-09-09T02:36:00+00:00
1068,30,gas,64.2,ppm,2026-09-09T08:48:00+00:00
1069,30,temperature,27.3,C,2026-09-06T14:33:00+00:00
1070,30,temperature,34.1,C,2026-09-06T20:16:00+00:00
1071,30,temperature,30.2,C,2026-09-07T02:54:00+00:00
1072,30,temperature,39.9,C,2026-09-07T08:55:00+00:00
1073,30,temperature,42.6,C,2026-09-07T14:22:00+00:00
1074,30,temperature,32.4,C,2026-09-07T20:17:00+00:00
1075,30,temperature,40.6,C,2026-09-08T02:56:00+00:00
1076,30,temperature,29.3,C,2026-09-08T08:17:00+00:00
1077,30,temperature,49.9,C,2026-09-08T14:32:00+00:00
1078,30,temperature,37.7,C,2026-09-08T20:24:00+00:00
1079,30,temperature,39.9,C,2026-09-09T02:49:00+00:00
1080,30,temperature,34.8,C,2026-09-09T08:30:00+00:00
1081,31,dust,5.4,mg/m3,2026-09-06T14:52:00+00:00
1082,31,dust,5.3,mg/m3,2026-09-06T20:25:00+00:00
1083,31,dust,3.3,mg/m3,2026-09-07T02:35:00+00:00
1084,31,dust,5.1,mg/m3,2026-09-07T08:55:00+00:00
1085,31,dust,7.0,mg/m3,2026-09-07T14:34:00+00:00
1086,31,dust,4.4,mg/m3,2026-09-07T20:20:00+00:00
1087,31,dust,1.7,mg/m3,2026-09-08T02:52:00+00:00
1088,31,dust,1.6,mg/m3,2026-09-08T08:55:00+00:00
1089,31,dust,2.8,mg/m3,2026-09-08T14:52:00+00:00
1090,31,dust,2.4,mg/m3,2026-09-08T20:40:00+00:00
1091,31,dust,3.7,mg/m3,2026-09-09T02:56:00+00:00
1092,31,dust,10.9,mg/m3,2026-09-09T08:48:00+00:00
1093,31,gas,32.4,ppm,2026-09-06T14:20:00+00:00
1094,31,gas,27.0,ppm,2026-09-06T20:36:00+00:00
1095,31,gas,30.4,ppm,2026-09-07T02:52:00+00:00
1096,31,gas,16.5,ppm,2026-09-07T08:19:00+00:00
1097,31,gas,35.9,ppm,2026-09-07T14:38:00+00:00
1098,31,gas,22.6,ppm,2026-09-07T20:52:00+00:00
1099,31,gas,14.5,ppm,2026-09-08T02:33:00+00:00
1100,31,gas,10.6,ppm,2026-09-08T08:32:00+00:00
1101,31,gas,12.4,ppm,2026-09-08T14:40:00+00:00
1102,31,gas,10.3,ppm,2026-09-08T20:46:00+00:00
1103,31,gas,6.0,ppm,2026-09-09T02:48:00+00:00
1104,31,gas,24.6,ppm,2026-09-09T08:24:00+00:00
1105,31,temperature,38.6,C,2026-09-06T14:22:00+00:00
1106,31,temperature,38.1,C,2026-09-06T20:45:00+00:00
1107,31,temperature,42.5,C,2026-09-07T02:21:00+00:00
1108,31,temperature,34.1,C,2026-09-07T08:49:00+00:00
1109,31,temperature,26.3,C,2026-09-07T14:25:00+00:00
1110,31,temperature,39.8,C,2026-09-07T20:47:00+00:00
1111,31,temperature,28.1,C,2026-09-08T02:30:00+00:00
1112,31,temperature,34.5,C,2026-09-08T08:36:00+00:00
1113,31,temperature,30.9,C,2026-09-08T14:41:00+00:00
1114,31,temperature,27.7,C,2026-09-08T20:20:00+00:00
1115,31,temperature,36.1,C,2026-09-09T02:19:00+00:00
1116,31,temperature,28.5,C,2026-09-09T08:50:00+00:00
1117,32,dust,9.1,mg/m3,2026-09-06T14:52:00+00:00
1118,32,dust,7.2,mg/m3,2026-09-06T20:17:00+00:00
1119,32,dust,2.4,mg/m3,2026-09-07T02:30:00+00:00
1120,32,dust,8.4,mg/m3,2026-09-07T08:42:00+00:00
1121,32,dust,7.9,mg/m3,2026-09-07T14:23:00+00:00
1122,32,dust,3.5,mg/m3,2026-09-07T20:51:00+00:00
1123,32,dust,9.2,mg/m3,2026-09-08T02:51:00+00:00
1124,32,dust,4.7,mg/m3,2026-09-08T08:59:00+00:00
1125,32,dust,6.2,mg/m3,2026-09-08T14:56:00+00:00
1126,32,dust,9.1,mg/m3,2026-09-08T20:21:00+00:00
1127,32,dust,7.2,mg/m3,2026-09-09T02:21:00+00:00
1128,32,dust,6.2,mg/m3,2026-09-09T08:54:00+00:00
1129,32,gas,13.0,ppm,2026-09-06T14:26:00+00:00
1130,32,gas,16.4,ppm,2026-09-06T20:31:00+00:00
1131,32,gas,35.1,ppm,2026-09-07T02:47:00+00:00
1132,32,gas,20.1,ppm,2026-09-07T08:28:00+00:00
1133,32,gas,44.1,ppm,2026-09-07T14:31:00+00:00
1134,32,gas,14.0,ppm,2026-09-07T20:54:00+00:00
1135,32,gas,25.4,ppm,2026-09-08T02:23:00+00:00
1136,32,gas,9.6,ppm,2026-09-08T08:21:00+00:00
1137,32,gas,5.1,ppm,2026-09-08T14:59:00+00:00
1138,32,gas,35.8,ppm,2026-09-08T20:49:00+00:00
1139,32,gas,43.3,ppm,2026-09-09T02:25:00+00:00
1140,32,gas,7.8,ppm,2026-09-09T08:52:00+00:00
1141,32,temperature,22.3,C,2026-09-06T14:46:00+00:00
1142,32,temperature,31.3,C,2026-09-06T20:24:00+00:00
1143,32,temperature,32.6,C,2026-09-07T02:22:00+00:00
1144,32,temperature,43.5,C,2026-09-07T08:47:00+00:00
1145,32,temperature,54.2,C,2026-09-07T14:45:00+00:00
1146,32,temperature,43.0,C,2026-09-07T20:29:00+00:00
1147,32,temperature,24.4,C,2026-09-08T02:36:00+00:00
1148,32,temperature,40.8,C,2026-09-08T08:24:00+00:00
1149,32,temperature,28.9,C,2026-09-08T15:00:00+00:00
1150,32,temperature,48.1,C,2026-09-08T20:36:00+00:00
1151,32,temperature,36.6,C,2026-09-09T02:15:00+00:00
1152,32,temperature,26.1,C,2026-09-09T08:54:00+00:00
1153,33,dust,2.2,mg/m3,2026-09-06T14:51:00+00:00
1154,33,dust,4.7,mg/m3,2026-09-06T20:30:00+00:00
1155,33,dust,2.1,mg/m3,2026-09-07T02:47:00+00:00
1156,33,dust,7.6,mg/m3,2026-09-07T08:45:00+00:00
1157,33,dust,5.5,mg/m3,2026-09-07T14:27:00+00:00
1158,33,dust,6.1,mg/m3,2026-09-07T20:31:00+00:00
1159,33,dust,18.1,mg/m3,2026-09-08T02:47:00+00:00
1160,33,dust,2.1,mg/m3,2026-09-08T08:38:00+00:00
1161,33,dust,7.9,mg/m3,2026-09-08T14:51:00+00:00
1162,33,dust,2.2,mg/m3,2026-09-08T20:32:00+00:00
1163,33,dust,4.0,mg/m3,2026-09-09T02:15:00+00:00
1164,33,dust,6.1,mg/m3,2026-09-09T08:21:00+00:00
1165,33,gas,25.1,ppm,2026-09-06T14:31:00+00:00
1166,33,gas,17.3,ppm,2026-09-06T20:15:00+00:00
1167,33,gas,26.8,ppm,2026-09-07T02:25:00+00:00
1168,33,gas,10.5,ppm,2026-09-07T08:18:00+00:00
1169,33,gas,33.8,ppm,2026-09-07T15:00:00+00:00
1170,33,gas,40.6,ppm,2026-09-07T20:39:00+00:00
1171,33,gas,40.5,ppm,2026-09-08T02:31:00+00:00
1172,33,gas,5.8,ppm,2026-09-08T08:45:00+00:00
1173,33,gas,31.9,ppm,2026-09-08T14:43:00+00:00
1174,33,gas,33.0,ppm,2026-09-08T20:17:00+00:00
1175,33,gas,8.7,ppm,2026-09-09T02:53:00+00:00
1176,33,gas,28.5,ppm,2026-09-09T08:24:00+00:00
1177,33,temperature,30.1,C,2026-09-06T14:17:00+00:00
1178,33,temperature,52.0,C,2026-09-06T20:28:00+00:00
1179,33,temperature,22.2,C,2026-09-07T02:38:00+00:00
1180,33,temperature,25.0,C,2026-09-07T08:16:00+00:00
1181,33,temperature,28.6,C,2026-09-07T14:21:00+00:00
1182,33,temperature,42.0,C,2026-09-07T20:41:00+00:00
1183,33,temperature,38.4,C,2026-09-08T02:27:00+00:00
1184,33,temperature,32.0,C,2026-09-08T08:17:00+00:00
1185,33,temperature,30.5,C,2026-09-08T14:56:00+00:00
1186,33,temperature,43.3,C,2026-09-08T20:22:00+00:00
1187,33,temperature,35.5,C,2026-09-09T02:35:00+00:00
1188,33,temperature,27.4,C,2026-09-09T08:40:00+00:00
1189,34,dust,8.4,mg/m3,2026-09-06T14:55:00+00:00
1190,34,dust,8.8,mg/m3,2026-09-06T20:28:00+00:00
1191,34,dust,2.5,mg/m3,2026-09-07T02:43:00+00:00
1192,34,dust,6.3,mg/m3,2026-09-07T08:38:00+00:00
1193,34,dust,9.1,mg/m3,2026-09-07T15:00:00+00:00
1194,34,dust,1.9,mg/m3,2026-09-07T20:17:00+00:00
1195,34,dust,6.5,mg/m3,2026-09-08T02:57:00+00:00
1196,34,dust,9.1,mg/m3,2026-09-08T08:19:00+00:00
1197,34,dust,2.5,mg/m3,2026-09-08T14:39:00+00:00
1198,34,dust,8.8,mg/m3,2026-09-08T20:34:00+00:00
1199,34,dust,21.0,mg/m3,2026-09-09T02:40:00+00:00
1200,34,dust,7.9,mg/m3,2026-09-09T08:45:00+00:00
1201,34,gas,34.2,ppm,2026-09-06T14:27:00+00:00
1202,34,gas,20.6,ppm,2026-09-06T20:55:00+00:00
1203,34,gas,13.8,ppm,2026-09-07T02:41:00+00:00
1204,34,gas,11.7,ppm,2026-09-07T08:19:00+00:00
1205,34,gas,36.1,ppm,2026-09-07T14:48:00+00:00
1206,34,gas,29.6,ppm,2026-09-07T20:49:00+00:00
1207,34,gas,25.0,ppm,2026-09-08T02:38:00+00:00
1208,34,gas,42.3,ppm,2026-09-08T08:34:00+00:00
1209,34,gas,26.7,ppm,2026-09-08T14:53:00+00:00
1210,34,gas,34.7,ppm,2026-09-08T20:52:00+00:00
1211,34,gas,36.4,ppm,2026-09-09T02:17:00+00:00
1212,34,gas,18.3,ppm,2026-09-09T08:51:00+00:00
1213,34,temperature,40.6,C,2026-09-06T14:33:00+00:00
1214,34,temperature,27.9,C,2026-09-06T20:58:00+00:00
1215,34,temperature,39.7,C,2026-09-07T02:32:00+00:00
1216,34,temperature,24.2,C,2026-09-07T08:22:00+00:00
1217,34,temperature,35.9,C,2026-09-07T14:58:00+00:00
1218,34,temperature,33.9,C,2026-09-07T20:31:00+00:00
1219,34,temperature,36.1,C,2026-09-08T02:42:00+00:00
1220,34,temperature,30.8,C,2026-09-08T08:45:00+00:00
1221,34,temperature,37.0,C,2026-09-08T14:57:00+00:00
1222,34,temperature,25.8,C,2026-09-08T20:48:00+00:00
1223,34,temperature,43.0,C,2026-09-09T02:34:00+00:00
1224,34,temperature,40.7,C,2026-09-09T08:45:00+00:00
1225,35,dust,8.2,mg/m3,2026-09-06T14:43:00+00:00
1226,35,dust,2.6,mg/m3,2026-09-06T20:35:00+00:00
1227,35,dust,7.2,mg/m3,2026-09-07T02:31:00+00:00
1228,35,dust,4.0,mg/m3,2026-09-07T08:59:00+00:00
1229,35,dust,8.5,mg/m3,2026-09-07T14:45:00+00:00
1230,35,dust,3.7,mg/m3,2026-09-07T20:27:00+00:00
1231,35,dust,4.3,mg/m3,2026-09-08T02:42:00+00:00
1232,35,dust,7.2,mg/m3,2026-09-08T08:56:00+00:00
1233,35,dust,5.8,mg/m3,2026-09-08T14:34:00+00:00
1234,35,dust,7.9,mg/m3,2026-09-08T20:37:00+00:00
1235,35,dust,5.8,mg/m3,2026-09-09T02:59:00+00:00
1236,35,dust,7.0,mg/m3,2026-09-09T08:21:00+00:00
1237,35,gas,36.7,ppm,2026-09-06T14:38:00+00:00
1238,35,gas,41.1,ppm,2026-09-06T20:31:00+00:00
1239,35,gas,12.1,ppm,2026-09-07T02:16:00+00:00
1240,35,gas,7.9,ppm,2026-09-07T08:36:00+00:00
1241,35,gas,27.9,ppm,2026-09-07T14:28:00+00:00
1242,35,gas,7.7,ppm,2026-09-07T20:18:00+00:00
1243,35,gas,34.7,ppm,2026-09-08T02:36:00+00:00
1244,35,gas,11.4,ppm,2026-09-08T08:58:00+00:00
1245,35,gas,21.2,ppm,2026-09-08T14:33:00+00:00
1246,35,gas,21.9,ppm,2026-09-08T20:29:00+00:00
1247,35,gas,19.8,ppm,2026-09-09T02:27:00+00:00
1248,35,gas,43.2,ppm,2026-09-09T08:30:00+00:00
1249,35,temperature,39.1,C,2026-09-06T14:15:00+00:00
1250,35,temperature,42.1,C,2026-09-06T20:29:00+00:00
1251,35,temperature,28.8,C,2026-09-07T02:27:00+00:00
1252,35,temperature,30.7,C,2026-09-07T08:36:00+00:00
1253,35,temperature,37.7,C,2026-09-07T14:49:00+00:00
1254,35,temperature,43.3,C,2026-09-07T20:32:00+00:00
1255,35,temperature,38.4,C,2026-09-08T02:19:00+00:00
1256,35,temperature,29.9,C,2026-09-08T08:55:00+00:00
1257,35,temperature,35.9,C,2026-09-08T14:32:00+00:00
1258,35,temperature,27.5,C,2026-09-08T20:37:00+00:00
1259,35,temperature,40.8,C,2026-09-09T02:42:00+00:00
1260,35,temperature,54.6,C,2026-09-09T08:32:00+00:00
1261,36,dust,9.0,mg/m3,2026-09-06T14:24:00+00:00
1262,36,dust,8.6,mg/m3,2026-09-06T20:37:00+00:00
1263,36,dust,4.8,mg/m3,2026-09-07T02:54:00+00:00
1264,36,dust,2.9,mg/m3,2026-09-07T08:46:00+00:00
1265,36,dust,7.4,mg/m3,2026-09-07T14:17:00+00:00
1266,36,dust,7.7,mg/m3,2026-09-07T20:49:00+00:00
1267,36,dust,5.4,mg/m3,2026-09-08T02:21:00+00:00
1268,36,dust,5.6,mg/m3,2026-09-08T08:41:00+00:00
1269,36,dust,9.0,mg/m3,2026-09-08T14:17:00+00:00
1270,36,dust,7.5,mg/m3,2026-09-08T20:53:00+00:00
1271,36,dust,1.5,mg/m3,2026-09-09T02:53:00+00:00
1272,36,dust,1.6,mg/m3,2026-09-09T08:34:00+00:00
1273,36,gas,83.9,ppm,2026-09-06T14:48:00+00:00
1274,36,gas,39.1,ppm,2026-09-06T20:32:00+00:00
1275,36,gas,21.2,ppm,2026-09-07T02:39:00+00:00
1276,36,gas,40.6,ppm,2026-09-07T08:18:00+00:00
1277,36,gas,15.0,ppm,2026-09-07T14:55:00+00:00
1278,36,gas,14.4,ppm,2026-09-07T20:18:00+00:00
1279,36,gas,25.0,ppm,2026-09-08T02:15:00+00:00
1280,36,gas,34.3,ppm,2026-09-08T08:49:00+00:00
1281,36,gas,16.0,ppm,2026-09-08T14:42:00+00:00
1282,36,gas,45.0,ppm,2026-09-08T20:51:00+00:00
1283,36,gas,8.5,ppm,2026-09-09T02:53:00+00:00
1284,36,gas,32.9,ppm,2026-09-09T08:51:00+00:00
1285,36,temperature,26.1,C,2026-09-06T14:18:00+00:00
1286,36,temperature,22.2,C,2026-09-06T20:36:00+00:00
1287,36,temperature,30.4,C,2026-09-07T02:53:00+00:00
1288,36,temperature,41.2,C,2026-09-07T08:19:00+00:00
1289,36,temperature,34.5,C,2026-09-07T14:36:00+00:00
1290,36,temperature,43.8,C,2026-09-07T20:56:00+00:00
1291,36,temperature,22.3,C,2026-09-08T02:49:00+00:00
1292,36,temperature,55.2,C,2026-09-08T08:18:00+00:00
1293,36,temperature,27.6,C,2026-09-08T14:59:00+00:00
1294,36,temperature,28.0,C,2026-09-08T20:39:00+00:00
1295,36,temperature,40.8,C,2026-09-09T02:36:00+00:00
1296,36,temperature,42.2,C,2026-09-09T08:26:00+00:00
1297,37,dust,4.5,mg/m3,2026-09-06T14:35:00+00:00
1298,37,dust,8.1,mg/m3,2026-09-06T20:37:00+00:00
1299,37,dust,9.3,mg/m3,2026-09-07T02:44:00+00:00
1300,37,dust,5.8,mg/m3,2026-09-07T08:47:00+00:00
1301,37,dust,8.8,mg/m3,2026-09-07T14:39:00+00:00
1302,37,dust,7.5,mg/m3,2026-09-07T20:23:00+00:00
1303,37,dust,2.7,mg/m3,2026-09-08T02:54:00+00:00
1304,37,dust,5.9,mg/m3,2026-09-08T08:45:00+00:00
1305,37,dust,7.9,mg/m3,2026-09-08T14:43:00+00:00
1306,37,dust,2.1,mg/m3,2026-09-08T20:19:00+00:00
1307,37,dust,6.1,mg/m3,2026-09-09T02:48:00+00:00
1308,37,dust,5.0,mg/m3,2026-09-09T08:53:00+00:00
1309,37,gas,8.4,ppm,2026-09-06T14:16:00+00:00
1310,37,gas,13.1,ppm,2026-09-06T20:56:00+00:00
1311,37,gas,41.7,ppm,2026-09-07T02:36:00+00:00
1312,37,gas,40.0,ppm,2026-09-07T08:19:00+00:00
1313,37,gas,12.6,ppm,2026-09-07T14:38:00+00:00
1314,37,gas,16.2,ppm,2026-09-07T20:41:00+00:00
1315,37,gas,39.0,ppm,2026-09-08T02:37:00+00:00
1316,37,gas,14.7,ppm,2026-09-08T08:56:00+00:00
1317,37,gas,35.0,ppm,2026-09-08T14:20:00+00:00
1318,37,gas,44.3,ppm,2026-09-08T20:55:00+00:00
1319,37,gas,25.8,ppm,2026-09-09T02:33:00+00:00
1320,37,gas,36.4,ppm,2026-09-09T08:25:00+00:00
1321,37,temperature,34.4,C,2026-09-06T14:45:00+00:00
1322,37,temperature,26.7,C,2026-09-06T20:41:00+00:00
1323,37,temperature,26.5,C,2026-09-07T02:34:00+00:00
1324,37,temperature,28.0,C,2026-09-07T08:19:00+00:00
1325,37,temperature,27.8,C,2026-09-07T14:55:00+00:00
1326,37,temperature,32.6,C,2026-09-07T20:34:00+00:00
1327,37,temperature,43.2,C,2026-09-08T02:37:00+00:00
1328,37,temperature,32.2,C,2026-09-08T08:36:00+00:00
1329,37,temperature,42.1,C,2026-09-08T14:30:00+00:00
1330,37,temperature,33.7,C,2026-09-08T20:33:00+00:00
1331,37,temperature,31.0,C,2026-09-09T02:32:00+00:00
1332,37,temperature,35.5,C,2026-09-09T08:50:00+00:00
1333,38,dust,6.9,mg/m3,2026-09-06T14:44:00+00:00
1334,38,dust,7.5,mg/m3,2026-09-06T20:21:00+00:00
1335,38,dust,4.0,mg/m3,2026-09-07T02:53:00+00:00
1336,38,dust,6.9,mg/m3,2026-09-07T08:21:00+00:00
1337,38,dust,5.8,mg/m3,2026-09-07T14:41:00+00:00
1338,38,dust,4.0,mg/m3,2026-09-07T20:36:00+00:00
1339,38,dust,3.0,mg/m3,2026-09-08T02:49:00+00:00
1340,38,dust,9.4,mg/m3,2026-09-08T08:39:00+00:00
1341,38,dust,1.9,mg/m3,2026-09-08T14:48:00+00:00
1342,38,dust,6.5,mg/m3,2026-09-08T20:49:00+00:00
1343,38,dust,6.9,mg/m3,2026-09-09T02:30:00+00:00
1344,38,dust,1.8,mg/m3,2026-09-09T08:46:00+00:00
1345,38,gas,34.9,ppm,2026-09-06T14:31:00+00:00
1346,38,gas,25.6,ppm,2026-09-06T20:32:00+00:00
1347,38,gas,39.3,ppm,2026-09-07T02:54:00+00:00
1348,38,gas,24.6,ppm,2026-09-07T08:21:00+00:00
1349,38,gas,19.5,ppm,2026-09-07T14:35:00+00:00
1350,38,gas,35.0,ppm,2026-09-07T20:27:00+00:00
1351,38,gas,23.8,ppm,2026-09-08T02:23:00+00:00
1352,38,gas,36.8,ppm,2026-09-08T08:51:00+00:00
1353,38,gas,10.4,ppm,2026-09-08T14:36:00+00:00
1354,38,gas,43.5,ppm,2026-09-08T20:57:00+00:00
1355,38,gas,31.4,ppm,2026-09-09T02:47:00+00:00
1356,38,gas,24.8,ppm,2026-09-09T08:49:00+00:00
1357,38,temperature,36.6,C,2026-09-06T14:54:00+00:00
1358,38,temperature,35.2,C,2026-09-06T20:56:00+00:00
1359,38,temperature,29.0,C,2026-09-07T02:46:00+00:00
1360,38,temperature,33.1,C,2026-09-07T08:54:00+00:00
1361,38,temperature,43.4,C,2026-09-07T14:27:00+00:00
1362,38,temperature,30.5,C,2026-09-07T20:27:00+00:00
1363,38,temperature,41.0,C,2026-09-08T02:58:00+00:00
1364,38,temperature,41.0,C,2026-09-08T08:28:00+00:00
1365,38,temperature,29.4,C,2026-09-08T14:49:00+00:00
1366,38,temperature,30.1,C,2026-09-08T20:18:00+00:00
1367,38,temperature,25.2,C,2026-09-09T02:50:00+00:00
1368,38,temperature,32.2,C,2026-09-09T08:31:00+00:00
1369,39,dust,8.8,mg/m3,2026-09-06T14:43:00+00:00
1370,39,dust,3.4,mg/m3,2026-09-06T20:55:00+00:00
1371,39,dust,8.5,mg/m3,2026-09-07T02:47:00+00:00
1372,39,dust,3.1,mg/m3,2026-09-07T08:56:00+00:00
1373,39,dust,3.5,mg/m3,2026-09-07T14:53:00+00:00
1374,39,dust,5.0,mg/m3,2026-09-07T20:25:00+00:00
1375,39,dust,5.6,mg/m3,2026-09-08T02:58:00+00:00
1376,39,dust,8.8,mg/m3,2026-09-08T08:53:00+00:00
1377,39,dust,3.6,mg/m3,2026-09-08T14:29:00+00:00
1378,39,dust,4.4,mg/m3,2026-09-08T20:36:00+00:00
1379,39,dust,4.4,mg/m3,2026-09-09T02:58:00+00:00
1380,39,dust,6.1,mg/m3,2026-09-09T08:39:00+00:00
1381,39,gas,18.2,ppm,2026-09-06T14:41:00+00:00
1382,39,gas,34.5,ppm,2026-09-06T20:29:00+00:00
1383,39,gas,43.9,ppm,2026-09-07T02:43:00+00:00
1384,39,gas,41.9,ppm,2026-09-07T08:37:00+00:00
1385,39,gas,32.2,ppm,2026-09-07T14:15:00+00:00
1386,39,gas,11.7,ppm,2026-09-07T20:56:00+00:00
1387,39,gas,26.6,ppm,2026-09-08T02:16:00+00:00
1388,39,gas,14.5,ppm,2026-09-08T08:28:00+00:00
1389,39,gas,16.0,ppm,2026-09-08T14:23:00+00:00
1390,39,gas,32.2,ppm,2026-09-08T20:27:00+00:00
1391,39,gas,22.7,ppm,2026-09-09T03:00:00+00:00
1392,39,gas,19.1,ppm,2026-09-09T08:27:00+00:00
1393,39,temperature,22.6,C,2026-09-06T14:38:00+00:00
1394,39,temperature,36.7,C,2026-09-06T20:26:00+00:00
1395,39,temperature,29.7,C,2026-09-07T02:34:00+00:00
1396,39,temperature,49.7,C,2026-09-07T08:26:00+00:00
1397,39,temperature,35.6,C,2026-09-07T14:51:00+00:00
1398,39,temperature,26.0,C,2026-09-07T20:25:00+00:00
1399,39,temperature,36.5,C,2026-09-08T02:36:00+00:00
1400,39,temperature,25.2,C,2026-09-08T08:35:00+00:00
1401,39,temperature,23.8,C,2026-09-08T14:33:00+00:00
1402,39,temperature,39.6,C,2026-09-08T20:54:00+00:00
1403,39,temperature,31.1,C,2026-09-09T02:21:00+00:00
1404,39,temperature,25.9,C,2026-09-09T08:34:00+00:00
1405,40,dust,5.6,mg/m3,2026-09-06T14:26:00+00:00
1406,40,dust,3.7,mg/m3,2026-09-06T20:45:00+00:00
1407,40,dust,19.4,mg/m3,2026-09-07T02:51:00+00:00
1408,40,dust,6.0,mg/m3,2026-09-07T08:34:00+00:00
1409,40,dust,4.4,mg/m3,2026-09-07T14:54:00+00:00
1410,40,dust,3.6,mg/m3,2026-09-07T20:19:00+00:00
1411,40,dust,5.3,mg/m3,2026-09-08T02:27:00+00:00
1412,40,dust,8.9,mg/m3,2026-09-08T08:31:00+00:00
1413,40,dust,6.9,mg/m3,2026-09-08T14:33:00+00:00
1414,40,dust,6.7,mg/m3,2026-09-08T20:28:00+00:00
1415,40,dust,5.3,mg/m3,2026-09-09T02:19:00+00:00
1416,40,dust,5.7,mg/m3,2026-09-09T08:18:00+00:00
1417,40,gas,40.6,ppm,2026-09-06T14:15:00+00:00
1418,40,gas,44.6,ppm,2026-09-06T20:52:00+00:00
1419,40,gas,20.3,ppm,2026-09-07T02:32:00+00:00
1420,40,gas,5.9,ppm,2026-09-07T08:41:00+00:00
1421,40,gas,9.8,ppm,2026-09-07T14:40:00+00:00
1422,40,gas,12.9,ppm,2026-09-07T20:15:00+00:00
1423,40,gas,33.5,ppm,2026-09-08T02:31:00+00:00
1424,40,gas,6.2,ppm,2026-09-08T08:25:00+00:00
1425,40,gas,24.2,ppm,2026-09-08T14:34:00+00:00
1426,40,gas,20.5,ppm,2026-09-08T20:38:00+00:00
1427,40,gas,40.3,ppm,2026-09-09T02:54:00+00:00
1428,40,gas,23.7,ppm,2026-09-09T08:55:00+00:00
1429,40,temperature,43.3,C,2026-09-06T14:23:00+00:00
1430,40,temperature,31.0,C,2026-09-06T21:00:00+00:00
1431,40,temperature,36.6,C,2026-09-07T02:44:00+00:00
1432,40,temperature,41.6,C,2026-09-07T08:33:00+00:00
1433,40,temperature,28.0,C,2026-09-07T14:39:00+00:00
1434,40,temperature,30.5,C,2026-09-07T20:56:00+00:00
1435,40,temperature,38.7,C,2026-09-08T02:33:00+00:00
1436,40,temperature,41.1,C,2026-09-08T08:55:00+00:00
1437,40,temperature,38.8,C,2026-09-08T14:51:00+00:00
1438,40,temperature,34.2,C,2026-09-08T20:30:00+00:00
1439,40,temperature,35.5,C,2026-09-09T02:47:00+00:00
1440,40,temperature,43.5,C,2026-09-09T08:44:00+00:00
1441,41,dust,5.9,mg/m3,2026-09-06T14:48:00+00:00
1442,41,dust,4.3,mg/m3,2026-09-06T20:50:00+00:00
1443,41,dust,4.7,mg/m3,2026-09-07T02:41:00+00:00
1444,41,dust,1.8,mg/m3,2026-09-07T08:59:00+00:00
1445,41,dust,4.0,mg/m3,2026-09-07T14:23:00+00:00
1446,41,dust,5.6,mg/m3,2026-09-07T20:27:00+00:00
1447,41,dust,6.4,mg/m3,2026-09-08T02:47:00+00:00
1448,41,dust,8.0,mg/m3,2026-09-08T08:45:00+00:00
1449,41,dust,8.0,mg/m3,2026-09-08T14:25:00+00:00
1450,41,dust,4.6,mg/m3,2026-09-08T20:28:00+00:00
1451,41,dust,3.1,mg/m3,2026-09-09T02:56:00+00:00
1452,41,dust,7.9,mg/m3,2026-09-09T08:48:00+00:00
1453,41,gas,17.3,ppm,2026-09-06T14:25:00+00:00
1454,41,gas,15.4,ppm,2026-09-06T20:54:00+00:00
1455,41,gas,25.8,ppm,2026-09-07T02:54:00+00:00
1456,41,gas,28.9,ppm,2026-09-07T08:36:00+00:00
1457,41,gas,17.8,ppm,2026-09-07T14:51:00+00:00
1458,41,gas,29.2,ppm,2026-09-07T20:18:00+00:00
1459,41,gas,16.7,ppm,2026-09-08T02:38:00+00:00
1460,41,gas,18.2,ppm,2026-09-08T08:48:00+00:00
1461,41,gas,35.9,ppm,2026-09-08T14:20:00+00:00
1462,41,gas,8.6,ppm,2026-09-08T20:16:00+00:00
1463,41,gas,15.7,ppm,2026-09-09T02:46:00+00:00
1464,41,gas,34.9,ppm,2026-09-09T08:19:00+00:00
1465,41,temperature,33.0,C,2026-09-06T14:31:00+00:00
1466,41,temperature,31.1,C,2026-09-06T20:39:00+00:00
1467,41,temperature,38.6,C,2026-09-07T02:45:00+00:00
1468,41,temperature,55.5,C,2026-09-07T08:58:00+00:00
1469,41,temperature,29.5,C,2026-09-07T14:30:00+00:00
1470,41,temperature,31.5,C,2026-09-07T20:59:00+00:00
1471,41,temperature,23.4,C,2026-09-08T02:30:00+00:00
1472,41,temperature,25.2,C,2026-09-08T08:57:00+00:00
1473,41,temperature,23.2,C,2026-09-08T14:27:00+00:00
1474,41,temperature,32.9,C,2026-09-08T20:43:00+00:00
1475,41,temperature,29.6,C,2026-09-09T02:23:00+00:00
1476,41,temperature,45.7,C,2026-09-09T08:30:00+00:00
1477,42,dust,5.9,mg/m3,2026-09-06T14:22:00+00:00
1478,42,dust,4.3,mg/m3,2026-09-06T20:21:00+00:00
1479,42,dust,1.7,mg/m3,2026-09-07T02:55:00+00:00
1480,42,dust,2.8,mg/m3,2026-09-07T08:30:00+00:00
1481,42,dust,6.1,mg/m3,2026-09-07T14:59:00+00:00
1482,42,dust,2.5,mg/m3,2026-09-07T20:42:00+00:00
1483,42,dust,3.8,mg/m3,2026-09-08T02:22:00+00:00
1484,42,dust,6.3,mg/m3,2026-09-08T08:51:00+00:00
1485,42,dust,5.7,mg/m3,2026-09-08T14:41:00+00:00
1486,42,dust,2.4,mg/m3,2026-09-08T20:17:00+00:00
1487,42,dust,4.9,mg/m3,2026-09-09T02:41:00+00:00
1488,42,dust,4.7,mg/m3,2026-09-09T08:54:00+00:00
1489,42,gas,21.8,ppm,2026-09-06T14:21:00+00:00
1490,42,gas,27.7,ppm,2026-09-06T20:49:00+00:00
1491,42,gas,12.3,ppm,2026-09-07T02:54:00+00:00
1492,42,gas,12.6,ppm,2026-09-07T08:48:00+00:00
1493,42,gas,14.4,ppm,2026-09-07T14:29:00+00:00
1494,42,gas,5.1,ppm,2026-09-07T20:56:00+00:00
1495,42,gas,11.9,ppm,2026-09-08T02:49:00+00:00
1496,42,gas,23.4,ppm,2026-09-08T08:45:00+00:00
1497,42,gas,12.0,ppm,2026-09-08T14:52:00+00:00
1498,42,gas,25.6,ppm,2026-09-08T20:55:00+00:00
1499,42,gas,43.7,ppm,2026-09-09T02:20:00+00:00
1500,42,gas,13.6,ppm,2026-09-09T08:54:00+00:00
1501,42,temperature,40.1,C,2026-09-06T14:18:00+00:00
1502,42,temperature,34.3,C,2026-09-06T20:33:00+00:00
1503,42,temperature,43.4,C,2026-09-07T02:44:00+00:00
1504,42,temperature,29.9,C,2026-09-07T08:20:00+00:00
1505,42,temperature,22.6,C,2026-09-07T14:38:00+00:00
1506,42,temperature,42.7,C,2026-09-07T20:31:00+00:00
1507,42,temperature,33.8,C,2026-09-08T02:37:00+00:00
1508,42,temperature,43.0,C,2026-09-08T08:46:00+00:00
1509,42,temperature,53.1,C,2026-09-08T14:33:00+00:00
1510,42,temperature,22.4,C,2026-09-08T20:20:00+00:00
1511,42,temperature,38.6,C,2026-09-09T02:17:00+00:00
1512,42,temperature,36.6,C,2026-09-09T08:39:00+00:00
1513,43,dust,4.6,mg/m3,2026-09-06T14:28:00+00:00
1514,43,dust,3.3,mg/m3,2026-09-06T20:49:00+00:00
1515,43,dust,6.7,mg/m3,2026-09-07T02:35:00+00:00
1516,43,dust,4.7,mg/m3,2026-09-07T08:17:00+00:00
1517,43,dust,2.5,mg/m3,2026-09-07T15:00:00+00:00
1518,43,dust,3.4,mg/m3,2026-09-07T20:26:00+00:00
1519,43,dust,4.3,mg/m3,2026-09-08T02:49:00+00:00
1520,43,dust,4.3,mg/m3,2026-09-08T08:26:00+00:00
1521,43,dust,4.5,mg/m3,2026-09-08T14:54:00+00:00
1522,43,dust,3.4,mg/m3,2026-09-08T20:58:00+00:00
1523,43,dust,2.9,mg/m3,2026-09-09T02:28:00+00:00
1524,43,dust,1.7,mg/m3,2026-09-09T08:29:00+00:00
1525,43,gas,11.3,ppm,2026-09-06T14:51:00+00:00
1526,43,gas,8.1,ppm,2026-09-06T20:51:00+00:00
1527,43,gas,42.3,ppm,2026-09-07T02:29:00+00:00
1528,43,gas,12.8,ppm,2026-09-07T08:17:00+00:00
1529,43,gas,38.3,ppm,2026-09-07T14:39:00+00:00
1530,43,gas,18.2,ppm,2026-09-07T20:17:00+00:00
1531,43,gas,17.9,ppm,2026-09-08T02:20:00+00:00
1532,43,gas,6.3,ppm,2026-09-08T08:55:00+00:00
1533,43,gas,22.8,ppm,2026-09-08T14:53:00+00:00
1534,43,gas,18.0,ppm,2026-09-08T20:40:00+00:00
1535,43,gas,31.3,ppm,2026-09-09T03:00:00+00:00
1536,43,gas,20.9,ppm,2026-09-09T08:44:00+00:00
1537,43,temperature,28.4,C,2026-09-06T14:25:00+00:00
1538,43,temperature,28.8,C,2026-09-06T20:57:00+00:00
1539,43,temperature,36.1,C,2026-09-07T02:47:00+00:00
1540,43,temperature,24.0,C,2026-09-07T08:49:00+00:00
1541,43,temperature,33.1,C,2026-09-07T14:42:00+00:00
1542,43,temperature,23.2,C,2026-09-07T20:29:00+00:00
1543,43,temperature,25.5,C,2026-09-08T02:16:00+00:00
1544,43,temperature,25.8,C,2026-09-08T08:19:00+00:00
1545,43,temperature,43.8,C,2026-09-08T14:32:00+00:00
1546,43,temperature,28.7,C,2026-09-08T20:47:00+00:00
1547,43,temperature,29.8,C,2026-09-09T02:36:00+00:00
1548,43,temperature,48.2,C,2026-09-09T08:41:00+00:00
1549,44,dust,5.9,mg/m3,2026-09-06T14:46:00+00:00
1550,44,dust,1.9,mg/m3,2026-09-06T20:30:00+00:00
1551,44,dust,4.9,mg/m3,2026-09-07T02:16:00+00:00
1552,44,dust,2.9,mg/m3,2026-09-07T09:00:00+00:00
1553,44,dust,6.6,mg/m3,2026-09-07T14:50:00+00:00
1554,44,dust,2.4,mg/m3,2026-09-07T20:39:00+00:00
1555,44,dust,8.9,mg/m3,2026-09-08T02:50:00+00:00
1556,44,dust,7.0,mg/m3,2026-09-08T08:29:00+00:00
1557,44,dust,3.6,mg/m3,2026-09-08T14:53:00+00:00
1558,44,dust,4.9,mg/m3,2026-09-08T20:18:00+00:00
1559,44,dust,9.4,mg/m3,2026-09-09T02:56:00+00:00
1560,44,dust,2.5,mg/m3,2026-09-09T08:47:00+00:00
1561,44,gas,36.9,ppm,2026-09-06T14:47:00+00:00
1562,44,gas,36.9,ppm,2026-09-06T20:21:00+00:00
1563,44,gas,24.9,ppm,2026-09-07T02:43:00+00:00
1564,44,gas,38.0,ppm,2026-09-07T08:45:00+00:00
1565,44,gas,16.7,ppm,2026-09-07T14:20:00+00:00
1566,44,gas,43.6,ppm,2026-09-07T20:29:00+00:00
1567,44,gas,10.2,ppm,2026-09-08T02:48:00+00:00
1568,44,gas,43.5,ppm,2026-09-08T08:20:00+00:00
1569,44,gas,22.4,ppm,2026-09-08T15:00:00+00:00
1570,44,gas,37.0,ppm,2026-09-08T20:31:00+00:00
1571,44,gas,27.5,ppm,2026-09-09T02:26:00+00:00
1572,44,gas,18.9,ppm,2026-09-09T08:28:00+00:00
1573,44,temperature,41.9,C,2026-09-06T14:19:00+00:00
1574,44,temperature,33.0,C,2026-09-06T20:28:00+00:00
1575,44,temperature,25.8,C,2026-09-07T02:34:00+00:00
1576,44,temperature,41.5,C,2026-09-07T08:46:00+00:00
1577,44,temperature,27.3,C,2026-09-07T14:18:00+00:00
1578,44,temperature,22.7,C,2026-09-07T20:23:00+00:00
1579,44,temperature,39.5,C,2026-09-08T02:31:00+00:00
1580,44,temperature,38.4,C,2026-09-08T08:28:00+00:00
1581,44,temperature,22.2,C,2026-09-08T14:47:00+00:00
1582,44,temperature,38.5,C,2026-09-08T20:31:00+00:00
1583,44,temperature,25.9,C,2026-09-09T02:34:00+00:00
1584,44,temperature,26.3,C,2026-09-09T08:24:00+00:00
1585,45,dust,6.9,mg/m3,2026-09-06T14:38:00+00:00
1586,45,dust,7.0,mg/m3,2026-09-06T20:59:00+00:00
1587,45,dust,1.8,mg/m3,2026-09-07T02:55:00+00:00
1588,45,dust,2.2,mg/m3,2026-09-07T08:40:00+00:00
1589,45,dust,8.1,mg/m3,2026-09-07T14:25:00+00:00
1590,45,dust,4.6,mg/m3,2026-09-07T20:40:00+00:00
1591,45,dust,5.9,mg/m3,2026-09-08T02:33:00+00:00
1592,45,dust,2.3,mg/m3,2026-09-08T08:31:00+00:00
1593,45,dust,2.9,mg/m3,2026-09-08T14:56:00+00:00
1594,45,dust,6.1,mg/m3,2026-09-08T20:46:00+00:00
1595,45,dust,6.3,mg/m3,2026-09-09T03:00:00+00:00
1596,45,dust,2.4,mg/m3,2026-09-09T08:47:00+00:00
1597,45,gas,30.6,ppm,2026-09-06T14:59:00+00:00
1598,45,gas,23.5,ppm,2026-09-06T20:53:00+00:00
1599,45,gas,27.5,ppm,2026-09-07T02:53:00+00:00
1600,45,gas,23.7,ppm,2026-09-07T08:46:00+00:00
1601,45,gas,22.2,ppm,2026-09-07T14:50:00+00:00
1602,45,gas,12.0,ppm,2026-09-07T20:21:00+00:00
1603,45,gas,9.7,ppm,2026-09-08T02:20:00+00:00
1604,45,gas,43.3,ppm,2026-09-08T08:30:00+00:00
1605,45,gas,20.5,ppm,2026-09-08T14:36:00+00:00
1606,45,gas,32.4,ppm,2026-09-08T20:36:00+00:00
1607,45,gas,41.1,ppm,2026-09-09T02:37:00+00:00
1608,45,gas,13.7,ppm,2026-09-09T08:29:00+00:00
1609,45,temperature,37.3,C,2026-09-06T14:19:00+00:00
1610,45,temperature,36.3,C,2026-09-06T20:52:00+00:00
1611,45,temperature,25.8,C,2026-09-07T02:57:00+00:00
1612,45,temperature,43.2,C,2026-09-07T08:24:00+00:00
1613,45,temperature,28.4,C,2026-09-07T14:24:00+00:00
1614,45,temperature,28.6,C,2026-09-07T20:56:00+00:00
1615,45,temperature,36.3,C,2026-09-08T02:58:00+00:00
1616,45,temperature,41.8,C,2026-09-08T08:35:00+00:00
1617,45,temperature,35.0,C,2026-09-08T14:26:00+00:00
1618,45,temperature,34.8,C,2026-09-08T20:17:00+00:00
1619,45,temperature,25.5,C,2026-09-09T02:15:00+00:00
1620,45,temperature,32.0,C,2026-09-09T08:38:00+00:00
1621,46,dust,6.6,mg/m3,2026-09-06T14:45:00+00:00
1622,46,dust,6.3,mg/m3,2026-09-06T20:44:00+00:00
1623,46,dust,17.6,mg/m3,2026-09-07T02:32:00+00:00
1624,46,dust,4.9,mg/m3,2026-09-07T08:36:00+00:00
1625,46,dust,1.5,mg/m3,2026-09-07T14:15:00+00:00
1626,46,dust,8.1,mg/m3,2026-09-07T20:32:00+00:00
1627,46,dust,8.6,mg/m3,2026-09-08T02:33:00+00:00
1628,46,dust,2.2,mg/m3,2026-09-08T08:22:00+00:00
1629,46,dust,8.6,mg/m3,2026-09-08T14:20:00+00:00
1630,46,dust,8.4,mg/m3,2026-09-08T20:29:00+00:00
1631,46,dust,8.0,mg/m3,2026-09-09T02:59:00+00:00
1632,46,dust,2.6,mg/m3,2026-09-09T08:21:00+00:00
1633,46,gas,22.7,ppm,2026-09-06T14:36:00+00:00
1634,46,gas,12.5,ppm,2026-09-06T20:27:00+00:00
1635,46,gas,42.7,ppm,2026-09-07T02:43:00+00:00
1636,46,gas,14.9,ppm,2026-09-07T08:21:00+00:00
1637,46,gas,20.4,ppm,2026-09-07T14:35:00+00:00
1638,46,gas,13.0,ppm,2026-09-07T20:24:00+00:00
1639,46,gas,5.6,ppm,2026-09-08T02:38:00+00:00
1640,46,gas,36.2,ppm,2026-09-08T08:39:00+00:00
1641,46,gas,8.6,ppm,2026-09-08T14:41:00+00:00
1642,46,gas,16.3,ppm,2026-09-08T20:37:00+00:00
1643,46,gas,18.0,ppm,2026-09-09T02:25:00+00:00
1644,46,gas,26.3,ppm,2026-09-09T08:17:00+00:00
1645,46,temperature,32.2,C,2026-09-06T14:15:00+00:00
1646,46,temperature,33.5,C,2026-09-06T20:34:00+00:00
1647,46,temperature,31.9,C,2026-09-07T02:18:00+00:00
1648,46,temperature,22.8,C,2026-09-07T08:59:00+00:00
1649,46,temperature,34.2,C,2026-09-07T14:30:00+00:00
1650,46,temperature,34.5,C,2026-09-07T20:46:00+00:00
1651,46,temperature,43.4,C,2026-09-08T02:21:00+00:00
1652,46,temperature,37.3,C,2026-09-08T08:58:00+00:00
1653,46,temperature,42.7,C,2026-09-08T14:28:00+00:00
1654,46,temperature,43.2,C,2026-09-08T20:57:00+00:00
1655,46,temperature,24.4,C,2026-09-09T02:18:00+00:00
1656,46,temperature,22.8,C,2026-09-09T08:52:00+00:00
1657,47,dust,9.3,mg/m3,2026-09-06T14:44:00+00:00
1658,47,dust,7.5,mg/m3,2026-09-06T20:59:00+00:00
1659,47,dust,6.8,mg/m3,2026-09-07T02:28:00+00:00
1660,47,dust,6.2,mg/m3,2026-09-07T08:26:00+00:00
1661,47,dust,7.4,mg/m3,2026-09-07T14:52:00+00:00
1662,47,dust,1.8,mg/m3,2026-09-07T20:18:00+00:00
1663,47,dust,5.4,mg/m3,2026-09-08T02:24:00+00:00
1664,47,dust,3.2,mg/m3,2026-09-08T08:42:00+00:00
1665,47,dust,7.7,mg/m3,2026-09-08T14:28:00+00:00
1666,47,dust,6.6,mg/m3,2026-09-08T21:00:00+00:00
1667,47,dust,18.6,mg/m3,2026-09-09T02:21:00+00:00
1668,47,dust,8.7,mg/m3,2026-09-09T08:20:00+00:00
1669,47,gas,33.3,ppm,2026-09-06T14:57:00+00:00
1670,47,gas,30.6,ppm,2026-09-06T20:29:00+00:00
1671,47,gas,38.3,ppm,2026-09-07T02:23:00+00:00
1672,47,gas,5.7,ppm,2026-09-07T08:49:00+00:00
1673,47,gas,43.3,ppm,2026-09-07T14:16:00+00:00
1674,47,gas,44.1,ppm,2026-09-07T20:30:00+00:00
1675,47,gas,26.2,ppm,2026-09-08T02:25:00+00:00
1676,47,gas,24.3,ppm,2026-09-08T08:35:00+00:00
1677,47,gas,22.8,ppm,2026-09-08T14:48:00+00:00
1678,47,gas,14.4,ppm,2026-09-08T20:29:00+00:00
1679,47,gas,12.5,ppm,2026-09-09T02:34:00+00:00
1680,47,gas,24.1,ppm,2026-09-09T08:29:00+00:00
1681,47,temperature,43.5,C,2026-09-06T14:38:00+00:00
1682,47,temperature,38.8,C,2026-09-06T20:20:00+00:00
1683,47,temperature,27.9,C,2026-09-07T02:25:00+00:00
1684,47,temperature,31.1,C,2026-09-07T08:30:00+00:00
1685,47,temperature,37.0,C,2026-09-07T14:24:00+00:00
1686,47,temperature,22.0,C,2026-09-07T20:43:00+00:00
1687,47,temperature,36.6,C,2026-09-08T02:38:00+00:00
1688,47,temperature,28.8,C,2026-09-08T08:42:00+00:00
1689,47,temperature,40.1,C,2026-09-08T14:57:00+00:00
1690,47,temperature,37.1,C,2026-09-08T20:21:00+00:00
1691,47,temperature,30.7,C,2026-09-09T02:25:00+00:00
1692,47,temperature,42.4,C,2026-09-09T08:34:00+00:00
1693,48,dust,3.4,mg/m3,2026-09-06T14:52:00+00:00
1694,48,dust,2.0,mg/m3,2026-09-06T20:57:00+00:00
1695,48,dust,4.4,mg/m3,2026-09-07T02:53:00+00:00
1696,48,dust,8.3,mg/m3,2026-09-07T08:56:00+00:00
1697,48,dust,5.4,mg/m3,2026-09-07T14:50:00+00:00
1698,48,dust,9.3,mg/m3,2026-09-07T20:58:00+00:00
1699,48,dust,4.7,mg/m3,2026-09-08T02:19:00+00:00
1700,48,dust,2.7,mg/m3,2026-09-08T08:23:00+00:00
1701,48,dust,8.5,mg/m3,2026-09-08T14:45:00+00:00
1702,48,dust,7.1,mg/m3,2026-09-08T20:57:00+00:00
1703,48,dust,3.7,mg/m3,2026-09-09T02:42:00+00:00
1704,48,dust,1.9,mg/m3,2026-09-09T08:40:00+00:00
1705,48,gas,41.4,ppm,2026-09-06T14:52:00+00:00
1706,48,gas,31.9,ppm,2026-09-06T20:22:00+00:00
1707,48,gas,35.1,ppm,2026-09-07T02:40:00+00:00
1708,48,gas,15.5,ppm,2026-09-07T08:18:00+00:00
1709,48,gas,8.6,ppm,2026-09-07T14:40:00+00:00
1710,48,gas,86.3,ppm,2026-09-07T20:22:00+00:00
1711,48,gas,18.3,ppm,2026-09-08T02:17:00+00:00
1712,48,gas,41.6,ppm,2026-09-08T08:48:00+00:00
1713,48,gas,21.2,ppm,2026-09-08T14:19:00+00:00
1714,48,gas,14.2,ppm,2026-09-08T20:36:00+00:00
1715,48,gas,19.1,ppm,2026-09-09T02:33:00+00:00
1716,48,gas,27.0,ppm,2026-09-09T08:56:00+00:00
1717,48,temperature,35.7,C,2026-09-06T14:33:00+00:00
1718,48,temperature,25.2,C,2026-09-06T20:35:00+00:00
1719,48,temperature,22.4,C,2026-09-07T02:49:00+00:00
1720,48,temperature,30.0,C,2026-09-07T08:15:00+00:00
1721,48,temperature,38.0,C,2026-09-07T14:57:00+00:00
1722,48,temperature,23.3,C,2026-09-07T20:26:00+00:00
1723,48,temperature,41.4,C,2026-09-08T02:21:00+00:00
1724,48,temperature,40.0,C,2026-09-08T08:19:00+00:00
1725,48,temperature,38.5,C,2026-09-08T14:28:00+00:00
1726,48,temperature,23.0,C,2026-09-08T20:20:00+00:00
1727,48,temperature,43.9,C,2026-09-09T02:52:00+00:00
1728,48,temperature,28.0,C,2026-09-09T08:58:00+00:00
1729,49,dust,2.0,mg/m3,2026-09-06T14:17:00+00:00
1730,49,dust,5.9,mg/m3,2026-09-06T20:16:00+00:00
1731,49,dust,1.7,mg/m3,2026-09-07T02:43:00+00:00
1732,49,dust,5.1,mg/m3,2026-09-07T08:51:00+00:00
1733,49,dust,6.6,mg/m3,2026-09-07T14:56:00+00:00
1734,49,dust,3.8,mg/m3,2026-09-07T20:36:00+00:00
1735,49,dust,5.3,mg/m3,2026-09-08T02:39:00+00:00
1736,49,dust,2.4,mg/m3,2026-09-08T08:44:00+00:00
1737,49,dust,5.6,mg/m3,2026-09-08T14:41:00+00:00
1738,49,dust,8.2,mg/m3,2026-09-08T20:38:00+00:00
1739,49,dust,18.6,mg/m3,2026-09-09T02:27:00+00:00
1740,49,dust,1.8,mg/m3,2026-09-09T08:29:00+00:00
1741,49,gas,38.6,ppm,2026-09-06T14:41:00+00:00
1742,49,gas,38.1,ppm,2026-09-06T20:56:00+00:00
1743,49,gas,35.8,ppm,2026-09-07T02:31:00+00:00
1744,49,gas,37.1,ppm,2026-09-07T08:47:00+00:00
1745,49,gas,71.2,ppm,2026-09-07T14:57:00+00:00
1746,49,gas,30.1,ppm,2026-09-07T20:30:00+00:00
1747,49,gas,7.3,ppm,2026-09-08T02:51:00+00:00
1748,49,gas,13.4,ppm,2026-09-08T08:46:00+00:00
1749,49,gas,24.3,ppm,2026-09-08T14:56:00+00:00
1750,49,gas,40.2,ppm,2026-09-08T20:29:00+00:00
1751,49,gas,55.3,ppm,2026-09-09T02:27:00+00:00
1752,49,gas,7.8,ppm,2026-09-09T08:45:00+00:00
1753,49,temperature,26.5,C,2026-09-06T14:43:00+00:00
1754,49,temperature,31.6,C,2026-09-06T20:45:00+00:00
1755,49,temperature,43.6,C,2026-09-07T02:15:00+00:00
1756,49,temperature,42.7,C,2026-09-07T08:40:00+00:00
1757,49,temperature,38.3,C,2026-09-07T14:33:00+00:00
1758,49,temperature,38.8,C,2026-09-07T20:28:00+00:00
1759,49,temperature,35.0,C,2026-09-08T02:20:00+00:00
1760,49,temperature,43.9,C,2026-09-08T08:46:00+00:00
1761,49,temperature,28.9,C,2026-09-08T14:16:00+00:00
1762,49,temperature,37.6,C,2026-09-08T20:55:00+00:00
1763,49,temperature,39.8,C,2026-09-09T02:28:00+00:00
1764,49,temperature,41.5,C,2026-09-09T08:59:00+00:00
1765,50,dust,5.2,mg/m3,2026-09-06T14:26:00+00:00
1766,50,dust,4.9,mg/m3,2026-09-06T20:49:00+00:00
1767,50,dust,8.4,mg/m3,2026-09-07T02:25:00+00:00
1768,50,dust,6.8,mg/m3,2026-09-07T08:41:00+00:00
1769,50,dust,8.5,mg/m3,2026-09-07T14:50:00+00:00
1770,50,dust,2.6,mg/m3,2026-09-07T20:59:00+00:00
1771,50,dust,6.1,mg/m3,2026-09-08T02:34:00+00:00
1772,50,dust,8.0,mg/m3,2026-09-08T08:57:00+00:00
1773,50,dust,1.6,mg/m3,2026-09-08T14:25:00+00:00
1774,50,dust,4.7,mg/m3,2026-09-08T20:20:00+00:00
1775,50,dust,3.9,mg/m3,2026-09-09T02:45:00+00:00
1776,50,dust,5.6,mg/m3,2026-09-09T08:16:00+00:00
1777,50,gas,17.8,ppm,2026-09-06T14:26:00+00:00
1778,50,gas,32.4,ppm,2026-09-06T20:44:00+00:00
1779,50,gas,20.4,ppm,2026-09-07T02:51:00+00:00
1780,50,gas,40.0,ppm,2026-09-07T08:59:00+00:00
1781,50,gas,17.4,ppm,2026-09-07T14:57:00+00:00
1782,50,gas,11.2,ppm,2026-09-07T20:48:00+00:00
1783,50,gas,17.5,ppm,2026-09-08T02:58:00+00:00
1784,50,gas,30.7,ppm,2026-09-08T08:30:00+00:00
1785,50,gas,40.4,ppm,2026-09-08T14:28:00+00:00
1786,50,gas,43.4,ppm,2026-09-08T20:49:00+00:00
1787,50,gas,14.6,ppm,2026-09-09T03:00:00+00:00
1788,50,gas,15.5,ppm,2026-09-09T08:31:00+00:00
1789,50,temperature,42.2,C,2026-09-06T14:25:00+00:00
1790,50,temperature,26.9,C,2026-09-06T20:56:00+00:00
1791,50,temperature,31.8,C,2026-09-07T02:47:00+00:00
1792,50,temperature,41.6,C,2026-09-07T08:32:00+00:00
1793,50,temperature,50.3,C,2026-09-07T14:58:00+00:00
1794,50,temperature,34.8,C,2026-09-07T20:47:00+00:00
1795,50,temperature,41.2,C,2026-09-08T02:45:00+00:00
1796,50,temperature,42.9,C,2026-09-08T08:22:00+00:00
1797,50,temperature,41.3,C,2026-09-08T14:56:00+00:00
1798,50,temperature,27.9,C,2026-09-08T20:25:00+00:00
1799,50,temperature,41.4,C,2026-09-09T02:47:00+00:00
1800,50,temperature,42.8,C,2026-09-09T08:37:00+00:00
1801,51,dust,2.5,mg/m3,2026-09-06T14:28:00+00:00
1802,51,dust,3.6,mg/m3,2026-09-06T20:51:00+00:00
1803,51,dust,7.5,mg/m3,2026-09-07T02:26:00+00:00
1804,51,dust,6.3,mg/m3,2026-09-07T08:27:00+00:00
1805,51,dust,5.7,mg/m3,2026-09-07T14:53:00+00:00
1806,51,dust,5.1,mg/m3,2026-09-07T20:52:00+00:00
1807,51,dust,5.0,mg/m3,2026-09-08T02:50:00+00:00
1808,51,dust,3.6,mg/m3,2026-09-08T08:24:00+00:00
1809,51,dust,2.4,mg/m3,2026-09-08T14:19:00+00:00
1810,51,dust,3.3,mg/m3,2026-09-08T20:48:00+00:00
1811,51,dust,1.9,mg/m3,2026-09-09T02:58:00+00:00
1812,51,dust,8.8,mg/m3,2026-09-09T08:38:00+00:00
1813,51,gas,25.2,ppm,2026-09-06T14:26:00+00:00
1814,51,gas,24.4,ppm,2026-09-06T20:48:00+00:00
1815,51,gas,33.4,ppm,2026-09-07T02:23:00+00:00
1816,51,gas,39.2,ppm,2026-09-07T08:56:00+00:00
1817,51,gas,9.6,ppm,2026-09-07T14:56:00+00:00
1818,51,gas,13.1,ppm,2026-09-07T20:46:00+00:00
1819,51,gas,10.9,ppm,2026-09-08T02:33:00+00:00
1820,51,gas,79.6,ppm,2026-09-08T08:30:00+00:00
1821,51,gas,66.0,ppm,2026-09-08T14:28:00+00:00
1822,51,gas,16.1,ppm,2026-09-08T20:19:00+00:00
1823,51,gas,11.6,ppm,2026-09-09T02:43:00+00:00
1824,51,gas,41.6,ppm,2026-09-09T08:34:00+00:00
1825,51,temperature,31.0,C,2026-09-06T14:36:00+00:00
1826,51,temperature,27.2,C,2026-09-06T20:44:00+00:00
1827,51,temperature,43.3,C,2026-09-07T02:31:00+00:00
1828,51,temperature,35.7,C,2026-09-07T08:56:00+00:00
1829,51,temperature,40.9,C,2026-09-07T14:47:00+00:00
1830,51,temperature,38.1,C,2026-09-07T20:23:00+00:00
1831,51,temperature,33.7,C,2026-09-08T02:47:00+00:00
1832,51,temperature,43.1,C,2026-09-08T08:32:00+00:00
1833,51,temperature,39.1,C,2026-09-08T14:53:00+00:00
1834,51,temperature,32.8,C,2026-09-08T20:31:00+00:00
1835,51,temperature,53.4,C,2026-09-09T02:48:00+00:00
1836,51,temperature,28.6,C,2026-09-09T08:55:00+00:00
1837,52,dust,4.0,mg/m3,2026-09-06T14:52:00+00:00
1838,52,dust,5.4,mg/m3,2026-09-06T20:43:00+00:00
1839,52,dust,3.6,mg/m3,2026-09-07T02:18:00+00:00
1840,52,dust,6.2,mg/m3,2026-09-07T08:34:00+00:00
1841,52,dust,4.7,mg/m3,2026-09-07T14:47:00+00:00
1842,52,dust,2.4,mg/m3,2026-09-07T20:47:00+00:00
1843,52,dust,5.7,mg/m3,2026-09-08T02:38:00+00:00
1844,52,dust,8.2,mg/m3,2026-09-08T08:45:00+00:00
1845,52,dust,1.7,mg/m3,2026-09-08T14:30:00+00:00
1846,52,dust,8.6,mg/m3,2026-09-08T20:29:00+00:00
1847,52,dust,2.5,mg/m3,2026-09-09T02:55:00+00:00
1848,52,dust,2.1,mg/m3,2026-09-09T08:18:00+00:00
1849,52,gas,13.8,ppm,2026-09-06T14:28:00+00:00
1850,52,gas,30.2,ppm,2026-09-06T20:24:00+00:00
1851,52,gas,25.0,ppm,2026-09-07T02:18:00+00:00
1852,52,gas,38.1,ppm,2026-09-07T09:00:00+00:00
1853,52,gas,35.3,ppm,2026-09-07T14:18:00+00:00
1854,52,gas,22.0,ppm,2026-09-07T20:40:00+00:00
1855,52,gas,10.8,ppm,2026-09-08T02:36:00+00:00
1856,52,gas,42.0,ppm,2026-09-08T08:46:00+00:00
1857,52,gas,40.8,ppm,2026-09-08T14:48:00+00:00
1858,52,gas,21.3,ppm,2026-09-08T20:25:00+00:00
1859,52,gas,20.8,ppm,2026-09-09T02:17:00+00:00
1860,52,gas,19.0,ppm,2026-09-09T08:30:00+00:00
1861,52,temperature,40.6,C,2026-09-06T14:18:00+00:00
1862,52,temperature,34.3,C,2026-09-06T20:46:00+00:00
1863,52,temperature,22.1,C,2026-09-07T02:32:00+00:00
1864,52,temperature,42.5,C,2026-09-07T08:35:00+00:00
1865,52,temperature,37.6,C,2026-09-07T14:44:00+00:00
1866,52,temperature,30.8,C,2026-09-07T20:16:00+00:00
1867,52,temperature,28.0,C,2026-09-08T02:28:00+00:00
1868,52,temperature,37.2,C,2026-09-08T08:32:00+00:00
1869,52,temperature,48.7,C,2026-09-08T14:18:00+00:00
1870,52,temperature,38.7,C,2026-09-08T20:56:00+00:00
1871,52,temperature,37.6,C,2026-09-09T02:45:00+00:00
1872,52,temperature,49.2,C,2026-09-09T08:31:00+00:00
1873,53,dust,3.0,mg/m3,2026-09-06T14:56:00+00:00
1874,53,dust,1.7,mg/m3,2026-09-06T20:44:00+00:00
1875,53,dust,6.4,mg/m3,2026-09-07T02:40:00+00:00
1876,53,dust,1.9,mg/m3,2026-09-07T08:44:00+00:00
1877,53,dust,6.5,mg/m3,2026-09-07T14:51:00+00:00
1878,53,dust,1.8,mg/m3,2026-09-07T20:21:00+00:00
1879,53,dust,7.3,mg/m3,2026-09-08T02:51:00+00:00
1880,53,dust,7.7,mg/m3,2026-09-08T08:44:00+00:00
1881,53,dust,5.2,mg/m3,2026-09-08T14:47:00+00:00
1882,53,dust,8.1,mg/m3,2026-09-08T20:51:00+00:00
1883,53,dust,7.7,mg/m3,2026-09-09T02:36:00+00:00
1884,53,dust,4.6,mg/m3,2026-09-09T08:23:00+00:00
1885,53,gas,17.3,ppm,2026-09-06T14:52:00+00:00
1886,53,gas,14.6,ppm,2026-09-06T20:48:00+00:00
1887,53,gas,28.8,ppm,2026-09-07T02:29:00+00:00
1888,53,gas,78.5,ppm,2026-09-07T08:23:00+00:00
1889,53,gas,25.3,ppm,2026-09-07T14:30:00+00:00
1890,53,gas,26.6,ppm,2026-09-07T20:35:00+00:00
1891,53,gas,18.9,ppm,2026-09-08T02:45:00+00:00
1892,53,gas,9.0,ppm,2026-09-08T08:54:00+00:00
1893,53,gas,28.4,ppm,2026-09-08T14:41:00+00:00
1894,53,gas,30.5,ppm,2026-09-08T20:40:00+00:00
1895,53,gas,39.7,ppm,2026-09-09T02:16:00+00:00
1896,53,gas,20.7,ppm,2026-09-09T08:38:00+00:00
1897,53,temperature,46.4,C,2026-09-06T14:35:00+00:00
1898,53,temperature,32.6,C,2026-09-06T20:56:00+00:00
1899,53,temperature,25.8,C,2026-09-07T02:50:00+00:00
1900,53,temperature,36.3,C,2026-09-07T08:17:00+00:00
1901,53,temperature,24.9,C,2026-09-07T14:52:00+00:00
1902,53,temperature,39.7,C,2026-09-07T20:28:00+00:00
1903,53,temperature,32.6,C,2026-09-08T02:47:00+00:00
1904,53,temperature,41.4,C,2026-09-08T08:20:00+00:00
1905,53,temperature,40.5,C,2026-09-08T14:33:00+00:00
1906,53,temperature,42.1,C,2026-09-08T20:21:00+00:00
1907,53,temperature,25.1,C,2026-09-09T02:31:00+00:00
1908,53,temperature,22.7,C,2026-09-09T08:18:00+00:00
1909,54,dust,2.5,mg/m3,2026-09-06T14:58:00+00:00
1910,54,dust,6.5,mg/m3,2026-09-06T21:00:00+00:00
1911,54,dust,3.4,mg/m3,2026-09-07T02:38:00+00:00
1912,54,dust,9.4,mg/m3,2026-09-07T08:37:00+00:00
1913,54,dust,7.3,mg/m3,2026-09-07T14:32:00+00:00
1914,54,dust,6.8,mg/m3,2026-09-07T20:39:00+00:00
1915,54,dust,9.3,mg/m3,2026-09-08T02:40:00+00:00
1916,54,dust,4.3,mg/m3,2026-09-08T08:27:00+00:00
1917,54,dust,8.9,mg/m3,2026-09-08T14:32:00+00:00
1918,54,dust,2.4,mg/m3,2026-09-08T20:17:00+00:00
1919,54,dust,7.2,mg/m3,2026-09-09T02:39:00+00:00
1920,54,dust,3.3,mg/m3,2026-09-09T08:41:00+00:00
1921,54,gas,43.6,ppm,2026-09-06T14:23:00+00:00
1922,54,gas,29.7,ppm,2026-09-06T20:39:00+00:00
1923,54,gas,37.7,ppm,2026-09-07T02:51:00+00:00
1924,54,gas,13.4,ppm,2026-09-07T08:45:00+00:00
1925,54,gas,31.0,ppm,2026-09-07T14:21:00+00:00
1926,54,gas,22.3,ppm,2026-09-07T20:37:00+00:00
1927,54,gas,14.3,ppm,2026-09-08T02:52:00+00:00
1928,54,gas,15.5,ppm,2026-09-08T08:37:00+00:00
1929,54,gas,35.9,ppm,2026-09-08T14:17:00+00:00
1930,54,gas,33.0,ppm,2026-09-08T20:57:00+00:00
1931,54,gas,16.5,ppm,2026-09-09T03:00:00+00:00
1932,54,gas,28.0,ppm,2026-09-09T08:55:00+00:00
1933,54,temperature,28.6,C,2026-09-06T14:37:00+00:00
1934,54,temperature,24.9,C,2026-09-06T20:31:00+00:00
1935,54,temperature,33.6,C,2026-09-07T02:58:00+00:00
1936,54,temperature,43.0,C,2026-09-07T08:49:00+00:00
1937,54,temperature,32.7,C,2026-09-07T14:17:00+00:00
1938,54,temperature,22.5,C,2026-09-07T21:00:00+00:00
1939,54,temperature,28.6,C,2026-09-08T02:58:00+00:00
1940,54,temperature,35.9,C,2026-09-08T08:48:00+00:00
1941,54,temperature,35.2,C,2026-09-08T14:38:00+00:00
1942,54,temperature,54.5,C,2026-09-08T20:29:00+00:00
1943,54,temperature,33.7,C,2026-09-09T02:19:00+00:00
1944,54,temperature,36.6,C,2026-09-09T08:57:00+00:00
1945,55,dust,3.8,mg/m3,2026-09-06T14:25:00+00:00
1946,55,dust,7.1,mg/m3,2026-09-06T20:50:00+00:00
1947,55,dust,6.6,mg/m3,2026-09-07T02:40:00+00:00
1948,55,dust,8.5,mg/m3,2026-09-07T08:44:00+00:00
1949,55,dust,6.2,mg/m3,2026-09-07T14:31:00+00:00
1950,55,dust,7.0,mg/m3,2026-09-07T20:47:00+00:00
1951,55,dust,2.8,mg/m3,2026-09-08T02:58:00+00:00
1952,55,dust,8.8,mg/m3,2026-09-08T08:34:00+00:00
1953,55,dust,2.6,mg/m3,2026-09-08T14:23:00+00:00
1954,55,dust,8.5,mg/m3,2026-09-08T20:23:00+00:00
1955,55,dust,6.5,mg/m3,2026-09-09T02:21:00+00:00
1956,55,dust,9.2,mg/m3,2026-09-09T08:25:00+00:00
1957,55,gas,11.6,ppm,2026-09-06T14:41:00+00:00
1958,55,gas,36.7,ppm,2026-09-06T20:29:00+00:00
1959,55,gas,32.0,ppm,2026-09-07T02:46:00+00:00
1960,55,gas,8.4,ppm,2026-09-07T08:38:00+00:00
1961,55,gas,11.3,ppm,2026-09-07T14:38:00+00:00
1962,55,gas,23.8,ppm,2026-09-07T20:53:00+00:00
1963,55,gas,24.1,ppm,2026-09-08T02:50:00+00:00
1964,55,gas,6.8,ppm,2026-09-08T08:39:00+00:00
1965,55,gas,35.9,ppm,2026-09-08T14:35:00+00:00
1966,55,gas,23.9,ppm,2026-09-08T20:55:00+00:00
1967,55,gas,20.9,ppm,2026-09-09T02:50:00+00:00
1968,55,gas,32.7,ppm,2026-09-09T08:43:00+00:00
1969,55,temperature,39.0,C,2026-09-06T14:56:00+00:00
1970,55,temperature,28.6,C,2026-09-06T20:31:00+00:00
1971,55,temperature,29.2,C,2026-09-07T02:51:00+00:00
1972,55,temperature,39.3,C,2026-09-07T08:22:00+00:00
1973,55,temperature,30.4,C,2026-09-07T14:39:00+00:00
1974,55,temperature,33.9,C,2026-09-07T20:27:00+00:00
1975,55,temperature,41.0,C,2026-09-08T02:55:00+00:00
1976,55,temperature,22.1,C,2026-09-08T08:36:00+00:00
1977,55,temperature,53.0,C,2026-09-08T14:52:00+00:00
1978,55,temperature,26.3,C,2026-09-08T20:55:00+00:00
1979,55,temperature,24.7,C,2026-09-09T02:53:00+00:00
1980,55,temperature,41.0,C,2026-09-09T08:28:00+00:00
1981,56,dust,6.5,mg/m3,2026-09-06T14:45:00+00:00
1982,56,dust,6.2,mg/m3,2026-09-06T20:33:00+00:00
1983,56,dust,7.2,mg/m3,2026-09-07T02:23:00+00:00
1984,56,dust,7.9,mg/m3,2026-09-07T08:57:00+00:00
1985,56,dust,3.5,mg/m3,2026-09-07T14:41:00+00:00
1986,56,dust,2.6,mg/m3,2026-09-07T20:55:00+00:00
1987,56,dust,4.0,mg/m3,2026-09-08T02:42:00+00:00
1988,56,dust,2.3,mg/m3,2026-09-08T08:15:00+00:00
1989,56,dust,5.5,mg/m3,2026-09-08T14:26:00+00:00
1990,56,dust,5.5,mg/m3,2026-09-08T20:54:00+00:00
1991,56,dust,3.4,mg/m3,2026-09-09T02:15:00+00:00
1992,56,dust,8.5,mg/m3,2026-09-09T08:36:00+00:00
1993,56,gas,27.4,ppm,2026-09-06T14:55:00+00:00
1994,56,gas,21.9,ppm,2026-09-06T20:41:00+00:00
1995,56,gas,10.9,ppm,2026-09-07T02:19:00+00:00
1996,56,gas,28.8,ppm,2026-09-07T08:25:00+00:00
1997,56,gas,32.4,ppm,2026-09-07T14:40:00+00:00
1998,56,gas,36.3,ppm,2026-09-07T20:36:00+00:00
1999,56,gas,11.2,ppm,2026-09-08T02:45:00+00:00
2000,56,gas,32.7,ppm,2026-09-08T08:21:00+00:00
2001,56,gas,38.9,ppm,2026-09-08T14:43:00+00:00
2002,56,gas,39.3,ppm,2026-09-08T20:26:00+00:00
2003,56,gas,12.0,ppm,2026-09-09T02:15:00+00:00
2004,56,gas,23.7,ppm,2026-09-09T08:40:00+00:00
2005,56,temperature,28.6,C,2026-09-06T14:33:00+00:00
2006,56,temperature,22.2,C,2026-09-06T20:32:00+00:00
2007,56,temperature,28.5,C,2026-09-07T02:46:00+00:00
2008,56,temperature,28.8,C,2026-09-07T08:42:00+00:00
2009,56,temperature,42.9,C,2026-09-07T14:15:00+00:00
2010,56,temperature,26.0,C,2026-09-07T20:34:00+00:00
2011,56,temperature,38.9,C,2026-09-08T02:56:00+00:00
2012,56,temperature,24.5,C,2026-09-08T08:37:00+00:00
2013,56,temperature,35.4,C,2026-09-08T14:31:00+00:00
2014,56,temperature,34.0,C,2026-09-08T20:54:00+00:00
2015,56,temperature,48.3,C,2026-09-09T02:19:00+00:00
2016,56,temperature,34.1,C,2026-09-09T08:42:00+00:00
2017,57,dust,3.2,mg/m3,2026-09-06T15:00:00+00:00
2018,57,dust,2.4,mg/m3,2026-09-06T20:36:00+00:00
2019,57,dust,3.7,mg/m3,2026-09-07T02:54:00+00:00
2020,57,dust,7.0,mg/m3,2026-09-07T08:29:00+00:00
2021,57,dust,2.3,mg/m3,2026-09-07T14:23:00+00:00
2022,57,dust,8.6,mg/m3,2026-09-07T20:22:00+00:00
2023,57,dust,6.1,mg/m3,2026-09-08T02:53:00+00:00
2024,57,dust,4.4,mg/m3,2026-09-08T08:22:00+00:00
2025,57,dust,7.0,mg/m3,2026-09-08T14:20:00+00:00
2026,57,dust,3.2,mg/m3,2026-09-08T20:26:00+00:00
2027,57,dust,2.7,mg/m3,2026-09-09T02:17:00+00:00
2028,57,dust,2.0,mg/m3,2026-09-09T08:56:00+00:00
2029,57,gas,28.9,ppm,2026-09-06T14:43:00+00:00
2030,57,gas,6.8,ppm,2026-09-06T20:27:00+00:00
2031,57,gas,21.7,ppm,2026-09-07T02:34:00+00:00
2032,57,gas,15.1,ppm,2026-09-07T08:44:00+00:00
2033,57,gas,16.2,ppm,2026-09-07T14:23:00+00:00
2034,57,gas,28.7,ppm,2026-09-07T20:48:00+00:00
2035,57,gas,20.3,ppm,2026-09-08T02:48:00+00:00
2036,57,gas,7.1,ppm,2026-09-08T08:35:00+00:00
2037,57,gas,24.9,ppm,2026-09-08T14:26:00+00:00
2038,57,gas,37.5,ppm,2026-09-08T20:39:00+00:00
2039,57,gas,39.5,ppm,2026-09-09T02:20:00+00:00
2040,57,gas,27.7,ppm,2026-09-09T08:58:00+00:00
2041,57,temperature,36.5,C,2026-09-06T14:55:00+00:00
2042,57,temperature,23.1,C,2026-09-06T20:15:00+00:00
2043,57,temperature,26.1,C,2026-09-07T02:35:00+00:00
2044,57,temperature,28.3,C,2026-09-07T08:39:00+00:00
2045,57,temperature,34.5,C,2026-09-07T14:35:00+00:00
2046,57,temperature,35.6,C,2026-09-07T20:38:00+00:00
2047,57,temperature,30.1,C,2026-09-08T02:54:00+00:00
2048,57,temperature,24.6,C,2026-09-08T08:19:00+00:00
2049,57,temperature,29.0,C,2026-09-08T14:25:00+00:00
2050,57,temperature,36.7,C,2026-09-08T20:29:00+00:00
2051,57,temperature,26.9,C,2026-09-09T02:22:00+00:00
2052,57,temperature,46.5,C,2026-09-09T08:17:00+00:00
2053,58,dust,6.4,mg/m3,2026-09-06T14:37:00+00:00
2054,58,dust,8.0,mg/m3,2026-09-06T20:42:00+00:00
2055,58,dust,4.7,mg/m3,2026-09-07T02:28:00+00:00
2056,58,dust,8.5,mg/m3,2026-09-07T09:00:00+00:00
2057,58,dust,4.4,mg/m3,2026-09-07T14:35:00+00:00
2058,58,dust,2.2,mg/m3,2026-09-07T20:42:00+00:00
2059,58,dust,5.7,mg/m3,2026-09-08T02:57:00+00:00
2060,58,dust,4.5,mg/m3,2026-09-08T08:31:00+00:00
2061,58,dust,5.3,mg/m3,2026-09-08T14:26:00+00:00
2062,58,dust,2.8,mg/m3,2026-09-08T20:48:00+00:00
2063,58,dust,6.3,mg/m3,2026-09-09T02:20:00+00:00
2064,58,dust,6.1,mg/m3,2026-09-09T08:27:00+00:00
2065,58,gas,21.4,ppm,2026-09-06T14:59:00+00:00
2066,58,gas,32.9,ppm,2026-09-06T20:45:00+00:00
2067,58,gas,32.2,ppm,2026-09-07T02:37:00+00:00
2068,58,gas,5.6,ppm,2026-09-07T08:46:00+00:00
2069,58,gas,9.1,ppm,2026-09-07T14:18:00+00:00
2070,58,gas,11.9,ppm,2026-09-07T20:31:00+00:00
2071,58,gas,18.7,ppm,2026-09-08T02:40:00+00:00
2072,58,gas,25.3,ppm,2026-09-08T08:41:00+00:00
2073,58,gas,44.9,ppm,2026-09-08T14:36:00+00:00
2074,58,gas,13.1,ppm,2026-09-08T20:32:00+00:00
2075,58,gas,28.1,ppm,2026-09-09T02:44:00+00:00
2076,58,gas,37.4,ppm,2026-09-09T08:30:00+00:00
2077,58,temperature,42.3,C,2026-09-06T14:55:00+00:00
2078,58,temperature,36.9,C,2026-09-06T20:45:00+00:00
2079,58,temperature,40.1,C,2026-09-07T02:56:00+00:00
2080,58,temperature,29.1,C,2026-09-07T08:31:00+00:00
2081,58,temperature,34.0,C,2026-09-07T14:26:00+00:00
2082,58,temperature,35.4,C,2026-09-07T20:28:00+00:00
2083,58,temperature,27.0,C,2026-09-08T02:44:00+00:00
2084,58,temperature,40.9,C,2026-09-08T08:40:00+00:00
2085,58,temperature,38.7,C,2026-09-08T14:32:00+00:00
2086,58,temperature,28.4,C,2026-09-08T20:24:00+00:00
2087,58,temperature,40.1,C,2026-09-09T02:33:00+00:00
2088,58,temperature,28.7,C,2026-09-09T08:38:00+00:00
2089,59,dust,7.7,mg/m3,2026-09-06T14:36:00+00:00
2090,59,dust,8.4,mg/m3,2026-09-06T20:52:00+00:00
2091,59,dust,5.7,mg/m3,2026-09-07T02:28:00+00:00
2092,59,dust,1.5,mg/m3,2026-09-07T08:47:00+00:00
2093,59,dust,6.9,mg/m3,2026-09-07T14:21:00+00:00
2094,59,dust,5.1,mg/m3,2026-09-07T20:47:00+00:00
2095,59,dust,7.6,mg/m3,2026-09-08T02:18:00+00:00
2096,59,dust,2.9,mg/m3,2026-09-08T08:16:00+00:00
2097,59,dust,6.6,mg/m3,2026-09-08T14:59:00+00:00
2098,59,dust,4.0,mg/m3,2026-09-08T20:53:00+00:00
2099,59,dust,5.3,mg/m3,2026-09-09T02:54:00+00:00
2100,59,dust,5.5,mg/m3,2026-09-09T08:30:00+00:00
2101,59,gas,21.9,ppm,2026-09-06T14:36:00+00:00
2102,59,gas,28.1,ppm,2026-09-06T20:59:00+00:00
2103,59,gas,15.3,ppm,2026-09-07T02:50:00+00:00
2104,59,gas,38.8,ppm,2026-09-07T08:56:00+00:00
2105,59,gas,18.0,ppm,2026-09-07T14:39:00+00:00
2106,59,gas,17.3,ppm,2026-09-07T20:38:00+00:00
2107,59,gas,6.1,ppm,2026-09-08T02:21:00+00:00
2108,59,gas,9.9,ppm,2026-09-08T08:34:00+00:00
2109,59,gas,17.1,ppm,2026-09-08T14:34:00+00:00
2110,59,gas,21.3,ppm,2026-09-08T20:26:00+00:00
2111,59,gas,5.2,ppm,2026-09-09T02:17:00+00:00
2112,59,gas,12.5,ppm,2026-09-09T08:36:00+00:00
2113,59,temperature,37.4,C,2026-09-06T14:44:00+00:00
2114,59,temperature,35.8,C,2026-09-06T20:29:00+00:00
2115,59,temperature,33.3,C,2026-09-07T02:38:00+00:00
2116,59,temperature,38.5,C,2026-09-07T08:37:00+00:00
2117,59,temperature,25.9,C,2026-09-07T14:44:00+00:00
2118,59,temperature,36.2,C,2026-09-07T20:17:00+00:00
2119,59,temperature,41.2,C,2026-09-08T02:57:00+00:00
2120,59,temperature,22.2,C,2026-09-08T08:54:00+00:00
2121,59,temperature,38.3,C,2026-09-08T14:16:00+00:00
2122,59,temperature,42.6,C,2026-09-08T20:31:00+00:00
2123,59,temperature,32.2,C,2026-09-09T02:19:00+00:00
2124,59,temperature,30.7,C,2026-09-09T08:27:00+00:00
2125,60,dust,7.8,mg/m3,2026-09-06T14:50:00+00:00
2126,60,dust,7.2,mg/m3,2026-09-06T20:30:00+00:00
2127,60,dust,4.3,mg/m3,2026-09-07T02:37:00+00:00
2128,60,dust,1.5,mg/m3,2026-09-07T08:50:00+00:00
2129,60,dust,2.6,mg/m3,2026-09-07T14:58:00+00:00
2130,60,dust,3.5,mg/m3,2026-09-07T20:39:00+00:00
2131,60,dust,8.0,mg/m3,2026-09-08T02:15:00+00:00
2132,60,dust,5.8,mg/m3,2026-09-08T08:29:00+00:00
2133,60,dust,13.3,mg/m3,2026-09-08T14:29:00+00:00
2134,60,dust,8.9,mg/m3,2026-09-08T20:58:00+00:00
2135,60,dust,6.0,mg/m3,2026-09-09T02:30:00+00:00
2136,60,dust,7.8,mg/m3,2026-09-09T08:58:00+00:00
2137,60,gas,25.3,ppm,2026-09-06T14:47:00+00:00
2138,60,gas,29.1,ppm,2026-09-06T20:54:00+00:00
2139,60,gas,14.1,ppm,2026-09-07T02:58:00+00:00
2140,60,gas,33.4,ppm,2026-09-07T08:51:00+00:00
2141,60,gas,16.0,ppm,2026-09-07T14:19:00+00:00
2142,60,gas,22.8,ppm,2026-09-07T20:16:00+00:00
2143,60,gas,22.1,ppm,2026-09-08T02:23:00+00:00
2144,60,gas,40.3,ppm,2026-09-08T08:52:00+00:00
2145,60,gas,37.3,ppm,2026-09-08T14:27:00+00:00
2146,60,gas,42.7,ppm,2026-09-08T20:41:00+00:00
2147,60,gas,37.7,ppm,2026-09-09T02:46:00+00:00
2148,60,gas,25.4,ppm,2026-09-09T08:26:00+00:00
2149,60,temperature,42.9,C,2026-09-06T14:16:00+00:00
2150,60,temperature,31.0,C,2026-09-06T20:38:00+00:00
2151,60,temperature,24.6,C,2026-09-07T02:37:00+00:00
2152,60,temperature,34.3,C,2026-09-07T08:28:00+00:00
2153,60,temperature,23.4,C,2026-09-07T14:18:00+00:00
2154,60,temperature,23.2,C,2026-09-07T20:16:00+00:00
2155,60,temperature,40.1,C,2026-09-08T02:25:00+00:00
2156,60,temperature,23.4,C,2026-09-08T08:36:00+00:00
2157,60,temperature,33.0,C,2026-09-08T14:32:00+00:00
2158,60,temperature,41.8,C,2026-09-08T20:16:00+00:00
2159,60,temperature,39.5,C,2026-09-09T02:24:00+00:00
2160,60,temperature,38.0,C,2026-09-09T08:26:00+00:00
2161,61,dust,4.4,mg/m3,2026-09-06T14:46:00+00:00
2162,61,dust,7.1,mg/m3,2026-09-06T20:29:00+00:00
2163,61,dust,4.9,mg/m3,2026-09-07T02:22:00+00:00
2164,61,dust,2.5,mg/m3,2026-09-07T08:28:00+00:00
2165,61,dust,7.9,mg/m3,2026-09-07T14:54:00+00:00
2166,61,dust,6.1,mg/m3,2026-09-07T20:21:00+00:00
2167,61,dust,7.1,mg/m3,2026-09-08T02:27:00+00:00
2168,61,dust,7.2,mg/m3,2026-09-08T08:23:00+00:00
2169,61,dust,5.0,mg/m3,2026-09-08T14:46:00+00:00
2170,61,dust,4.2,mg/m3,2026-09-08T20:45:00+00:00
2171,61,dust,6.3,mg/m3,2026-09-09T02:41:00+00:00
2172,61,dust,7.6,mg/m3,2026-09-09T08:51:00+00:00
2173,61,gas,39.6,ppm,2026-09-06T14:30:00+00:00
2174,61,gas,44.7,ppm,2026-09-06T20:44:00+00:00
2175,61,gas,22.4,ppm,2026-09-07T02:26:00+00:00
2176,61,gas,25.8,ppm,2026-09-07T08:33:00+00:00
2177,61,gas,6.6,ppm,2026-09-07T14:25:00+00:00
2178,61,gas,39.8,ppm,2026-09-07T20:54:00+00:00
2179,61,gas,24.2,ppm,2026-09-08T02:50:00+00:00
2180,61,gas,29.4,ppm,2026-09-08T08:27:00+00:00
2181,61,gas,21.2,ppm,2026-09-08T14:24:00+00:00
2182,61,gas,42.2,ppm,2026-09-08T20:49:00+00:00
2183,61,gas,41.2,ppm,2026-09-09T02:51:00+00:00
2184,61,gas,26.6,ppm,2026-09-09T09:00:00+00:00
2185,61,temperature,47.6,C,2026-09-06T14:49:00+00:00
2186,61,temperature,22.7,C,2026-09-06T20:49:00+00:00
2187,61,temperature,39.3,C,2026-09-07T02:28:00+00:00
2188,61,temperature,41.9,C,2026-09-07T08:53:00+00:00
2189,61,temperature,34.7,C,2026-09-07T14:17:00+00:00
2190,61,temperature,41.7,C,2026-09-07T20:27:00+00:00
2191,61,temperature,42.3,C,2026-09-08T02:37:00+00:00
2192,61,temperature,35.9,C,2026-09-08T08:36:00+00:00
2193,61,temperature,41.0,C,2026-09-08T14:23:00+00:00
2194,61,temperature,26.3,C,2026-09-08T20:47:00+00:00
2195,61,temperature,28.5,C,2026-09-09T02:42:00+00:00
2196,61,temperature,35.0,C,2026-09-09T08:15:00+00:00
2197,62,dust,6.7,mg/m3,2026-09-06T14:18:00+00:00
2198,62,dust,1.7,mg/m3,2026-09-06T21:00:00+00:00
2199,62,dust,6.8,mg/m3,2026-09-07T02:46:00+00:00
2200,62,dust,6.3,mg/m3,2026-09-07T08:54:00+00:00
2201,62,dust,5.9,mg/m3,2026-09-07T14:15:00+00:00
2202,62,dust,6.3,mg/m3,2026-09-07T20:44:00+00:00
2203,62,dust,8.9,mg/m3,2026-09-08T02:41:00+00:00
2204,62,dust,5.2,mg/m3,2026-09-08T08:22:00+00:00
2205,62,dust,6.4,mg/m3,2026-09-08T14:39:00+00:00
2206,62,dust,7.1,mg/m3,2026-09-08T20:33:00+00:00
2207,62,dust,7.8,mg/m3,2026-09-09T02:41:00+00:00
2208,62,dust,7.2,mg/m3,2026-09-09T08:41:00+00:00
2209,62,gas,24.5,ppm,2026-09-06T14:29:00+00:00
2210,62,gas,10.9,ppm,2026-09-06T20:51:00+00:00
2211,62,gas,11.4,ppm,2026-09-07T02:55:00+00:00
2212,62,gas,7.8,ppm,2026-09-07T08:33:00+00:00
2213,62,gas,44.6,ppm,2026-09-07T14:16:00+00:00
2214,62,gas,31.5,ppm,2026-09-07T20:30:00+00:00
2215,62,gas,43.7,ppm,2026-09-08T02:36:00+00:00
2216,62,gas,17.3,ppm,2026-09-08T08:43:00+00:00
2217,62,gas,29.5,ppm,2026-09-08T14:33:00+00:00
2218,62,gas,15.1,ppm,2026-09-08T20:50:00+00:00
2219,62,gas,28.1,ppm,2026-09-09T02:15:00+00:00
2220,62,gas,31.9,ppm,2026-09-09T08:31:00+00:00
2221,62,temperature,25.1,C,2026-09-06T14:35:00+00:00
2222,62,temperature,34.3,C,2026-09-06T20:23:00+00:00
2223,62,temperature,35.0,C,2026-09-07T02:44:00+00:00
2224,62,temperature,24.3,C,2026-09-07T08:31:00+00:00
2225,62,temperature,39.8,C,2026-09-07T14:22:00+00:00
2226,62,temperature,38.7,C,2026-09-07T20:26:00+00:00
2227,62,temperature,31.1,C,2026-09-08T02:24:00+00:00
2228,62,temperature,29.6,C,2026-09-08T08:27:00+00:00
2229,62,temperature,41.2,C,2026-09-08T14:38:00+00:00
2230,62,temperature,22.8,C,2026-09-08T20:20:00+00:00
2231,62,temperature,32.9,C,2026-09-09T02:17:00+00:00
2232,62,temperature,43.5,C,2026-09-09T08:37:00+00:00
2233,63,dust,9.2,mg/m3,2026-09-06T14:43:00+00:00
2234,63,dust,2.2,mg/m3,2026-09-06T20:33:00+00:00
2235,63,dust,1.7,mg/m3,2026-09-07T02:51:00+00:00
2236,63,dust,7.2,mg/m3,2026-09-07T08:24:00+00:00
2237,63,dust,2.7,mg/m3,2026-09-07T14:53:00+00:00
2238,63,dust,8.4,mg/m3,2026-09-07T20:59:00+00:00
2239,63,dust,9.2,mg/m3,2026-09-08T02:41:00+00:00
2240,63,dust,6.6,mg/m3,2026-09-08T08:49:00+00:00
2241,63,dust,13.5,mg/m3,2026-09-08T14:47:00+00:00
2242,63,dust,3.9,mg/m3,2026-09-08T20:47:00+00:00
2243,63,dust,6.2,mg/m3,2026-09-09T02:32:00+00:00
2244,63,dust,2.5,mg/m3,2026-09-09T08:47:00+00:00
2245,63,gas,9.8,ppm,2026-09-06T14:43:00+00:00
2246,63,gas,25.4,ppm,2026-09-06T20:59:00+00:00
2247,63,gas,23.3,ppm,2026-09-07T02:27:00+00:00
2248,63,gas,37.2,ppm,2026-09-07T08:59:00+00:00
2249,63,gas,35.2,ppm,2026-09-07T14:46:00+00:00
2250,63,gas,11.4,ppm,2026-09-07T20:30:00+00:00
2251,63,gas,42.8,ppm,2026-09-08T02:35:00+00:00
2252,63,gas,5.8,ppm,2026-09-08T08:31:00+00:00
2253,63,gas,11.6,ppm,2026-09-08T14:44:00+00:00
2254,63,gas,56.0,ppm,2026-09-08T20:41:00+00:00
2255,63,gas,41.7,ppm,2026-09-09T02:41:00+00:00
2256,63,gas,38.6,ppm,2026-09-09T08:36:00+00:00
2257,63,temperature,29.0,C,2026-09-06T14:32:00+00:00
2258,63,temperature,42.1,C,2026-09-06T20:57:00+00:00
2259,63,temperature,35.9,C,2026-09-07T02:23:00+00:00
2260,63,temperature,30.5,C,2026-09-07T08:59:00+00:00
2261,63,temperature,33.3,C,2026-09-07T14:45:00+00:00
2262,63,temperature,26.4,C,2026-09-07T20:45:00+00:00
2263,63,temperature,39.5,C,2026-09-08T02:53:00+00:00
2264,63,temperature,29.8,C,2026-09-08T08:25:00+00:00
2265,63,temperature,26.4,C,2026-09-08T14:27:00+00:00
2266,63,temperature,25.5,C,2026-09-08T20:30:00+00:00
2267,63,temperature,22.6,C,2026-09-09T02:18:00+00:00
2268,63,temperature,26.4,C,2026-09-09T08:30:00+00:00
2269,64,dust,6.4,mg/m3,2026-09-06T14:18:00+00:00
2270,64,dust,3.0,mg/m3,2026-09-06T20:28:00+00:00
2271,64,dust,6.5,mg/m3,2026-09-07T02:43:00+00:00
2272,64,dust,3.8,mg/m3,2026-09-07T08:23:00+00:00
2273,64,dust,3.9,mg/m3,2026-09-07T14:58:00+00:00
2274,64,dust,3.5,mg/m3,2026-09-07T20:56:00+00:00
2275,64,dust,4.8,mg/m3,2026-09-08T02:16:00+00:00
2276,64,dust,9.1,mg/m3,2026-09-08T08:44:00+00:00
2277,64,dust,18.6,mg/m3,2026-09-08T14:32:00+00:00
2278,64,dust,8.3,mg/m3,2026-09-08T20:59:00+00:00
2279,64,dust,8.0,mg/m3,2026-09-09T02:58:00+00:00
2280,64,dust,8.8,mg/m3,2026-09-09T08:24:00+00:00
2281,64,gas,43.8,ppm,2026-09-06T14:35:00+00:00
2282,64,gas,22.9,ppm,2026-09-06T20:57:00+00:00
2283,64,gas,42.6,ppm,2026-09-07T02:37:00+00:00
2284,64,gas,20.8,ppm,2026-09-07T08:23:00+00:00
2285,64,gas,30.2,ppm,2026-09-07T14:48:00+00:00
2286,64,gas,15.3,ppm,2026-09-07T20:26:00+00:00
2287,64,gas,5.3,ppm,2026-09-08T02:40:00+00:00
2288,64,gas,13.8,ppm,2026-09-08T08:41:00+00:00
2289,64,gas,22.0,ppm,2026-09-08T14:31:00+00:00
2290,64,gas,8.4,ppm,2026-09-08T20:35:00+00:00
2291,64,gas,76.1,ppm,2026-09-09T02:43:00+00:00
2292,64,gas,16.9,ppm,2026-09-09T08:22:00+00:00
2293,64,temperature,25.7,C,2026-09-06T14:55:00+00:00
2294,64,temperature,23.5,C,2026-09-06T20:46:00+00:00
2295,64,temperature,33.2,C,2026-09-07T02:16:00+00:00
2296,64,temperature,29.4,C,2026-09-07T08:51:00+00:00
2297,64,temperature,25.2,C,2026-09-07T14:32:00+00:00
2298,64,temperature,27.8,C,2026-09-07T20:47:00+00:00
2299,64,temperature,42.2,C,2026-09-08T02:56:00+00:00
2300,64,temperature,31.6,C,2026-09-08T08:32:00+00:00
2301,64,temperature,22.0,C,2026-09-08T14:57:00+00:00
2302,64,temperature,28.9,C,2026-09-08T20:38:00+00:00
2303,64,temperature,36.1,C,2026-09-09T02:20:00+00:00
2304,64,temperature,25.8,C,2026-09-09T08:55:00+00:00
2305,65,dust,3.1,mg/m3,2026-09-06T14:53:00+00:00
2306,65,dust,6.5,mg/m3,2026-09-06T20:41:00+00:00
2307,65,dust,1.6,mg/m3,2026-09-07T02:26:00+00:00
2308,65,dust,7.9,mg/m3,2026-09-07T08:18:00+00:00
2309,65,dust,8.8,mg/m3,2026-09-07T14:58:00+00:00
2310,65,dust,7.3,mg/m3,2026-09-07T20:32:00+00:00
2311,65,dust,5.0,mg/m3,2026-09-08T03:00:00+00:00
2312,65,dust,1.8,mg/m3,2026-09-08T08:22:00+00:00
2313,65,dust,2.6,mg/m3,2026-09-08T14:20:00+00:00
2314,65,dust,4.9,mg/m3,2026-09-08T20:23:00+00:00
2315,65,dust,7.3,mg/m3,2026-09-09T02:30:00+00:00
2316,65,dust,4.8,mg/m3,2026-09-09T08:32:00+00:00
2317,65,gas,16.0,ppm,2026-09-06T14:43:00+00:00
2318,65,gas,6.2,ppm,2026-09-06T20:19:00+00:00
2319,65,gas,27.1,ppm,2026-09-07T02:54:00+00:00
2320,65,gas,21.5,ppm,2026-09-07T08:39:00+00:00
2321,65,gas,12.2,ppm,2026-09-07T14:27:00+00:00
2322,65,gas,20.4,ppm,2026-09-07T20:37:00+00:00
2323,65,gas,11.4,ppm,2026-09-08T02:53:00+00:00
2324,65,gas,40.3,ppm,2026-09-08T08:41:00+00:00
2325,65,gas,26.8,ppm,2026-09-08T14:17:00+00:00
2326,65,gas,15.5,ppm,2026-09-08T20:21:00+00:00
2327,65,gas,22.2,ppm,2026-09-09T03:00:00+00:00
2328,65,gas,37.5,ppm,2026-09-09T08:45:00+00:00
2329,65,temperature,25.6,C,2026-09-06T14:50:00+00:00
2330,65,temperature,25.5,C,2026-09-06T20:58:00+00:00
2331,65,temperature,22.2,C,2026-09-07T02:59:00+00:00
2332,65,temperature,22.2,C,2026-09-07T08:39:00+00:00
2333,65,temperature,28.5,C,2026-09-07T14:40:00+00:00
2334,65,temperature,22.6,C,2026-09-07T20:18:00+00:00
2335,65,temperature,27.1,C,2026-09-08T02:17:00+00:00
2336,65,temperature,43.1,C,2026-09-08T08:56:00+00:00
2337,65,temperature,37.4,C,2026-09-08T14:32:00+00:00
2338,65,temperature,36.4,C,2026-09-08T20:56:00+00:00
2339,65,temperature,25.0,C,2026-09-09T02:42:00+00:00
2340,65,temperature,41.2,C,2026-09-09T08:56:00+00:00
2341,66,dust,9.4,mg/m3,2026-09-06T14:16:00+00:00
2342,66,dust,3.3,mg/m3,2026-09-06T20:50:00+00:00
2343,66,dust,2.3,mg/m3,2026-09-07T02:25:00+00:00
2344,66,dust,7.5,mg/m3,2026-09-07T08:35:00+00:00
2345,66,dust,7.2,mg/m3,2026-09-07T14:38:00+00:00
2346,66,dust,8.2,mg/m3,2026-09-07T20:32:00+00:00
2347,66,dust,7.2,mg/m3,2026-09-08T02:16:00+00:00
2348,66,dust,2.9,mg/m3,2026-09-08T08:40:00+00:00
2349,66,dust,9.2,mg/m3,2026-09-08T14:57:00+00:00
2350,66,dust,13.3,mg/m3,2026-09-08T20:45:00+00:00
2351,66,dust,4.8,mg/m3,2026-09-09T02:22:00+00:00
2352,66,dust,6.4,mg/m3,2026-09-09T08:26:00+00:00
2353,66,gas,11.4,ppm,2026-09-06T14:32:00+00:00
2354,66,gas,14.4,ppm,2026-09-06T20:33:00+00:00
2355,66,gas,43.5,ppm,2026-09-07T02:17:00+00:00
2356,66,gas,34.3,ppm,2026-09-07T08:21:00+00:00
2357,66,gas,28.1,ppm,2026-09-07T14:25:00+00:00
2358,66,gas,33.1,ppm,2026-09-07T20:43:00+00:00
2359,66,gas,33.9,ppm,2026-09-08T02:48:00+00:00
2360,66,gas,29.8,ppm,2026-09-08T08:31:00+00:00
2361,66,gas,38.9,ppm,2026-09-08T14:41:00+00:00
2362,66,gas,38.2,ppm,2026-09-08T20:54:00+00:00
2363,66,gas,13.1,ppm,2026-09-09T02:29:00+00:00
2364,66,gas,39.3,ppm,2026-09-09T08:32:00+00:00
2365,66,temperature,25.8,C,2026-09-06T14:48:00+00:00
2366,66,temperature,39.9,C,2026-09-06T20:20:00+00:00
2367,66,temperature,36.9,C,2026-09-07T02:17:00+00:00
2368,66,temperature,41.2,C,2026-09-07T08:26:00+00:00
2369,66,temperature,35.6,C,2026-09-07T14:19:00+00:00
2370,66,temperature,43.3,C,2026-09-07T20:30:00+00:00
2371,66,temperature,30.1,C,2026-09-08T02:17:00+00:00
2372,66,temperature,23.0,C,2026-09-08T08:30:00+00:00
2373,66,temperature,26.9,C,2026-09-08T14:51:00+00:00
2374,66,temperature,42.5,C,2026-09-08T20:17:00+00:00
2375,66,temperature,29.0,C,2026-09-09T02:21:00+00:00
2376,66,temperature,31.7,C,2026-09-09T08:55:00+00:00
2377,67,dust,5.5,mg/m3,2026-09-06T14:28:00+00:00
2378,67,dust,4.4,mg/m3,2026-09-06T20:41:00+00:00
2379,67,dust,8.6,mg/m3,2026-09-07T02:38:00+00:00
2380,67,dust,12.5,mg/m3,2026-09-07T08:48:00+00:00
2381,67,dust,7.0,mg/m3,2026-09-07T14:19:00+00:00
2382,67,dust,3.1,mg/m3,2026-09-07T20:28:00+00:00
2383,67,dust,7.6,mg/m3,2026-09-08T02:47:00+00:00
2384,67,dust,1.8,mg/m3,2026-09-08T08:24:00+00:00
2385,67,dust,6.6,mg/m3,2026-09-08T14:24:00+00:00
2386,67,dust,6.3,mg/m3,2026-09-08T20:15:00+00:00
2387,67,dust,3.7,mg/m3,2026-09-09T02:17:00+00:00
2388,67,dust,8.1,mg/m3,2026-09-09T08:46:00+00:00
2389,67,gas,13.6,ppm,2026-09-06T15:00:00+00:00
2390,67,gas,5.8,ppm,2026-09-06T20:25:00+00:00
2391,67,gas,38.9,ppm,2026-09-07T02:24:00+00:00
2392,67,gas,8.3,ppm,2026-09-07T09:00:00+00:00
2393,67,gas,56.4,ppm,2026-09-07T14:33:00+00:00
2394,67,gas,37.1,ppm,2026-09-07T20:19:00+00:00
2395,67,gas,26.5,ppm,2026-09-08T02:58:00+00:00
2396,67,gas,12.3,ppm,2026-09-08T08:53:00+00:00
2397,67,gas,12.2,ppm,2026-09-08T14:27:00+00:00
2398,67,gas,13.7,ppm,2026-09-08T20:41:00+00:00
2399,67,gas,16.5,ppm,2026-09-09T02:55:00+00:00
2400,67,gas,40.6,ppm,2026-09-09T08:22:00+00:00
2401,67,temperature,39.7,C,2026-09-06T14:40:00+00:00
2402,67,temperature,38.7,C,2026-09-06T20:56:00+00:00
2403,67,temperature,41.6,C,2026-09-07T02:49:00+00:00
2404,67,temperature,22.7,C,2026-09-07T08:37:00+00:00
2405,67,temperature,42.9,C,2026-09-07T14:37:00+00:00
2406,67,temperature,32.6,C,2026-09-07T20:21:00+00:00
2407,67,temperature,25.1,C,2026-09-08T02:19:00+00:00
2408,67,temperature,32.3,C,2026-09-08T08:45:00+00:00
2409,67,temperature,26.4,C,2026-09-08T14:42:00+00:00
2410,67,temperature,30.6,C,2026-09-08T20:56:00+00:00
2411,67,temperature,38.5,C,2026-09-09T02:33:00+00:00
2412,67,temperature,24.9,C,2026-09-09T08:41:00+00:00
2413,68,dust,4.9,mg/m3,2026-09-06T14:46:00+00:00
2414,68,dust,7.5,mg/m3,2026-09-06T20:43:00+00:00
2415,68,dust,2.3,mg/m3,2026-09-07T02:26:00+00:00
2416,68,dust,5.6,mg/m3,2026-09-07T08:38:00+00:00
2417,68,dust,5.6,mg/m3,2026-09-07T14:40:00+00:00
2418,68,dust,3.3,mg/m3,2026-09-07T20:22:00+00:00
2419,68,dust,3.6,mg/m3,2026-09-08T02:59:00+00:00
2420,68,dust,4.2,mg/m3,2026-09-08T08:53:00+00:00
2421,68,dust,1.6,mg/m3,2026-09-08T14:38:00+00:00
2422,68,dust,8.7,mg/m3,2026-09-08T20:55:00+00:00
2423,68,dust,3.8,mg/m3,2026-09-09T02:44:00+00:00
2424,68,dust,3.1,mg/m3,2026-09-09T08:21:00+00:00
2425,68,gas,19.5,ppm,2026-09-06T14:45:00+00:00
2426,68,gas,32.5,ppm,2026-09-06T20:30:00+00:00
2427,68,gas,29.0,ppm,2026-09-07T02:33:00+00:00
2428,68,gas,59.2,ppm,2026-09-07T08:42:00+00:00
2429,68,gas,18.3,ppm,2026-09-07T14:23:00+00:00
2430,68,gas,44.3,ppm,2026-09-07T20:30:00+00:00
2431,68,gas,9.5,ppm,2026-09-08T02:59:00+00:00
2432,68,gas,9.3,ppm,2026-09-08T08:41:00+00:00
2433,68,gas,15.8,ppm,2026-09-08T14:45:00+00:00
2434,68,gas,20.2,ppm,2026-09-08T20:26:00+00:00
2435,68,gas,41.8,ppm,2026-09-09T02:59:00+00:00
2436,68,gas,40.7,ppm,2026-09-09T08:54:00+00:00
2437,68,temperature,23.2,C,2026-09-06T14:41:00+00:00
2438,68,temperature,26.2,C,2026-09-06T20:28:00+00:00
2439,68,temperature,38.5,C,2026-09-07T02:27:00+00:00
2440,68,temperature,41.2,C,2026-09-07T08:38:00+00:00
2441,68,temperature,46.7,C,2026-09-07T14:41:00+00:00
2442,68,temperature,36.7,C,2026-09-07T20:58:00+00:00
2443,68,temperature,33.8,C,2026-09-08T02:24:00+00:00
2444,68,temperature,26.3,C,2026-09-08T08:36:00+00:00
2445,68,temperature,33.1,C,2026-09-08T14:46:00+00:00
2446,68,temperature,29.1,C,2026-09-08T20:27:00+00:00
2447,68,temperature,33.2,C,2026-09-09T02:32:00+00:00
2448,68,temperature,38.9,C,2026-09-09T08:55:00+00:00
2449,69,dust,3.9,mg/m3,2026-09-06T14:25:00+00:00
2450,69,dust,7.7,mg/m3,2026-09-06T20:45:00+00:00
2451,69,dust,4.8,mg/m3,2026-09-07T02:18:00+00:00
2452,69,dust,5.7,mg/m3,2026-09-07T08:53:00+00:00
2453,69,dust,6.3,mg/m3,2026-09-07T14:31:00+00:00
2454,69,dust,1.9,mg/m3,2026-09-07T21:00:00+00:00
2455,69,dust,3.2,mg/m3,2026-09-08T02:56:00+00:00
2456,69,dust,2.0,mg/m3,2026-09-08T08:32:00+00:00
2457,69,dust,6.6,mg/m3,2026-09-08T14:33:00+00:00
2458,69,dust,2.7,mg/m3,2026-09-08T20:38:00+00:00
2459,69,dust,7.3,mg/m3,2026-09-09T02:19:00+00:00
2460,69,dust,18.1,mg/m3,2026-09-09T08:51:00+00:00
2461,69,gas,18.6,ppm,2026-09-06T14:48:00+00:00
2462,69,gas,18.1,ppm,2026-09-06T20:33:00+00:00
2463,69,gas,21.0,ppm,2026-09-07T02:56:00+00:00
2464,69,gas,6.4,ppm,2026-09-07T08:56:00+00:00
2465,69,gas,17.9,ppm,2026-09-07T14:54:00+00:00
2466,69,gas,30.0,ppm,2026-09-07T20:37:00+00:00
2467,69,gas,23.6,ppm,2026-09-08T02:26:00+00:00
2468,69,gas,30.1,ppm,2026-09-08T08:19:00+00:00
2469,69,gas,27.9,ppm,2026-09-08T14:37:00+00:00
2470,69,gas,28.2,ppm,2026-09-08T20:53:00+00:00
2471,69,gas,36.9,ppm,2026-09-09T02:31:00+00:00
2472,69,gas,27.3,ppm,2026-09-09T08:59:00+00:00
2473,69,temperature,30.2,C,2026-09-06T14:41:00+00:00
2474,69,temperature,26.9,C,2026-09-06T20:55:00+00:00
2475,69,temperature,37.7,C,2026-09-07T02:25:00+00:00
2476,69,temperature,26.7,C,2026-09-07T08:47:00+00:00
2477,69,temperature,33.0,C,2026-09-07T15:00:00+00:00
2478,69,temperature,34.6,C,2026-09-07T20:33:00+00:00
2479,69,temperature,33.4,C,2026-09-08T02:35:00+00:00
2480,69,temperature,34.7,C,2026-09-08T08:42:00+00:00
2481,69,temperature,24.1,C,2026-09-08T14:32:00+00:00
2482,69,temperature,23.7,C,2026-09-08T20:21:00+00:00
2483,69,temperature,40.0,C,2026-09-09T02:39:00+00:00
2484,69,temperature,38.2,C,2026-09-09T08:39:00+00:00
2485,70,dust,8.0,mg/m3,2026-09-06T14:49:00+00:00
2486,70,dust,4.8,mg/m3,2026-09-06T20:49:00+00:00
2487,70,dust,8.4,mg/m3,2026-09-07T02:30:00+00:00
2488,70,dust,20.7,mg/m3,2026-09-07T08:51:00+00:00
2489,70,dust,8.7,mg/m3,2026-09-07T14:50:00+00:00
2490,70,dust,7.7,mg/m3,2026-09-07T20:24:00+00:00
2491,70,dust,4.0,mg/m3,2026-09-08T02:59:00+00:00
2492,70,dust,6.9,mg/m3,2026-09-08T08:43:00+00:00
2493,70,dust,7.7,mg/m3,2026-09-08T14:38:00+00:00
2494,70,dust,1.8,mg/m3,2026-09-08T20:38:00+00:00
2495,70,dust,8.9,mg/m3,2026-09-09T02:15:00+00:00
2496,70,dust,8.1,mg/m3,2026-09-09T08:36:00+00:00
2497,70,gas,38.8,ppm,2026-09-06T14:57:00+00:00
2498,70,gas,8.6,ppm,2026-09-06T20:28:00+00:00
2499,70,gas,38.1,ppm,2026-09-07T02:27:00+00:00
2500,70,gas,10.5,ppm,2026-09-07T08:30:00+00:00
2501,70,gas,27.7,ppm,2026-09-07T14:20:00+00:00
2502,70,gas,27.0,ppm,2026-09-07T20:40:00+00:00
2503,70,gas,28.6,ppm,2026-09-08T02:42:00+00:00
2504,70,gas,32.1,ppm,2026-09-08T08:29:00+00:00
2505,70,gas,15.7,ppm,2026-09-08T14:22:00+00:00
2506,70,gas,38.2,ppm,2026-09-08T20:39:00+00:00
2507,70,gas,10.8,ppm,2026-09-09T02:50:00+00:00
2508,70,gas,39.1,ppm,2026-09-09T08:18:00+00:00
2509,70,temperature,39.2,C,2026-09-06T14:32:00+00:00
2510,70,temperature,29.2,C,2026-09-06T20:39:00+00:00
2511,70,temperature,36.3,C,2026-09-07T02:47:00+00:00
2512,70,temperature,33.5,C,2026-09-07T08:56:00+00:00
2513,70,temperature,40.8,C,2026-09-07T14:23:00+00:00
2514,70,temperature,25.8,C,2026-09-07T20:28:00+00:00
2515,70,temperature,30.4,C,2026-09-08T02:26:00+00:00
2516,70,temperature,40.4,C,2026-09-08T08:24:00+00:00
2517,70,temperature,40.8,C,2026-09-08T14:57:00+00:00
2518,70,temperature,41.7,C,2026-09-08T20:48:00+00:00
2519,70,temperature,35.9,C,2026-09-09T02:39:00+00:00
2520,70,temperature,38.6,C,2026-09-09T08:37:00+00:00
2521,71,dust,4.3,mg/m3,2026-09-06T14:53:00+00:00
2522,71,dust,12.1,mg/m3,2026-09-06T20:46:00+00:00
2523,71,dust,4.1,mg/m3,2026-09-07T02:36:00+00:00
2524,71,dust,8.7,mg/m3,2026-09-07T08:42:00+00:00
2525,71,dust,7.1,mg/m3,2026-09-07T14:24:00+00:00
2526,71,dust,7.7,mg/m3,2026-09-07T20:56:00+00:00
2527,71,dust,5.7,mg/m3,2026-09-08T03:00:00+00:00
2528,71,dust,8.6,mg/m3,2026-09-08T08:16:00+00:00
2529,71,dust,7.8,mg/m3,2026-09-08T14:15:00+00:00
2530,71,dust,9.0,mg/m3,2026-09-08T20:32:00+00:00
2531,71,dust,3.5,mg/m3,2026-09-09T02:15:00+00:00
2532,71,dust,8.8,mg/m3,2026-09-09T08:52:00+00:00
2533,71,gas,27.8,ppm,2026-09-06T14:34:00+00:00
2534,71,gas,25.5,ppm,2026-09-06T20:41:00+00:00
2535,71,gas,11.2,ppm,2026-09-07T02:45:00+00:00
2536,71,gas,9.6,ppm,2026-09-07T08:42:00+00:00
2537,71,gas,18.9,ppm,2026-09-07T14:17:00+00:00
2538,71,gas,31.7,ppm,2026-09-07T20:33:00+00:00
2539,71,gas,19.7,ppm,2026-09-08T02:44:00+00:00
2540,71,gas,84.2,ppm,2026-09-08T08:54:00+00:00
2541,71,gas,43.0,ppm,2026-09-08T14:51:00+00:00
2542,71,gas,10.6,ppm,2026-09-08T20:29:00+00:00
2543,71,gas,19.0,ppm,2026-09-09T02:26:00+00:00
2544,71,gas,43.5,ppm,2026-09-09T08:31:00+00:00
2545,71,temperature,33.3,C,2026-09-06T14:15:00+00:00
2546,71,temperature,39.6,C,2026-09-06T20:45:00+00:00
2547,71,temperature,23.2,C,2026-09-07T02:47:00+00:00
2548,71,temperature,39.3,C,2026-09-07T08:20:00+00:00
2549,71,temperature,23.0,C,2026-09-07T14:52:00+00:00
2550,71,temperature,33.2,C,2026-09-07T20:57:00+00:00
2551,71,temperature,32.6,C,2026-09-08T02:42:00+00:00
2552,71,temperature,28.0,C,2026-09-08T08:48:00+00:00
2553,71,temperature,36.4,C,2026-09-08T14:44:00+00:00
2554,71,temperature,40.2,C,2026-09-08T20:39:00+00:00
2555,71,temperature,41.0,C,2026-09-09T02:37:00+00:00
2556,71,temperature,38.1,C,2026-09-09T08:28:00+00:00
2557,72,dust,4.5,mg/m3,2026-09-06T14:39:00+00:00
2558,72,dust,6.8,mg/m3,2026-09-06T20:18:00+00:00
2559,72,dust,2.5,mg/m3,2026-09-07T02:44:00+00:00
2560,72,dust,2.5,mg/m3,2026-09-07T08:20:00+00:00
2561,72,dust,2.8,mg/m3,2026-09-07T14:31:00+00:00
2562,72,dust,6.5,mg/m3,2026-09-07T20:24:00+00:00
2563,72,dust,6.3,mg/m3,2026-09-08T02:38:00+00:00
2564,72,dust,4.4,mg/m3,2026-09-08T08:17:00+00:00
2565,72,dust,8.2,mg/m3,2026-09-08T14:21:00+00:00
2566,72,dust,5.4,mg/m3,2026-09-08T20:31:00+00:00
2567,72,dust,2.6,mg/m3,2026-09-09T02:45:00+00:00
2568,72,dust,4.3,mg/m3,2026-09-09T08:34:00+00:00
2569,72,gas,6.8,ppm,2026-09-06T14:29:00+00:00
2570,72,gas,27.1,ppm,2026-09-06T20:17:00+00:00
2571,72,gas,5.1,ppm,2026-09-07T02:29:00+00:00
2572,72,gas,41.6,ppm,2026-09-07T08:43:00+00:00
2573,72,gas,23.6,ppm,2026-09-07T14:15:00+00:00
2574,72,gas,33.8,ppm,2026-09-07T20:51:00+00:00
2575,72,gas,36.4,ppm,2026-09-08T02:38:00+00:00
2576,72,gas,11.8,ppm,2026-09-08T08:49:00+00:00
2577,72,gas,37.1,ppm,2026-09-08T14:20:00+00:00
2578,72,gas,20.6,ppm,2026-09-08T20:43:00+00:00
2579,72,gas,45.0,ppm,2026-09-09T02:45:00+00:00
2580,72,gas,17.4,ppm,2026-09-09T08:20:00+00:00
2581,72,temperature,34.8,C,2026-09-06T14:36:00+00:00
2582,72,temperature,33.6,C,2026-09-06T20:35:00+00:00
2583,72,temperature,32.8,C,2026-09-07T02:15:00+00:00
2584,72,temperature,32.5,C,2026-09-07T08:54:00+00:00
2585,72,temperature,25.2,C,2026-09-07T14:15:00+00:00
2586,72,temperature,36.9,C,2026-09-07T20:50:00+00:00
2587,72,temperature,30.8,C,2026-09-08T02:59:00+00:00
2588,72,temperature,36.8,C,2026-09-08T08:40:00+00:00
2589,72,temperature,42.9,C,2026-09-08T14:36:00+00:00
2590,72,temperature,33.6,C,2026-09-08T20:33:00+00:00
2591,72,temperature,46.3,C,2026-09-09T02:27:00+00:00
2592,72,temperature,29.3,C,2026-09-09T08:53:00+00:00
2593,73,dust,2.8,mg/m3,2026-09-06T14:41:00+00:00
2594,73,dust,9.1,mg/m3,2026-09-06T20:32:00+00:00
2595,73,dust,3.9,mg/m3,2026-09-07T02:46:00+00:00
2596,73,dust,5.3,mg/m3,2026-09-07T08:26:00+00:00
2597,73,dust,7.2,mg/m3,2026-09-07T14:17:00+00:00
2598,73,dust,5.4,mg/m3,2026-09-07T20:16:00+00:00
2599,73,dust,5.3,mg/m3,2026-09-08T02:50:00+00:00
2600,73,dust,3.6,mg/m3,2026-09-08T08:47:00+00:00
2601,73,dust,12.4,mg/m3,2026-09-08T14:50:00+00:00
2602,73,dust,5.9,mg/m3,2026-09-08T20:30:00+00:00
2603,73,dust,5.2,mg/m3,2026-09-09T02:39:00+00:00
2604,73,dust,18.3,mg/m3,2026-09-09T08:19:00+00:00
2605,73,gas,34.8,ppm,2026-09-06T14:58:00+00:00
2606,73,gas,10.8,ppm,2026-09-06T20:23:00+00:00
2607,73,gas,20.3,ppm,2026-09-07T02:59:00+00:00
2608,73,gas,16.8,ppm,2026-09-07T08:50:00+00:00
2609,73,gas,9.5,ppm,2026-09-07T14:53:00+00:00
2610,73,gas,8.8,ppm,2026-09-07T20:36:00+00:00
2611,73,gas,42.5,ppm,2026-09-08T02:55:00+00:00
2612,73,gas,22.3,ppm,2026-09-08T08:48:00+00:00
2613,73,gas,36.1,ppm,2026-09-08T14:49:00+00:00
2614,73,gas,30.3,ppm,2026-09-08T20:48:00+00:00
2615,73,gas,22.8,ppm,2026-09-09T02:33:00+00:00
2616,73,gas,41.5,ppm,2026-09-09T08:51:00+00:00
2617,73,temperature,41.2,C,2026-09-06T14:56:00+00:00
2618,73,temperature,23.9,C,2026-09-06T20:35:00+00:00
2619,73,temperature,27.8,C,2026-09-07T02:40:00+00:00
2620,73,temperature,26.7,C,2026-09-07T08:35:00+00:00
2621,73,temperature,42.4,C,2026-09-07T14:49:00+00:00
2622,73,temperature,36.2,C,2026-09-07T20:56:00+00:00
2623,73,temperature,42.6,C,2026-09-08T02:46:00+00:00
2624,73,temperature,24.2,C,2026-09-08T09:00:00+00:00
2625,73,temperature,27.4,C,2026-09-08T14:43:00+00:00
2626,73,temperature,37.1,C,2026-09-08T21:00:00+00:00
2627,73,temperature,39.7,C,2026-09-09T02:56:00+00:00
2628,73,temperature,43.8,C,2026-09-09T08:37:00+00:00
2629,74,dust,6.8,mg/m3,2026-09-06T14:34:00+00:00
2630,74,dust,6.5,mg/m3,2026-09-06T20:44:00+00:00
2631,74,dust,6.7,mg/m3,2026-09-07T02:44:00+00:00
2632,74,dust,4.1,mg/m3,2026-09-07T09:00:00+00:00
2633,74,dust,3.0,mg/m3,2026-09-07T14:37:00+00:00
2634,74,dust,3.4,mg/m3,2026-09-07T20:16:00+00:00
2635,74,dust,8.2,mg/m3,2026-09-08T02:39:00+00:00
2636,74,dust,7.6,mg/m3,2026-09-08T08:34:00+00:00
2637,74,dust,1.6,mg/m3,2026-09-08T14:35:00+00:00
2638,74,dust,6.3,mg/m3,2026-09-08T20:36:00+00:00
2639,74,dust,2.3,mg/m3,2026-09-09T02:18:00+00:00
2640,74,dust,7.6,mg/m3,2026-09-09T08:25:00+00:00
2641,74,gas,13.2,ppm,2026-09-06T14:46:00+00:00
2642,74,gas,37.6,ppm,2026-09-06T20:18:00+00:00
2643,74,gas,27.8,ppm,2026-09-07T02:41:00+00:00
2644,74,gas,5.1,ppm,2026-09-07T08:52:00+00:00
2645,74,gas,39.4,ppm,2026-09-07T14:37:00+00:00
2646,74,gas,38.7,ppm,2026-09-07T20:43:00+00:00
2647,74,gas,5.3,ppm,2026-09-08T02:25:00+00:00
2648,74,gas,16.4,ppm,2026-09-08T08:34:00+00:00
2649,74,gas,34.5,ppm,2026-09-08T14:37:00+00:00
2650,74,gas,32.6,ppm,2026-09-08T20:43:00+00:00
2651,74,gas,75.2,ppm,2026-09-09T02:41:00+00:00
2652,74,gas,9.2,ppm,2026-09-09T08:44:00+00:00
2653,74,temperature,42.1,C,2026-09-06T14:50:00+00:00
2654,74,temperature,27.7,C,2026-09-06T20:48:00+00:00
2655,74,temperature,24.0,C,2026-09-07T02:35:00+00:00
2656,74,temperature,34.0,C,2026-09-07T09:00:00+00:00
2657,74,temperature,31.6,C,2026-09-07T14:26:00+00:00
2658,74,temperature,43.0,C,2026-09-07T20:49:00+00:00
2659,74,temperature,30.9,C,2026-09-08T02:27:00+00:00
2660,74,temperature,37.2,C,2026-09-08T08:37:00+00:00
2661,74,temperature,25.1,C,2026-09-08T14:35:00+00:00
2662,74,temperature,33.7,C,2026-09-08T20:32:00+00:00
2663,74,temperature,43.0,C,2026-09-09T02:35:00+00:00
2664,74,temperature,41.1,C,2026-09-09T08:52:00+00:00
