{"type":"FeatureCollection","name":"Census 2011 districts containing the 74 seed mines","attribution":"DataMeet India, Census 2011 district boundaries (CC BY 2.5 IN), https://github.com/datameet/maps; simplified to 0.005 degrees","features":[{"type":"Feature","properties":{"district_2011":"Udhampur","state_2011":"Jammu & Kashmir","censuscode_2011":19,"seed_districts":["Udhampur"]},"geometry":{"type":"Polygon","coordinates":[[[75.29152,33.09688],[75.34891,33.08097],[75.41987,33.04434],[75.47276,32.99903],[75.58780,32.96606],[75.66654,32.93442],[75.75159,32.86548],[75.82450,32.85375],[75.69787,32.81089],[75.65426,32.75464],[75.59024,32.73891],[75.48793,32.73978],[75.47049,32.68878],[75.45467,32.67169],[75.42064,32.66800],[75.37184,32.63039],[75.29273,32.64303],[75.25031,32.66633],[75.19952,32.71155],[75.14799,32.79913],[75.11348,32.82247],[75.07457,32.86778],[75.05018,32.88444],[74.99660,32.84648],[74.97643,32.85131],[74.96791,32.87832],[74.94665,32.87707],[74.96213,32.94475],[75.04483,33.00153],[75.04429,33.04352],[75.01672,33.09187],[75.02168,33.11865],[75.07635,33.16430],[75.21524,33.13047],[75.29152,33.09688]]]}},{"type":"Feature","properties":{"district_2011":"Sonbhadra","state_2011":"Uttar Pradesh","censuscode_2011":200,"seed_districts":["Sonbhadra"]},"geometry":{"type":"Polygon","coordinates":[[[83.10777,24.81653],[83.09064,24.79863],[83.09604,24.79192],[83.08994,24.77949],[83.14300,24.75265],[83.16215,24.72456],[83.18054,24.71654],[83.18646,24.72238],[83.18702,24.71456],[83.22865,24.73123],[83.25443,24.72466],[83.28733,24.73721],[83.29944,24.71786],[83.30853,24.71932],[83.30638,24.73141],[83.33017,24.76616],[83.32165,24.78573],[83.33950,24.77290],[83.38631,24.77475],[83.39485,24.78265],[83.41934,24.77378],[83.46111,24.73187],[83.49047,24.73351],[83.48870,24.70433],[83.50004,24.70377],[83.52167,24.67981],[83.50744,24.66714],[83.50548,24.65034],[83.53189,24.64305],[83.52862,24.62873],[83.54964,24.62330],[83.52535,24.60198],[83.53250,24.56609],[83.52508,24.54798],[83.50131,24.54087],[83.50606,24.52588],[83.40091,24.49995],[83.38928,24.45446],[83.39766,24.43642],[83.40854,24.43599],[83.40799,24.40756],[83.43773,24.40270],[83.45919,24.36373],[83.43440,24.33894],[83.41113,24.33635],[83.38374,24.31352],[83.38843,24.29946],[83.40396,24.29240],[83.40966,24.26505],[83.40120,24.24619],[83.38512,24.23473],[83.38611,24.19990],[83.35052,24.11343],[83.33127,24.10052],[83.32413,24.10596],[83.32063,24.09313],[83.29855,24.07326],[83.28705,24.05036],[83.28563,24.02371],[83.26665,24.01087],[83.24953,24.01296],[83.24461,24.00063],[83.22372,23.98864],[83.21889,23.95964],[83.19725,23.92040],[83.15289,23.90922],[83.13508,23.88931],[83.06872,23.87449],[83.04413,23.88227],[82.95721,23.87215],[82.88891,23.90933],[82.85664,23.94581],[82.82850,23.96389],[82.80822,23.96638],[82.80505,24.00400],[82.75367,24.01191],[82.74773,24.02983],[82.76357,24.04237],[82.77408,24.07661],[82.76273,24.07197],[82.75586,24.07925],[82.74928,24.07381],[82.71624,24.07945],[82.70919,24.09572],[82.66526,24.13338],[82.67872,24.15703],[82.69621,24.14283],[82.72821,24.13762],[82.73094,24.15542],[82.74401,24.16695],[82.73490,24.22179],[82.75782,24.23467],[82.75850,24.26663],[82.77204,24.29091],[82.76854,24.37142],[82.76241,24.37788],[82.75474,24.37089],[82.72647,24.36957],[82.71512,24.38350],[82.72819,24.42796],[82.74070,24.43103],[82.73305,24.44300],[82.73862,24.46857],[82.73178,24.47456],[82.74458,24.49798],[82.72367,24.51148],[82.72059,24.55435],[82.74926,24.55274],[82.75409,24.53969],[82.80883,24.55089],[82.80446,24.59790],[82.76815,24.59793],[82.77597,24.60872],[82.77088,24.64374],[82.70328,24.64227],[82.70407,24.67370],[82.67369,24.69779],[82.53740,24.64983],[82.52657,24.67616],[82.52915,24.68685],[82.55000,24.69460],[82.55082,24.70816],[82.53803,24.71881],[82.53765,24.73588],[82.55611,24.74109],[82.54749,24.80783],[82.57188,24.81494],[82.58285,24.83028],[82.61379,24.81151],[82.63448,24.82137],[82.62733,24.78820],[82.65916,24.78466],[82.70211,24.80879],[82.70352,24.82798],[82.72552,24.81830],[82.75275,24.82082],[82.80857,24.85166],[82.82534,24.85443],[82.83965,24.84258],[82.90687,24.83445],[82.91887,24.83970],[82.91716,24.85036],[82.92677,24.85643],[82.93136,24.84318],[82.95498,24.83758],[82.95724,24.85657],[82.98026,24.87346],[82.98647,24.89397],[83.01064,24.90541],[83.01437,24.84923],[83.03067,24.83690],[83.01504,24.82245],[83.01700,24.81469],[83.02439,24.80937],[83.04608,24.81792],[83.05752,24.79913],[83.08901,24.81560],[83.10777,24.81653]]]}},{"type":"Feature","properties":{"district_2011":"Tinsukia","state_2011":"Assam","censuscode_2011":309,"seed_districts":["Tinsukia"]},"geometry":{"type":"Polygon","coordinates":[[[95.88198,27.54684],[95.87904,27.51337],[95.89016,27.49966],[95.87957,27.49268],[95.87672,27.46455],[95.86164,27.45976],[95.86424,27.44545],[95.85336,27.43820],[95.84976,27.42374],[95.86770,27.41050],[95.86530,27.42240],[95.88906,27.43743],[95.89338,27.39931],[95.91721,27.43645],[95.95023,27.43823],[95.96134,27.42187],[95.96733,27.42982],[95.96829,27.41724],[95.97808,27.42863],[95.97978,27.41495],[95.98973,27.41478],[96.02104,27.36414],[95.99708,27.35641],[95.99378,27.34436],[95.97013,27.32991],[95.98429,27.32724],[95.96880,27.32477],[95.96328,27.30998],[95.90651,27.28488],[95.89401,27.25598],[95.87244,27.25995],[95.86095,27.27289],[95.86061,27.28733],[95.81036,27.27414],[95.80647,27.28499],[95.72130,27.25099],[95.68467,27.25088],[95.59945,27.22323],[95.53524,27.26446],[95.51134,27.26016],[95.50669,27.24850],[95.49143,27.24260],[95.47381,27.26284],[95.45946,27.24743],[95.45802,27.23215],[95.44711,27.25228],[95.46585,27.27134],[95.45167,27.29487],[95.47045,27.30611],[95.45306,27.33001],[95.47668,27.34238],[95.47420,27.36432],[95.45079,27.36891],[95.44122,27.36292],[95.39738,27.39131],[95.37857,27.39164],[95.37658,27.38049],[95.35126,27.39152],[95.31534,27.39122],[95.29638,27.41161],[95.27069,27.40546],[95.25898,27.41036],[95.25232,27.43260],[95.23930,27.43452],[95.22182,27.45781],[95.23092,27.47204],[95.23205,27.49606],[95.26419,27.51013],[95.27235,27.52519],[95.26658,27.53617],[95.28524,27.55506],[95.27889,27.57293],[95.29169,27.56837],[95.30307,27.58325],[95.32283,27.58732],[95.29212,27.66975],[95.27758,27.68239],[95.29032,27.69392],[95.34409,27.70200],[95.42135,27.73824],[95.45973,27.77438],[95.48781,27.84428],[95.49296,27.85221],[95.51691,27.85743],[95.51765,27.87687],[95.52796,27.89299],[95.54524,27.89739],[95.54554,27.90855],[95.56679,27.91759],[95.57299,27.93748],[95.59040,27.93670],[95.60851,27.95283],[95.82747,27.97203],[95.97886,27.96280],[95.95369,27.93614],[95.95892,27.92715],[95.93966,27.89751],[95.92633,27.89520],[95.92986,27.88477],[95.89633,27.86148],[95.87498,27.83404],[95.85335,27.82839],[95.82435,27.80354],[95.78170,27.75249],[95.78593,27.73401],[95.75936,27.72537],[95.77559,27.69085],[95.79416,27.68638],[95.79552,27.67827],[95.78144,27.67329],[95.77882,27.66033],[95.80237,27.64300],[95.78800,27.61737],[95.79886,27.60173],[95.82498,27.59686],[95.82199,27.57553],[95.84061,27.56035],[95.85278,27.55935],[95.86301,27.54624],[95.88198,27.54684]]]}},{"type":"Feature","properties":{"district_2011":"Dibrugarh","state_2011":"Assam","censuscode_2011":310,"seed_districts":["Dibrugarh"]},"geometry":{"type":"Polygon","coordinates":[[[95.27758,27.68239],[95.29212,27.66975],[95.32283,27.58732],[95.30307,27.58325],[95.29169,27.56837],[95.27889,27.57293],[95.28524,27.55506],[95.26658,27.53617],[95.27235,27.52519],[95.26419,27.51013],[95.23205,27.49606],[95.23092,27.47204],[95.22182,27.45781],[95.23930,27.43452],[95.25232,27.43260],[95.25898,27.41036],[95.27069,27.40546],[95.29638,27.41161],[95.31534,27.39122],[95.35126,27.39152],[95.37658,27.38049],[95.37857,27.39164],[95.39738,27.39131],[95.44122,27.36292],[95.45079,27.36891],[95.47420,27.36432],[95.47668,27.34238],[95.45306,27.33001],[95.47045,27.30611],[95.45167,27.29487],[95.46526,27.26659],[95.44711,27.25228],[95.45802,27.23215],[95.45946,27.24743],[95.47381,27.26284],[95.49143,27.24260],[95.46011,27.20734],[95.46898,27.18435],[95.45805,27.12941],[95.42054,27.12463],[95.37294,27.09557],[95.35933,27.16755],[95.33577,27.18572],[95.31414,27.18406],[95.28939,27.19680],[95.25939,27.18365],[95.25618,27.19144],[95.24248,27.18761],[95.23474,27.17884],[95.24048,27.16929],[95.23022,27.17229],[95.22106,27.16441],[95.21410,27.17280],[95.21423,27.16377],[95.19406,27.15565],[95.18481,27.16159],[95.18804,27.15104],[95.17629,27.13709],[95.17532,27.14548],[95.17059,27.14186],[95.16509,27.12672],[95.15492,27.13426],[95.15267,27.12497],[95.15036,27.13334],[95.13461,27.13742],[95.11624,27.12787],[95.11330,27.13463],[95.06230,27.13562],[95.05048,27.15364],[95.02736,27.14384],[94.98972,27.14625],[94.98127,27.15030],[94.98625,27.16971],[94.97016,27.22869],[94.88748,27.15663],[94.83715,27.09379],[94.81418,27.09880],[94.82064,27.11411],[94.76581,27.12751],[94.75799,27.15088],[94.78122,27.17158],[94.77494,27.18405],[94.78074,27.19832],[94.77163,27.21631],[94.77949,27.23860],[94.76393,27.24893],[94.74250,27.24528],[94.75354,27.26902],[94.74575,27.27456],[94.72188,27.26476],[94.71859,27.25653],[94.72611,27.24593],[94.71510,27.24559],[94.70466,27.27091],[94.69552,27.26813],[94.68222,27.24440],[94.64661,27.24654],[94.61784,27.17585],[94.59576,27.14513],[94.59116,27.14906],[94.57060,27.17847],[94.58282,27.20184],[94.58814,27.26642],[94.61537,27.30547],[94.60741,27.32486],[94.62236,27.33230],[94.63795,27.31974],[94.64203,27.33731],[94.66654,27.34897],[94.66543,27.37621],[94.69223,27.38957],[94.69326,27.41881],[94.72318,27.42677],[94.73289,27.44118],[94.74672,27.43490],[94.77467,27.48283],[94.79560,27.48158],[94.82163,27.50526],[94.81851,27.51480],[94.87272,27.55661],[94.88254,27.57348],[94.92260,27.60039],[94.94929,27.60860],[94.95843,27.62762],[94.98550,27.65054],[95.02976,27.65840],[95.04228,27.66769],[95.06413,27.65992],[95.10768,27.66221],[95.12279,27.68011],[95.20750,27.70799],[95.19491,27.66679],[95.21471,27.65595],[95.26034,27.65861],[95.27758,27.68239]]]}},{"type":"Feature","properties":{"district_2011":"Barddhaman","state_2011":"West Bengal","censuscode_2011":335,"seed_districts":["Asansol","Bardhaman","Raniganj"]},"geometry":{"type":"Polygon","coordinates":[[[88.19770,23.76477],[88.19647,23.73381],[88.23026,23.72086],[88.23623,23.71056],[88.22790,23.70489],[88.16812,23.71046],[88.14627,23.68507],[88.13835,23.65195],[88.16849,23.62033],[88.19920,23.62003],[88.21818,23.60500],[88.23323,23.61444],[88.26557,23.61574],[88.27133,23.59901],[88.27910,23.59513],[88.28308,23.60459],[88.28977,23.57569],[88.31661,23.58844],[88.32501,23.57452],[88.29626,23.55930],[88.27939,23.55905],[88.27889,23.53692],[88.31143,23.54041],[88.32472,23.54945],[88.35014,23.54732],[88.36183,23.54298],[88.38967,23.50405],[88.39153,23.49673],[88.36567,23.47773],[88.36076,23.46336],[88.37006,23.45778],[88.34241,23.45437],[88.35309,23.42787],[88.33293,23.41218],[88.35532,23.41106],[88.35958,23.39567],[88.33294,23.36608],[88.33515,23.35217],[88.34762,23.34638],[88.32967,23.31562],[88.35158,23.29116],[88.33768,23.29198],[88.33556,23.28192],[88.35321,23.28078],[88.36445,23.25642],[88.35794,23.23760],[88.41848,23.20792],[88.40925,23.19307],[88.39571,23.19667],[88.38524,23.18142],[88.37231,23.17900],[88.37686,23.16349],[88.36377,23.13749],[88.36537,23.12034],[88.35568,23.11707],[88.34826,23.13208],[88.27361,23.13040],[88.25951,23.13914],[88.25615,23.15116],[88.24974,23.14670],[88.23195,23.16021],[88.22509,23.15355],[88.19035,23.16211],[88.17247,23.15687],[88.15741,23.13086],[88.16659,23.12586],[88.15045,23.07732],[88.13752,23.07516],[88.12027,23.05322],[88.10463,23.05380],[88.09226,23.04387],[88.05367,23.04629],[88.05168,23.02195],[88.04016,23.00999],[88.05237,22.98772],[88.03935,22.98815],[88.03433,22.97711],[88.02738,22.98657],[88.02131,22.97753],[88.00933,22.97891],[88.01291,22.96274],[87.99506,22.95805],[87.98452,22.96790],[87.97162,22.96461],[87.96515,22.95208],[87.95308,22.95652],[87.94443,22.94361],[87.89701,22.93386],[87.89343,22.95996],[87.86783,22.94017],[87.84211,22.93680],[87.82396,22.95463],[87.81909,22.94573],[87.80667,22.95033],[87.80286,22.93986],[87.78062,22.93554],[87.77607,22.96745],[87.76890,22.95851],[87.74216,22.96604],[87.73796,22.98261],[87.71411,23.01056],[87.72267,23.02776],[87.74417,23.03110],[87.74588,23.05619],[87.76572,23.07152],[87.74901,23.10778],[87.73189,23.12765],[87.73416,23.11714],[87.72795,23.11450],[87.69329,23.12843],[87.68488,23.12427],[87.69120,23.14492],[87.66672,23.16129],[87.66324,23.16769],[87.67021,23.16762],[87.65042,23.19795],[87.65209,23.21609],[87.66129,23.22155],[87.65628,23.23832],[87.63329,23.24029],[87.60289,23.25815],[87.56088,23.30945],[87.50095,23.34822],[87.44713,23.40539],[87.27968,23.49754],[87.21434,23.55560],[87.12479,23.57578],[87.01757,23.63432],[86.91655,23.62940],[86.88953,23.65333],[86.86048,23.65967],[86.84639,23.68111],[86.82228,23.68500],[86.79648,23.70044],[86.82532,23.76293],[86.82229,23.77799],[86.80327,23.79954],[86.80657,23.81512],[86.79845,23.83314],[86.80926,23.83245],[86.81487,23.81592],[86.82633,23.81311],[86.87677,23.84596],[86.88247,23.81526],[86.88778,23.81629],[86.89320,23.82397],[86.88082,23.86413],[86.90055,23.88169],[86.91241,23.88125],[86.94187,23.84666],[86.95670,23.84767],[86.97238,23.86708],[87.03980,23.83866],[87.06231,23.81812],[87.09649,23.80393],[87.12022,23.77113],[87.15604,23.74772],[87.19376,23.74947],[87.23148,23.74010],[87.27070,23.74894],[87.29387,23.72281],[87.35506,23.72035],[87.37487,23.69869],[87.39222,23.69857],[87.41715,23.68430],[87.41538,23.65297],[87.45350,23.61035],[87.50557,23.60032],[87.51782,23.61765],[87.53115,23.61898],[87.53937,23.60814],[87.58637,23.59460],[87.63474,23.60979],[87.65596,23.60296],[87.67433,23.61954],[87.69562,23.60689],[87.71148,23.61896],[87.71901,23.61756],[87.73571,23.58693],[87.74731,23.59195],[87.77067,23.57775],[87.78541,23.58167],[87.78677,23.57221],[87.80785,23.55967],[87.83982,23.56590],[87.85032,23.54947],[87.86361,23.54680],[87.89086,23.55938],[87.90840,23.54010],[87.92532,23.56801],[87.93628,23.57233],[87.93491,23.58662],[87.94757,23.59131],[87.96388,23.63022],[87.93712,23.64509],[87.93944,23.65972],[87.91309,23.66306],[87.91132,23.67040],[87.92258,23.67938],[87.91175,23.71170],[87.91979,23.71338],[87.91929,23.72708],[87.93320,23.72612],[87.94528,23.74601],[87.95515,23.74823],[87.94171,23.76788],[87.95958,23.78393],[87.97328,23.84361],[87.97490,23.83782],[88.00725,23.84521],[88.02956,23.81640],[88.03135,23.79404],[88.05934,23.77883],[88.05838,23.76991],[88.04237,23.77103],[88.03668,23.75882],[88.06201,23.72045],[88.08286,23.72089],[88.09575,23.73452],[88.09421,23.75102],[88.12745,23.74901],[88.13372,23.73023],[88.14492,23.72975],[88.15557,23.73124],[88.16675,23.75286],[88.19770,23.76477]]]}},{"type":"Feature","properties":{"district_2011":"Puruliya","state_2011":"West Bengal","censuscode_2011":340,"seed_districts":["Purulia"]},"geometry":{"type":"Polygon","coordinates":[[[86.89948,23.64003],[86.88750,23.62633],[86.88232,23.57590],[86.85681,23.56925],[86.87759,23.55647],[86.87540,23.54224],[86.88670,23.53629],[86.89710,23.49292],[86.87490,23.49716],[86.86434,23.48804],[86.85685,23.46304],[86.82033,23.46654],[86.82010,23.43652],[86.84933,23.44241],[86.85868,23.43506],[86.84046,23.40749],[86.84699,23.39593],[86.84208,23.38227],[86.82478,23.38061],[86.82714,23.36343],[86.80919,23.36293],[86.80286,23.34372],[86.78057,23.33845],[86.78375,23.29924],[86.77260,23.29057],[86.77852,23.27944],[86.77396,23.24225],[86.76371,23.24018],[86.78457,23.20814],[86.75375,23.19836],[86.74792,23.16586],[86.73539,23.16813],[86.72464,23.15100],[86.72517,23.13581],[86.71145,23.11965],[86.74507,23.09439],[86.72764,23.05059],[86.73456,23.04216],[86.72365,23.03717],[86.73334,23.02554],[86.72758,22.99541],[86.69244,22.92966],[86.70814,22.90100],[86.70457,22.87214],[86.67970,22.86205],[86.64107,22.82835],[86.61810,22.82358],[86.61228,22.79890],[86.60012,22.79777],[86.60441,22.78286],[86.59487,22.76265],[86.56047,22.71112],[86.54464,22.72387],[86.51537,22.71927],[86.51200,22.70475],[86.49317,22.72648],[86.48443,22.72557],[86.45948,22.76276],[86.44938,22.76171],[86.42165,22.77959],[86.41814,22.78950],[86.43941,22.83161],[86.43834,22.86346],[86.45238,22.86175],[86.45246,22.88636],[86.46854,22.89956],[86.43795,22.91866],[86.43835,22.92627],[86.46372,22.93583],[86.47594,22.95231],[86.49001,22.93716],[86.50211,22.95040],[86.52384,22.94720],[86.53210,22.96372],[86.54397,22.96472],[86.54574,22.99005],[86.51773,22.96911],[86.50542,22.97137],[86.51311,22.97560],[86.50285,22.99271],[86.45077,22.98788],[86.42185,22.99756],[86.39862,22.97702],[86.37512,22.99706],[86.33779,22.99164],[86.31784,22.99794],[86.30394,23.01597],[86.28506,23.01341],[86.26700,22.99825],[86.21822,22.99454],[86.20957,23.00055],[86.21012,23.01586],[86.18140,23.01564],[86.16596,23.04166],[86.15583,23.04349],[86.15415,23.05525],[86.14041,23.06549],[86.14240,23.08563],[86.12156,23.09613],[86.09766,23.09327],[86.08684,23.10679],[86.05390,23.11112],[86.05432,23.13159],[86.04285,23.14601],[85.98790,23.14827],[85.92749,23.12829],[85.90642,23.15042],[85.88337,23.16095],[85.88328,23.17524],[85.86360,23.19659],[85.83851,23.19487],[85.83249,23.26524],[85.83980,23.28278],[85.86763,23.30541],[85.86690,23.31704],[85.88409,23.32577],[85.87240,23.36684],[85.89141,23.37575],[85.90179,23.37259],[85.90047,23.38167],[85.88860,23.38309],[85.88460,23.40997],[85.86904,23.41190],[85.86572,23.45283],[85.87220,23.47208],[85.89742,23.47784],[85.95003,23.45654],[86.05329,23.49555],[86.05692,23.50346],[86.03883,23.50673],[86.02719,23.54731],[86.01686,23.55346],[86.01711,23.56304],[86.04144,23.57689],[86.04347,23.58525],[86.07749,23.58029],[86.07884,23.57004],[86.12546,23.57575],[86.13270,23.56860],[86.15078,23.56963],[86.15928,23.55347],[86.14892,23.52925],[86.16053,23.52107],[86.16109,23.50618],[86.15116,23.49595],[86.15150,23.47505],[86.17829,23.48052],[86.18473,23.46973],[86.22687,23.45802],[86.23123,23.47191],[86.24464,23.47172],[86.23055,23.43775],[86.24543,23.43376],[86.24906,23.42168],[86.25891,23.42695],[86.25252,23.43623],[86.28432,23.44320],[86.28823,23.42957],[86.30582,23.42218],[86.32005,23.43039],[86.30598,23.44581],[86.33204,23.45965],[86.33717,23.44934],[86.34622,23.45449],[86.34371,23.46318],[86.35765,23.46571],[86.36130,23.48362],[86.37775,23.48473],[86.37640,23.49232],[86.35953,23.49846],[86.37344,23.52457],[86.36380,23.54504],[86.38871,23.57397],[86.38676,23.58630],[86.41204,23.58992],[86.43309,23.61225],[86.44543,23.61103],[86.44429,23.62969],[86.45072,23.63343],[86.53439,23.63091],[86.59631,23.66415],[86.59729,23.67305],[86.63011,23.67468],[86.71661,23.69914],[86.73728,23.69571],[86.74369,23.67955],[86.77825,23.68382],[86.80120,23.69541],[86.84193,23.68273],[86.86048,23.65967],[86.88953,23.65333],[86.89948,23.64003]]]}},{"type":"Feature","properties":{"district_2011":"Chatra","state_2011":"Jharkhand","censuscode_2011":347,"seed_districts":["Chatra"]},"geometry":{"type":"MultiPolygon","coordinates":[[[[84.80269,24.52932],[84.80899,24.52097],[84.82684,24.52467],[84.83996,24.51136],[84.83450,24.47003],[84.84077,24.46952],[84.84169,24.45247],[84.85478,24.46588],[84.86705,24.45660],[84.87474,24.46687],[84.88746,24.46277],[84.88516,24.42265],[84.90542,24.39388],[84.90524,24.37222],[84.97576,24.37608],[84.99760,24.41233],[85.03928,24.42547],[85.06045,24.41528],[85.08334,24.44000],[85.07261,24.38695],[85.08781,24.38096],[85.08633,24.36001],[85.10277,24.33616],[85.13222,24.33651],[85.13954,24.34123],[85.13778,24.36101],[85.14597,24.36214],[85.19620,24.33337],[85.21292,24.34654],[85.24201,24.35075],[85.29867,24.34611],[85.35203,24.32117],[85.33909,24.31073],[85.33309,24.31858],[85.32273,24.31575],[85.31638,24.26563],[85.29679,24.23137],[85.29997,24.21027],[85.28890,24.21006],[85.26917,24.22564],[85.19721,24.23753],[85.16023,24.24068],[85.14781,24.22580],[85.14008,24.21008],[85.14817,24.19156],[85.14273,24.16868],[85.15120,24.16805],[85.17160,24.13438],[85.16511,24.12830],[85.17181,24.11073],[85.24086,24.07760],[85.25102,24.02735],[85.22920,24.02067],[85.22398,24.00072],[85.20271,23.97284],[85.20324,23.96159],[85.18776,23.94944],[85.14616,23.95473],[85.12409,23.97665],[85.09623,23.97923],[85.08326,23.96304],[85.07275,23.96516],[85.07430,23.98728],[85.03509,23.98458],[85.03360,23.96781],[85.05520,23.95784],[85.03939,23.94386],[85.04453,23.91841],[85.02604,23.91865],[85.01807,23.90280],[85.02322,23.88658],[85.03445,23.88050],[85.02953,23.86217],[85.05896,23.83456],[85.04689,23.83134],[85.04559,23.77698],[85.04857,23.74888],[85.06349,23.73336],[85.04751,23.73577],[85.05375,23.71351],[85.03612,23.68962],[85.01773,23.68697],[85.01174,23.69285],[85.00716,23.67830],[84.97247,23.71471],[84.96103,23.71197],[84.96144,23.72136],[84.93849,23.72895],[84.92784,23.76791],[84.90296,23.77507],[84.91195,23.80178],[84.94494,23.80260],[84.94770,23.84235],[84.92936,23.85840],[84.94958,23.88144],[84.94008,23.90574],[84.92683,23.91184],[84.93517,23.93480],[84.92306,23.95060],[84.88929,23.94277],[84.88418,23.95198],[84.84599,23.96496],[84.83034,23.95743],[84.82545,23.98329],[84.80541,23.96978],[84.75923,23.96702],[84.76884,23.97670],[84.75995,23.98598],[84.77007,24.00864],[84.75200,24.03210],[84.75427,24.04125],[84.74667,24.03962],[84.74297,24.04807],[84.70971,24.03919],[84.71169,24.02687],[84.68876,24.02348],[84.67072,24.00173],[84.64679,24.00517],[84.62933,23.98024],[84.60638,23.98956],[84.59872,23.98302],[84.57055,23.98484],[84.55401,24.01624],[84.56445,24.03293],[84.55351,24.04957],[84.56411,24.05210],[84.57479,24.07041],[84.56325,24.07765],[84.55382,24.10331],[84.57235,24.11800],[84.58019,24.14148],[84.55209,24.15310],[84.53851,24.17073],[84.52839,24.19128],[84.53653,24.20299],[84.48862,24.20131],[84.47325,24.21017],[84.47348,24.22875],[84.44481,24.24364],[84.45760,24.26764],[84.47165,24.26782],[84.46612,24.25920],[84.48866,24.26419],[84.48553,24.27610],[84.50968,24.29444],[84.51059,24.31528],[84.53289,24.33934],[84.52677,24.34568],[84.53537,24.36466],[84.52893,24.37607],[84.55325,24.37354],[84.57319,24.38378],[84.56652,24.39693],[84.57990,24.41215],[84.58924,24.40129],[84.63027,24.40380],[84.66562,24.39363],[84.68629,24.45618],[84.71391,24.47219],[84.73229,24.47279],[84.74939,24.49630],[84.78725,24.50469],[84.80269,24.52932]],[[84.50090,24.26510],[84.51099,24.26849],[84.50118,24.28345],[84.49672,24.27687],[84.50090,24.26510]]],[[[84.50823,24.33238],[84.48274,24.30242],[84.46938,24.31739],[84.48514,24.31592],[84.50823,24.33238]]]]}},{"type":"Feature","properties":{"district_2011":"Godda","state_2011":"Jharkhand","censuscode_2011":351,"seed_districts":["Godda"]},"geometry":{"type":"Polygon","coordinates":[[[87.47809,25.19519],[87.50026,25.13720],[87.47640,25.10605],[87.52303,25.05777],[87.50956,25.05589],[87.50565,25.02745],[87.46696,24.98985],[87.47720,24.98246],[87.47746,24.96762],[87.45908,24.93287],[87.46879,24.90725],[87.45491,24.89397],[87.46806,24.87656],[87.45996,24.86146],[87.47826,24.86035],[87.47272,24.85438],[87.48688,24.81785],[87.51200,24.79802],[87.49629,24.78391],[87.46181,24.79257],[87.43743,24.75637],[87.45979,24.73241],[87.47281,24.68603],[87.47229,24.65136],[87.44919,24.62565],[87.46382,24.61041],[87.45775,24.58563],[87.46948,24.57811],[87.46613,24.56974],[87.44090,24.56537],[87.40850,24.53692],[87.39201,24.54543],[87.39064,24.51862],[87.40561,24.50598],[87.38819,24.50236],[87.31432,24.59656],[87.28113,24.60304],[87.24906,24.58573],[87.22580,24.59229],[87.21936,24.58767],[87.17179,24.61493],[87.15612,24.61391],[87.13204,24.62853],[87.07100,24.64209],[87.05026,24.62497],[87.06059,24.67150],[87.08776,24.72538],[87.07951,24.74390],[87.09223,24.75913],[87.08878,24.78003],[87.10262,24.80226],[87.08328,24.80912],[87.08454,24.82300],[87.10093,24.82695],[87.12045,24.85627],[87.15691,24.85916],[87.15387,24.86860],[87.16407,24.88634],[87.15248,24.91354],[87.16131,24.93236],[87.15460,24.94277],[87.15972,24.99158],[87.15054,25.00702],[87.15284,25.02489],[87.16441,25.03158],[87.18272,25.06457],[87.21741,25.09014],[87.23992,25.08636],[87.25662,25.10638],[87.29712,25.08983],[87.30395,25.13519],[87.32107,25.16554],[87.31670,25.17031],[87.32955,25.22354],[87.37593,25.20553],[87.38318,25.22309],[87.39781,25.22799],[87.47809,25.19519]]]}},{"type":"Feature","properties":{"district_2011":"Dhanbad","state_2011":"Jharkhand","censuscode_2011":354,"seed_districts":["Dhanbad"]},"geometry":{"type":"Polygon","coordinates":[[[86.39877,24.04051],[86.52448,23.99905],[86.54216,24.00562],[86.57976,23.99914],[86.60022,23.97473],[86.64744,23.94592],[86.70677,23.92298],[86.73400,23.87447],[86.74883,23.88378],[86.77333,23.87251],[86.80307,23.82582],[86.80327,23.79954],[86.82229,23.77799],[86.82532,23.76293],[86.82163,23.74671],[86.81007,23.74173],[86.79755,23.68932],[86.74369,23.67955],[86.73728,23.69571],[86.69947,23.69643],[86.63011,23.67468],[86.59729,23.67305],[86.59631,23.66415],[86.53439,23.63091],[86.45072,23.63343],[86.44470,23.62167],[86.42670,23.64030],[86.42261,23.65872],[86.38676,23.67541],[86.37179,23.70196],[86.22453,23.70746],[86.17190,23.72804],[86.18835,23.73409],[86.18631,23.76807],[86.16569,23.78938],[86.16317,23.82930],[86.14498,23.83046],[86.13828,23.84119],[86.14072,23.86060],[86.12238,23.86666],[86.12264,23.88747],[86.11471,23.88868],[86.12722,23.90238],[86.13723,23.93648],[86.22238,23.94618],[86.26276,23.93001],[86.27979,23.93306],[86.29274,23.91423],[86.29009,23.94587],[86.30519,23.99043],[86.34249,24.02109],[86.32160,24.03572],[86.34391,24.05452],[86.36869,24.05071],[86.38728,24.05899],[86.39877,24.04051]]]}},{"type":"Feature","properties":{"district_2011":"Bokaro","state_2011":"Jharkhand","censuscode_2011":355,"seed_districts":["Bokaro"]},"geometry":{"type":"Polygon","coordinates":[[[85.91971,23.95583],[85.93090,23.94257],[85.93115,23.92597],[85.95027,23.92974],[85.95998,23.89876],[86.01801,23.91133],[86.03206,23.89871],[86.05143,23.90356],[86.09477,23.88922],[86.11914,23.89397],[86.12088,23.86877],[86.14072,23.86060],[86.13828,23.84119],[86.14498,23.83046],[86.16317,23.82930],[86.16569,23.78938],[86.18631,23.76807],[86.18835,23.73409],[86.17190,23.72805],[86.18004,23.72228],[86.22453,23.70746],[86.37179,23.70196],[86.38676,23.67541],[86.42261,23.65872],[86.44543,23.61103],[86.43309,23.61225],[86.41204,23.58992],[86.38676,23.58630],[86.38871,23.57397],[86.36380,23.54504],[86.37344,23.52457],[86.35953,23.49846],[86.37640,23.49232],[86.37775,23.48473],[86.36130,23.48362],[86.35765,23.46571],[86.34371,23.46318],[86.34622,23.45449],[86.33717,23.44934],[86.33204,23.45965],[86.30598,23.44581],[86.31810,23.43941],[86.31915,23.42818],[86.29551,23.42499],[86.28432,23.44320],[86.25252,23.43623],[86.25891,23.42695],[86.24906,23.42168],[86.24543,23.43376],[86.23055,23.43775],[86.24464,23.47172],[86.23123,23.47191],[86.22687,23.45802],[86.18473,23.46973],[86.17829,23.48052],[86.15150,23.47505],[86.15116,23.49595],[86.16109,23.50618],[86.16053,23.52107],[86.14892,23.52925],[86.15928,23.55347],[86.15420,23.56729],[86.12546,23.57575],[86.07884,23.57004],[86.07749,23.58029],[86.05295,23.58566],[86.01711,23.56304],[86.01686,23.55346],[86.02719,23.54731],[86.03883,23.50673],[86.05692,23.50346],[86.05329,23.49555],[85.95003,23.45654],[85.88376,23.47770],[85.88934,23.48467],[85.86767,23.50296],[85.83940,23.50352],[85.84167,23.52101],[85.82364,23.53526],[85.83830,23.54221],[85.84109,23.55374],[85.83514,23.56169],[85.81554,23.56269],[85.81001,23.58947],[85.78946,23.61491],[85.79354,23.62148],[85.77190,23.63989],[85.77350,23.66024],[85.76430,23.67341],[85.75196,23.64762],[85.72841,23.63747],[85.71923,23.61992],[85.68044,23.63024],[85.65534,23.59084],[85.61609,23.61574],[85.61840,23.67442],[85.61061,23.68642],[85.62177,23.70568],[85.61665,23.74930],[85.64965,23.77311],[85.65502,23.79641],[85.65361,23.80487],[85.64133,23.80503],[85.63480,23.78662],[85.61279,23.78030],[85.59735,23.79991],[85.59227,23.83160],[85.58330,23.83514],[85.61732,23.85570],[85.61508,23.88717],[85.66178,23.91816],[85.64723,23.93208],[85.64959,23.94041],[85.67179,23.94305],[85.66865,23.95781],[85.67928,23.96858],[85.70156,23.96088],[85.68847,23.94403],[85.70453,23.92151],[85.71793,23.91638],[85.71992,23.90561],[85.74420,23.93297],[85.76768,23.92658],[85.76768,23.91033],[85.80378,23.87924],[85.80769,23.84632],[85.81669,23.83371],[85.83852,23.82955],[85.86414,23.85035],[85.88851,23.89596],[85.88769,23.94945],[85.90067,23.95366],[85.91444,23.94538],[85.91971,23.95583]]]}},{"type":"Feature","properties":{"district_2011":"Latehar","state_2011":"Jharkhand","censuscode_2011":359,"seed_districts":["Latehar"]},"geometry":{"type":"Polygon","coordinates":[[[84.01847,23.79560],[84.03873,23.79419],[84.05424,23.81355],[84.05082,23.82966],[84.07007,23.85735],[84.08821,23.86135],[84.11480,23.89413],[84.13787,23.90047],[84.14552,23.91873],[84.13999,23.94267],[84.19479,23.92609],[84.19997,23.91583],[84.21292,23.91599],[84.21480,23.90602],[84.25338,23.92485],[84.24379,23.88538],[84.25307,23.89774],[84.28512,23.90333],[84.29354,23.91553],[84.31507,23.90625],[84.33406,23.91029],[84.34408,23.95123],[84.40127,23.93335],[84.41771,23.94725],[84.43863,23.94822],[84.45153,23.96137],[84.46872,23.95461],[84.47914,23.93163],[84.46966,23.91720],[84.48454,23.89442],[84.49659,23.89961],[84.49604,23.89352],[84.52514,23.90062],[84.51895,23.92077],[84.53007,23.92782],[84.56470,23.92750],[84.57221,23.93649],[84.57092,23.95696],[84.58654,23.97113],[84.58555,23.98623],[84.59872,23.98302],[84.60638,23.98956],[84.62933,23.98024],[84.64679,24.00517],[84.67072,24.00173],[84.68876,24.02348],[84.71169,24.02687],[84.70971,24.03919],[84.74297,24.04807],[84.74667,24.03962],[84.75427,24.04125],[84.75200,24.03210],[84.77007,24.00864],[84.75995,23.98598],[84.76884,23.97670],[84.75923,23.96702],[84.80541,23.96978],[84.82545,23.98329],[84.83034,23.95743],[84.84599,23.96496],[84.88418,23.95198],[84.88929,23.94277],[84.92306,23.95060],[84.93333,23.93983],[84.92683,23.91184],[84.94008,23.90574],[84.94958,23.88144],[84.92936,23.85840],[84.94770,23.84235],[84.94494,23.80260],[84.91195,23.80178],[84.90296,23.77507],[84.92784,23.76791],[84.93849,23.72895],[84.96144,23.72136],[84.96557,23.70667],[84.96211,23.69556],[84.94926,23.70140],[84.93503,23.69082],[84.91930,23.65255],[84.94272,23.63241],[84.94552,23.60765],[84.93306,23.57179],[84.93466,23.55007],[84.92409,23.55275],[84.91172,23.54299],[84.90591,23.58144],[84.89654,23.55870],[84.87669,23.55762],[84.87288,23.54447],[84.85377,23.53314],[84.82187,23.54378],[84.82072,23.56838],[84.80300,23.56240],[84.79787,23.57734],[84.79284,23.54499],[84.78514,23.54552],[84.78513,23.57137],[84.77380,23.57448],[84.76310,23.60046],[84.74512,23.60987],[84.73557,23.63833],[84.72792,23.63835],[84.72043,23.61778],[84.68075,23.60406],[84.67924,23.61720],[84.66399,23.62577],[84.65915,23.64765],[84.64122,23.66736],[84.61324,23.65820],[84.60164,23.66785],[84.59041,23.66525],[84.57910,23.61553],[84.56565,23.61439],[84.55392,23.62854],[84.55500,23.64227],[84.53849,23.66796],[84.50916,23.67576],[84.47012,23.65714],[84.46068,23.64155],[84.46327,23.62769],[84.44210,23.63676],[84.39590,23.63765],[84.39900,23.60420],[84.35932,23.60874],[84.34123,23.59930],[84.34099,23.58524],[84.31920,23.57860],[84.32693,23.49442],[84.31770,23.49232],[84.31727,23.48300],[84.29069,23.49291],[84.27747,23.46669],[84.25199,23.45132],[84.26064,23.37820],[84.24382,23.34851],[84.20191,23.33566],[84.19432,23.32443],[84.11899,23.35022],[84.09756,23.32905],[84.07744,23.33082],[84.05716,23.35265],[84.05060,23.37477],[84.02796,23.37619],[84.01374,23.35355],[83.98209,23.36551],[83.97307,23.38189],[83.98670,23.42731],[83.97679,23.45599],[84.01602,23.50013],[84.02995,23.54474],[84.02964,23.59779],[84.00908,23.62329],[84.05245,23.65952],[84.06016,23.68685],[84.06960,23.69195],[84.05813,23.69772],[84.02650,23.69441],[83.99386,23.70909],[83.98493,23.72392],[83.99380,23.73814],[84.00672,23.74238],[84.00801,23.75842],[84.02325,23.77608],[84.01847,23.79560]]]}},{"type":"Feature","properties":{"district_2011":"Hazaribagh","state_2011":"Jharkhand","censuscode_2011":360,"seed_districts":["Hazaribagh"]},"geometry":{"type":"Polygon","coordinates":[[[85.42210,24.36484],[85.43162,24.34137],[85.45665,24.34091],[85.46062,24.33270],[85.47238,24.33981],[85.51209,24.32437],[85.52389,24.34048],[85.53708,24.33915],[85.54636,24.35499],[85.56521,24.34625],[85.57261,24.35826],[85.58958,24.33921],[85.60305,24.34577],[85.61264,24.33368],[85.63720,24.33731],[85.62813,24.30002],[85.61071,24.29807],[85.59591,24.26314],[85.57259,24.26002],[85.56511,24.23867],[85.54958,24.24161],[85.54383,24.23319],[85.52649,24.23279],[85.51913,24.20997],[85.52597,24.19902],[85.50649,24.19775],[85.49602,24.17618],[85.51149,24.16725],[85.55115,24.16373],[85.57630,24.12931],[85.63590,24.13389],[85.68042,24.09637],[85.70789,24.10513],[85.73309,24.09982],[85.77293,24.10644],[85.76775,24.09600],[85.79962,24.08236],[85.79783,24.07187],[85.82492,24.07704],[85.84793,24.06666],[85.85050,24.05611],[85.86574,24.05615],[85.87430,24.03844],[85.89165,24.03402],[85.88345,24.02028],[85.89553,24.01216],[85.89852,23.99162],[85.92703,23.97836],[85.93382,23.96260],[85.92957,23.95537],[85.91523,23.95534],[85.91444,23.94538],[85.89016,23.95319],[85.88452,23.94146],[85.88851,23.89596],[85.86414,23.85035],[85.83852,23.82955],[85.81669,23.83371],[85.80769,23.84632],[85.80378,23.87924],[85.76768,23.91033],[85.76768,23.92658],[85.74420,23.93297],[85.71992,23.90561],[85.71793,23.91638],[85.70453,23.92151],[85.68847,23.94403],[85.70156,23.96088],[85.67928,23.96858],[85.66865,23.95781],[85.67179,23.94305],[85.64959,23.94041],[85.64716,23.93310],[85.63722,23.93796],[85.57896,23.91159],[85.52602,23.85650],[85.49273,23.80220],[85.45489,23.78572],[85.47853,23.75552],[85.44995,23.72117],[85.44933,23.68772],[85.43531,23.68245],[85.40864,23.67416],[85.33953,23.70083],[85.29264,23.68861],[85.18880,23.70979],[85.16564,23.66644],[85.15801,23.67444],[85.10751,23.66398],[85.07777,23.66886],[85.05828,23.69251],[85.07145,23.69920],[85.07049,23.70780],[85.05549,23.71018],[85.05467,23.72474],[85.04593,23.73138],[85.06349,23.73336],[85.04857,23.74888],[85.04559,23.77698],[85.04689,23.83134],[85.05896,23.83456],[85.02953,23.86217],[85.03445,23.88050],[85.02322,23.88658],[85.01807,23.90280],[85.02604,23.91865],[85.04453,23.91841],[85.03939,23.94386],[85.05520,23.95784],[85.03360,23.96781],[85.03509,23.98458],[85.07430,23.98728],[85.07275,23.96516],[85.08326,23.96304],[85.09623,23.97923],[85.12409,23.97665],[85.14616,23.95473],[85.18776,23.94944],[85.20324,23.96159],[85.20271,23.97284],[85.22398,24.00072],[85.22920,24.02067],[85.25102,24.02735],[85.24086,24.07760],[85.17181,24.11073],[85.16511,24.12830],[85.17160,24.13438],[85.15120,24.16805],[85.14273,24.16868],[85.14817,24.19156],[85.14008,24.21008],[85.14781,24.22580],[85.16023,24.24068],[85.19721,24.23753],[85.26917,24.22564],[85.28890,24.21006],[85.29997,24.21027],[85.29679,24.23137],[85.31638,24.26563],[85.32523,24.31950],[85.35313,24.30210],[85.37383,24.31499],[85.38641,24.34922],[85.41566,24.35594],[85.42210,24.36484]]]}},{"type":"Feature","properties":{"district_2011":"Ramgarh","state_2011":"Jharkhand","censuscode_2011":361,"seed_districts":["Ramgarh"]},"geometry":{"type":"Polygon","coordinates":[[[85.61279,23.78030],[85.63480,23.78662],[85.64133,23.80503],[85.65361,23.80487],[85.64965,23.77311],[85.61665,23.74930],[85.62177,23.70568],[85.61061,23.68642],[85.61840,23.67442],[85.61609,23.61574],[85.65534,23.59084],[85.68044,23.63024],[85.71923,23.61992],[85.72841,23.63747],[85.75196,23.64762],[85.76110,23.67291],[85.76814,23.67111],[85.77190,23.63989],[85.79354,23.62148],[85.78946,23.61491],[85.81001,23.58947],[85.81554,23.56269],[85.83514,23.56169],[85.84109,23.55374],[85.83830,23.54221],[85.82364,23.53526],[85.84167,23.52101],[85.83940,23.50352],[85.86767,23.50296],[85.88934,23.48467],[85.87220,23.47208],[85.86706,23.43009],[85.85981,23.42368],[85.85178,23.42796],[85.84611,23.42072],[85.82714,23.45023],[85.81667,23.45378],[85.79861,23.44936],[85.75872,23.46000],[85.73681,23.44817],[85.73138,23.45297],[85.71903,23.44108],[85.63248,23.46871],[85.60747,23.48184],[85.55129,23.53800],[85.52468,23.53664],[85.52042,23.54283],[85.52875,23.56098],[85.52248,23.57695],[85.50564,23.57014],[85.51508,23.55425],[85.51081,23.54126],[85.49417,23.54348],[85.48366,23.55400],[85.48841,23.56286],[85.47268,23.57138],[85.47155,23.55747],[85.45260,23.54937],[85.39142,23.56170],[85.38583,23.55013],[85.36586,23.56189],[85.33997,23.55861],[85.32093,23.56979],[85.26833,23.58022],[85.24428,23.59620],[85.23635,23.61960],[85.21428,23.61940],[85.20432,23.63333],[85.21392,23.65532],[85.22205,23.65499],[85.22500,23.67507],[85.23759,23.68278],[85.22597,23.68568],[85.22652,23.69888],[85.29264,23.68861],[85.33953,23.70083],[85.40864,23.67416],[85.44933,23.68772],[85.44995,23.72117],[85.47888,23.75805],[85.45489,23.78572],[85.49273,23.80220],[85.52602,23.85650],[85.57896,23.91159],[85.63722,23.93796],[85.66178,23.91816],[85.61508,23.88717],[85.61732,23.85570],[85.58330,23.83514],[85.59227,23.83160],[85.59735,23.79991],[85.61279,23.78030]]]}},{"type":"Feature","properties":{"district_2011":"Jharsuguda","state_2011":"Odisha","censuscode_2011":371,"seed_districts":["Jharsuguda"]},"geometry":{"type":"Polygon","coordinates":[[[83.79985,21.56619],[83.72721,21.63073],[83.69493,21.70159],[83.65642,21.72003],[83.55988,21.74305],[83.54464,21.72583],[83.52715,21.67265],[83.50980,21.65611],[83.49021,21.64258],[83.44792,21.65808],[83.42691,21.67787],[83.42827,21.68939],[83.46348,21.69718],[83.48517,21.73081],[83.49126,21.74437],[83.48104,21.75239],[83.48502,21.76736],[83.47431,21.78547],[83.49120,21.79706],[83.49806,21.81724],[83.51328,21.80313],[83.54368,21.79670],[83.53837,21.83460],[83.56457,21.83713],[83.59289,21.82558],[83.61252,21.83529],[83.61302,21.84578],[83.62962,21.84831],[83.64319,21.81662],[83.72189,21.78639],[83.78254,21.85628],[83.80063,21.86887],[83.81437,21.85521],[83.81655,21.88314],[83.82993,21.87802],[83.83490,21.89590],[83.86502,21.91063],[83.85438,21.92265],[83.88069,21.92392],[83.89675,21.94627],[83.96126,21.94132],[83.98100,21.90627],[84.00718,21.92357],[84.02926,21.95279],[84.04927,21.94841],[84.05604,21.93879],[84.07869,21.93715],[84.08944,21.96703],[84.08608,21.98059],[84.07364,21.98223],[84.07289,21.98964],[84.09041,21.99051],[84.09364,21.99898],[84.11011,21.99328],[84.12130,22.01106],[84.14691,21.99873],[84.17178,21.99903],[84.20737,21.97752],[84.23320,21.97494],[84.26962,22.01407],[84.28970,22.01682],[84.29954,22.03367],[84.35762,22.03651],[84.38921,22.02409],[84.39329,21.99229],[84.37561,21.97466],[84.37721,21.95444],[84.35596,21.92383],[84.33006,21.86592],[84.32985,21.84143],[84.29679,21.79577],[84.28652,21.76199],[84.27282,21.75897],[84.24740,21.76881],[84.19015,21.75420],[84.15328,21.77917],[84.11524,21.78896],[84.08341,21.77380],[84.06351,21.77415],[84.03869,21.75907],[84.02763,21.78101],[84.01497,21.78613],[83.99086,21.75178],[83.96989,21.76569],[83.96661,21.75178],[83.94420,21.72760],[83.97319,21.70870],[83.96853,21.69114],[83.98129,21.59532],[83.97367,21.57748],[83.96412,21.57110],[83.89421,21.57366],[83.82344,21.59416],[83.79985,21.56619]]]}},{"type":"Feature","properties":{"district_2011":"Sambalpur","state_2011":"Odisha","censuscode_2011":372,"seed_districts":["Sambalpur"]},"geometry":{"type":"Polygon","coordinates":[[[84.67989,21.73450],[84.63898,21.73692],[84.63931,21.70449],[84.62773,21.69472],[84.57874,21.69999],[84.54477,21.67671],[84.50551,21.67936],[84.49148,21.63769],[84.51714,21.61916],[84.52760,21.62262],[84.57500,21.57238],[84.53997,21.57860],[84.54478,21.56961],[84.51164,21.55928],[84.48413,21.50578],[84.50219,21.49576],[84.47952,21.48013],[84.49139,21.47334],[84.49406,21.44499],[84.48223,21.42407],[84.49315,21.41242],[84.48255,21.39294],[84.49648,21.38323],[84.49133,21.36764],[84.50506,21.36401],[84.50201,21.37551],[84.51888,21.37142],[84.53768,21.38070],[84.54917,21.37188],[84.54777,21.35968],[84.57020,21.32070],[84.57103,21.25107],[84.63249,21.27552],[84.65437,21.29989],[84.66766,21.30353],[84.66559,21.31160],[84.69194,21.32026],[84.71729,21.31496],[84.76636,21.27226],[84.75837,21.25769],[84.77241,21.25218],[84.76129,21.22436],[84.74418,21.23199],[84.72461,21.21732],[84.72223,21.20580],[84.74134,21.19663],[84.74864,21.18103],[84.74481,21.17055],[84.72561,21.14926],[84.70178,21.15537],[84.68562,21.14898],[84.67082,21.09544],[84.68330,21.06415],[84.65185,21.08437],[84.58931,21.06385],[84.55581,21.07142],[84.53530,21.08859],[84.48516,21.08251],[84.44219,21.03454],[84.43035,21.04092],[84.41068,21.03072],[84.43595,21.01421],[84.41647,21.00155],[84.40742,20.97897],[84.37259,20.95485],[84.33226,20.95217],[84.31296,20.93662],[84.30450,20.93986],[84.27527,20.92383],[84.24172,20.92614],[84.19467,20.97662],[84.16097,20.97566],[84.14731,21.01316],[84.14798,21.03557],[84.07069,21.05089],[84.04831,21.04411],[84.03539,21.05470],[84.02020,21.05522],[83.99094,21.07923],[83.99469,21.10186],[83.98603,21.13473],[83.89585,21.17813],[83.91342,21.24598],[83.89376,21.27549],[83.89154,21.29663],[83.87839,21.29374],[83.87162,21.31058],[83.88298,21.34950],[83.88093,21.39006],[83.84957,21.41020],[83.85513,21.42212],[83.88390,21.42754],[83.88679,21.43879],[83.84679,21.52728],[83.81527,21.53968],[83.79985,21.56619],[83.82344,21.59416],[83.89421,21.57366],[83.96412,21.57110],[83.97367,21.57748],[83.98129,21.59532],[83.96853,21.69114],[83.97319,21.70870],[83.94420,21.72760],[83.96661,21.75178],[83.96989,21.76569],[83.99086,21.75178],[84.01497,21.78613],[84.02763,21.78101],[84.03869,21.75907],[84.06351,21.77415],[84.08341,21.77380],[84.11524,21.78896],[84.15328,21.77917],[84.19015,21.75420],[84.22120,21.76641],[84.23764,21.76273],[84.24740,21.76881],[84.27282,21.75897],[84.29099,21.76610],[84.29679,21.79577],[84.32985,21.84143],[84.33006,21.86592],[84.37721,21.95444],[84.37561,21.97466],[84.39329,21.99229],[84.38921,22.02409],[84.35762,22.03651],[84.29954,22.03367],[84.28970,22.01682],[84.26962,22.01407],[84.26800,22.10425],[84.27891,22.10783],[84.27810,22.12107],[84.29927,22.11645],[84.32598,22.12441],[84.36632,22.14904],[84.38712,22.14827],[84.42114,22.17226],[84.47814,22.18857],[84.49655,22.13557],[84.49692,22.09841],[84.50189,22.08731],[84.51447,22.08437],[84.51372,22.05318],[84.53000,22.04460],[84.51095,22.01939],[84.50359,21.97027],[84.50809,21.96025],[84.51881,21.97334],[84.52902,21.97359],[84.53005,21.95856],[84.52061,21.94519],[84.53025,21.92762],[84.50022,21.91842],[84.49588,21.90754],[84.51524,21.90001],[84.53140,21.88206],[84.52721,21.87348],[84.53883,21.86049],[84.52954,21.84198],[84.52866,21.81322],[84.56893,21.78715],[84.55906,21.76703],[84.59362,21.75772],[84.65475,21.76663],[84.67770,21.75382],[84.67989,21.73450]]]}},{"type":"Feature","properties":{"district_2011":"Sundargarh","state_2011":"Odisha","censuscode_2011":374,"seed_districts":["Sundargarh"]},"geometry":{"type":"Polygon","coordinates":[[[84.00952,22.52286],[84.06459,22.51220],[84.11309,22.47600],[84.14188,22.47312],[84.14283,22.42293],[84.15942,22.40323],[84.20102,22.37420],[84.25344,22.37613],[84.27306,22.35031],[84.29609,22.33983],[84.37424,22.35213],[84.40131,22.34643],[84.43289,22.35142],[84.43372,22.36722],[84.45465,22.38166],[84.46243,22.37780],[84.48437,22.38626],[84.48345,22.40854],[84.53339,22.42259],[84.63879,22.43128],[84.66828,22.41660],[84.75049,22.41749],[84.75932,22.44471],[84.81440,22.44959],[84.81928,22.43436],[84.83913,22.42916],[84.88309,22.44602],[84.88680,22.42041],[84.90034,22.42085],[84.92294,22.42622],[84.92393,22.43720],[84.95379,22.45390],[84.95896,22.45559],[84.96110,22.44175],[85.03804,22.47262],[85.03977,22.47976],[85.06894,22.48126],[85.08007,22.46955],[85.06349,22.44761],[85.08369,22.41128],[85.08951,22.38148],[85.08048,22.35166],[85.09937,22.34419],[85.09437,22.31723],[85.12042,22.31736],[85.12085,22.29367],[85.07692,22.27535],[85.07588,22.23391],[85.05420,22.17765],[85.03183,22.15735],[85.03758,22.14074],[85.03017,22.11540],[84.98695,22.09469],[84.98626,22.08812],[84.99388,22.08020],[85.00877,22.08340],[85.02638,22.10680],[85.05031,22.11413],[85.10182,22.10294],[85.10607,22.08805],[85.12523,22.07003],[85.16189,22.07403],[85.17352,22.05230],[85.17070,22.06882],[85.18308,22.07032],[85.18978,22.05855],[85.21704,22.04684],[85.22118,22.01442],[85.27489,21.95966],[85.29953,21.95221],[85.31646,21.95821],[85.37219,21.93733],[85.37725,21.90968],[85.36040,21.87880],[85.36025,21.85194],[85.34373,21.82731],[85.31745,21.81871],[85.28566,21.83593],[85.27436,21.81905],[85.24407,21.80358],[85.23092,21.82213],[85.20464,21.76803],[85.21555,21.74107],[85.18699,21.70806],[85.19422,21.66314],[85.18398,21.64674],[85.19728,21.64015],[85.19150,21.62400],[85.17081,21.62232],[85.15052,21.59401],[85.10794,21.59271],[85.08815,21.60339],[85.05199,21.58888],[85.03683,21.60655],[85.04029,21.62186],[85.03039,21.63184],[85.02772,21.67153],[85.00039,21.68198],[84.98020,21.67319],[84.96001,21.68278],[84.95513,21.66469],[84.94263,21.65984],[84.91725,21.67029],[84.90185,21.65901],[84.86591,21.65234],[84.85836,21.65923],[84.79322,21.66838],[84.78587,21.64547],[84.79339,21.63184],[84.75929,21.62465],[84.75172,21.66716],[84.74453,21.66645],[84.74913,21.68143],[84.73111,21.69483],[84.72063,21.71493],[84.69794,21.70665],[84.67170,21.75923],[84.64601,21.76728],[84.59362,21.75772],[84.55906,21.76703],[84.56893,21.78715],[84.52866,21.81322],[84.52954,21.84198],[84.53883,21.86049],[84.52721,21.87348],[84.53140,21.88206],[84.51524,21.90001],[84.49588,21.90754],[84.50022,21.91842],[84.53025,21.92762],[84.52061,21.94519],[84.53005,21.95856],[84.52902,21.97359],[84.51881,21.97334],[84.50809,21.96025],[84.50359,21.97027],[84.51095,22.01939],[84.53000,22.04460],[84.51372,22.05318],[84.51447,22.08437],[84.50189,22.08731],[84.49692,22.09841],[84.49655,22.13557],[84.47814,22.18857],[84.42114,22.17226],[84.38712,22.14827],[84.36632,22.14904],[84.32598,22.12441],[84.29927,22.11645],[84.27810,22.12107],[84.27891,22.10783],[84.26800,22.10425],[84.26928,22.00742],[84.23320,21.97494],[84.20737,21.97752],[84.17178,21.99903],[84.14691,21.99873],[84.12130,22.01106],[84.11011,21.99328],[84.09364,21.99898],[84.09041,21.99051],[84.07289,21.98964],[84.07364,21.98223],[84.08608,21.98059],[84.08944,21.96703],[84.07869,21.93715],[84.05604,21.93879],[84.04927,21.94841],[84.02926,21.95279],[84.00718,21.92357],[83.98100,21.90627],[83.96126,21.94132],[83.89675,21.94627],[83.88069,21.92392],[83.85438,21.92265],[83.86502,21.91063],[83.83490,21.89590],[83.82993,21.87802],[83.81655,21.88314],[83.81437,21.85521],[83.80063,21.86887],[83.78254,21.85628],[83.72189,21.78639],[83.64319,21.81662],[83.62962,21.84831],[83.61302,21.84578],[83.61252,21.83529],[83.59289,21.82558],[83.58481,21.82932],[83.58064,21.83240],[83.59304,21.85035],[83.57864,21.87455],[83.58864,21.90007],[83.60759,21.91347],[83.59489,21.92872],[83.56048,21.93473],[83.56486,21.94645],[83.54230,21.96598],[83.55569,22.00913],[83.53960,22.03641],[83.55014,22.06173],[83.59064,22.05733],[83.60743,22.06789],[83.56606,22.09778],[83.56631,22.10614],[83.60945,22.15407],[83.62639,22.19854],[83.65285,22.22675],[83.70010,22.24767],[83.75987,22.24508],[83.80072,22.28988],[83.82649,22.29465],[83.83225,22.32179],[83.86806,22.34594],[83.90400,22.34188],[83.92257,22.36184],[83.97399,22.36007],[84.01122,22.36990],[84.00866,22.38258],[84.03098,22.42435],[84.04701,22.43507],[84.04855,22.46622],[83.98313,22.50422],[83.98713,22.52398],[84.00132,22.53078],[84.00952,22.52286]]]}},{"type":"Feature","properties":{"district_2011":"Dhenkanal","state_2011":"Odisha","censuscode_2011":383,"seed_districts":["Dhenkanal"]},"geometry":{"type":"MultiPolygon","coordinates":[[[[85.68744,21.18526],[85.71050,21.18147],[85.70698,21.17104],[85.72324,21.16059],[85.72856,21.14329],[85.70069,21.13904],[85.68507,21.11782],[85.70606,21.07396],[85.73058,21.06304],[85.73482,21.03050],[85.72087,20.99383],[85.72447,20.98322],[85.74279,20.99186],[85.77962,20.98161],[85.78704,20.97021],[85.80398,20.96641],[85.82794,20.92610],[85.84308,20.93206],[85.92013,20.92731],[85.92217,20.89811],[85.89978,20.85625],[85.90152,20.84660],[85.95927,20.83728],[85.98019,20.81878],[86.03386,20.80880],[86.02287,20.77673],[86.03217,20.73957],[86.02604,20.72611],[86.00968,20.72392],[85.98565,20.73520],[85.96140,20.72057],[85.90869,20.71232],[85.91030,20.68286],[85.88436,20.65793],[85.86635,20.66758],[85.80940,20.66021],[85.79214,20.67254],[85.78291,20.66172],[85.76723,20.66026],[85.76259,20.64214],[85.75542,20.64472],[85.75763,20.63491],[85.72977,20.64523],[85.71251,20.62091],[85.70899,20.62675],[85.71583,20.61363],[85.71079,20.60496],[85.68923,20.59328],[85.65894,20.54990],[85.59989,20.53612],[85.58966,20.51215],[85.51184,20.53545],[85.48563,20.52059],[85.48341,20.50735],[85.45824,20.48517],[85.40684,20.51002],[85.41046,20.49047],[85.40300,20.48607],[85.38627,20.49865],[85.34697,20.49657],[85.29311,20.51547],[85.28291,20.50882],[85.25249,20.51816],[85.21312,20.54780],[85.20066,20.56744],[85.20946,20.57502],[85.16058,20.60832],[85.12963,20.61525],[85.13702,20.63941],[85.11509,20.68176],[85.14070,20.72929],[85.15379,20.73133],[85.15919,20.71172],[85.17558,20.70048],[85.16491,20.67526],[85.16829,20.65895],[85.19708,20.67756],[85.19897,20.70841],[85.21623,20.74914],[85.20180,20.78793],[85.25705,20.79631],[85.26030,20.86836],[85.24955,20.88384],[85.26814,20.89064],[85.24264,20.90718],[85.24493,20.95994],[85.26396,20.97999],[85.22992,21.01672],[85.17334,21.04418],[85.16801,21.05320],[85.18653,21.08037],[85.23345,21.07119],[85.25114,21.11403],[85.24438,21.12402],[85.26121,21.14248],[85.26897,21.16984],[85.29139,21.18065],[85.32101,21.16027],[85.34111,21.17917],[85.35157,21.16849],[85.38134,21.16899],[85.39504,21.18470],[85.46333,21.12718],[85.49785,21.11334],[85.54872,21.16632],[85.61113,21.13710],[85.63808,21.16542],[85.66517,21.16614],[85.68744,21.18526]]],[[[84.88292,21.17762],[84.87542,21.17402],[84.87718,21.18338],[84.88292,21.17762]]]]}},{"type":"Feature","properties":{"district_2011":"Anugul","state_2011":"Odisha","censuscode_2011":384,"seed_districts":["Angul"]},"geometry":{"type":"Polygon","coordinates":[[[85.39504,21.18470],[85.38134,21.16899],[85.35157,21.16849],[85.34111,21.17917],[85.32101,21.16027],[85.29139,21.18065],[85.27394,21.17390],[85.25613,21.13337],[85.24438,21.12402],[85.25114,21.11403],[85.23345,21.07119],[85.18653,21.08037],[85.16916,21.05749],[85.17334,21.04418],[85.22992,21.01672],[85.26396,20.97999],[85.24493,20.95994],[85.24264,20.90718],[85.26814,20.89064],[85.24955,20.88384],[85.26030,20.86836],[85.25705,20.79631],[85.20180,20.78793],[85.21623,20.74914],[85.19897,20.70841],[85.19708,20.67756],[85.16829,20.65895],[85.16491,20.67526],[85.17558,20.70048],[85.15919,20.71172],[85.15379,20.73133],[85.14070,20.72929],[85.11509,20.68176],[85.13702,20.63941],[85.12963,20.61525],[85.09324,20.61084],[85.07745,20.58120],[85.06720,20.57704],[85.02715,20.58739],[84.99241,20.58258],[84.98643,20.56707],[84.95126,20.58072],[84.89813,20.58028],[84.86820,20.53669],[84.85162,20.52822],[84.77838,20.60196],[84.73431,20.61784],[84.71173,20.61169],[84.63769,20.62481],[84.57175,20.68725],[84.53582,20.69811],[84.45725,20.74339],[84.42648,20.74160],[84.37214,20.76283],[84.35731,20.78152],[84.35731,20.83565],[84.26757,20.88932],[84.27092,20.91434],[84.28289,20.92712],[84.30450,20.93986],[84.31296,20.93662],[84.33226,20.95217],[84.37259,20.95485],[84.40742,20.97897],[84.41647,21.00155],[84.43595,21.01421],[84.41068,21.03072],[84.43035,21.04092],[84.44219,21.03454],[84.48516,21.08251],[84.53530,21.08859],[84.55581,21.07142],[84.58931,21.06385],[84.65185,21.08437],[84.68330,21.06415],[84.67082,21.09544],[84.68562,21.14898],[84.70178,21.15537],[84.72561,21.14926],[84.74535,21.17085],[84.76419,21.15011],[84.80054,21.13353],[84.81917,21.14520],[84.79977,21.16684],[84.82348,21.17256],[84.88072,21.16513],[84.92271,21.14208],[84.93653,21.15695],[84.92939,21.17057],[84.93440,21.18074],[84.95018,21.17569],[84.95262,21.15311],[84.96309,21.14865],[84.97399,21.16110],[84.96610,21.16824],[84.96865,21.19133],[84.94362,21.19724],[84.93083,21.23171],[84.90185,21.25920],[84.96341,21.29861],[84.99227,21.28836],[85.01060,21.29635],[85.03746,21.29432],[85.01155,21.32553],[85.00989,21.37330],[84.99599,21.41057],[85.00723,21.44294],[85.02120,21.44330],[85.02431,21.45685],[85.06026,21.44243],[85.07750,21.45723],[85.12571,21.45358],[85.14077,21.46216],[85.15745,21.46038],[85.20638,21.52041],[85.21572,21.55400],[85.20120,21.57899],[85.19116,21.58742],[85.15052,21.59401],[85.17081,21.62232],[85.19150,21.62400],[85.19728,21.64015],[85.18398,21.64674],[85.18373,21.65429],[85.19422,21.66314],[85.20396,21.66111],[85.21126,21.67481],[85.25122,21.67595],[85.26555,21.62838],[85.29242,21.60214],[85.28796,21.58700],[85.31307,21.56657],[85.30190,21.53924],[85.30446,21.53172],[85.32442,21.53148],[85.33217,21.49280],[85.33340,21.47954],[85.30880,21.44912],[85.25935,21.45106],[85.27535,21.42703],[85.30539,21.41390],[85.30727,21.39482],[85.33051,21.38279],[85.34381,21.35882],[85.32680,21.31946],[85.31592,21.32887],[85.29682,21.30702],[85.27479,21.30157],[85.27411,21.27507],[85.28735,21.26542],[85.30035,21.27585],[85.36906,21.24072],[85.39504,21.18470]]]}},{"type":"Feature","properties":{"district_2011":"Koriya","state_2011":"Chhattisgarh","censuscode_2011":400,"seed_districts":["Koriya"]},"geometry":{"type":"Polygon","coordinates":[[[81.68724,23.90566],[81.69013,23.88783],[81.70513,23.88402],[81.71041,23.86149],[81.73074,23.85709],[81.72679,23.83855],[81.79037,23.81005],[81.81945,23.80774],[81.86067,23.82258],[81.86982,23.83307],[81.90184,23.84234],[81.92420,23.87125],[81.95845,23.85120],[82.00849,23.86148],[82.04290,23.84096],[82.03991,23.82772],[82.05313,23.81903],[82.08575,23.81554],[82.17300,23.81929],[82.18126,23.83761],[82.21164,23.85153],[82.21440,23.83958],[82.20701,23.83047],[82.23387,23.80554],[82.26303,23.82050],[82.33596,23.80236],[82.37608,23.80982],[82.39597,23.80013],[82.47124,23.80966],[82.49946,23.78458],[82.49894,23.76411],[82.54937,23.75324],[82.55221,23.73993],[82.57934,23.71535],[82.60051,23.67879],[82.60141,23.65879],[82.57526,23.62082],[82.58169,23.54196],[82.64713,23.48834],[82.65660,23.41422],[82.65067,23.38779],[82.68104,23.36976],[82.74505,23.35803],[82.75679,23.33793],[82.75974,23.30775],[82.75773,23.25520],[82.72693,23.23171],[82.69107,23.22793],[82.67187,23.20985],[82.63959,23.14142],[82.60753,23.14216],[82.58112,23.12612],[82.58868,23.09081],[82.57265,23.08040],[82.57164,23.06964],[82.58194,23.03695],[82.61005,23.00470],[82.58074,22.98623],[82.58636,22.94386],[82.57547,22.94263],[82.56427,22.95551],[82.57590,22.96507],[82.56723,22.97253],[82.45074,22.96646],[82.42039,22.97379],[82.41143,22.98974],[82.39044,22.99717],[82.35032,22.98872],[82.33140,22.96676],[82.29519,22.96015],[82.26028,22.93830],[82.20250,22.94975],[82.17972,22.97046],[82.18639,23.01520],[82.17799,23.04043],[82.12337,23.10324],[82.16158,23.15055],[82.15889,23.15994],[82.14484,23.16434],[82.15419,23.20876],[82.15001,23.22699],[82.17737,23.26944],[82.19701,23.28385],[82.19186,23.32609],[82.16564,23.33248],[82.14539,23.36094],[82.11847,23.35493],[82.10606,23.39672],[82.06435,23.39253],[82.05331,23.37688],[82.02210,23.38687],[82.03084,23.40912],[82.02356,23.42243],[82.00711,23.41173],[81.99499,23.41842],[81.98369,23.41201],[81.97898,23.44631],[81.95523,23.47042],[81.95656,23.49550],[81.92138,23.53244],[81.90759,23.53280],[81.87730,23.51324],[81.83478,23.50991],[81.82018,23.51624],[81.81224,23.54438],[81.76400,23.55104],[81.75556,23.56387],[81.74364,23.56591],[81.70068,23.52184],[81.66213,23.53001],[81.65522,23.50092],[81.63581,23.48886],[81.62201,23.49622],[81.61279,23.50932],[81.61328,23.54888],[81.58466,23.55324],[81.57733,23.58696],[81.61029,23.59835],[81.62086,23.65924],[81.65076,23.65861],[81.65713,23.68170],[81.68087,23.69171],[81.69495,23.71960],[81.67976,23.73823],[81.68176,23.75216],[81.64734,23.76927],[81.65024,23.80269],[81.63581,23.83239],[81.61355,23.83624],[81.60509,23.85994],[81.62258,23.87077],[81.60463,23.88698],[81.61825,23.90492],[81.63695,23.90563],[81.66935,23.92358],[81.68724,23.90566]]]}},{"type":"Feature","properties":{"district_2011":"Surguja","state_2011":"Chhattisgarh","censuscode_2011":401,"seed_districts":["Surguja"]},"geometry":{"type":"Polygon","coordinates":[[[83.32413,24.10596],[83.39095,24.09912],[83.41077,24.08007],[83.43305,24.08306],[83.43899,24.05726],[83.45525,24.04185],[83.51435,24.02767],[83.52417,24.01009],[83.51515,24.00086],[83.51535,23.97896],[83.54653,23.93309],[83.55043,23.89788],[83.58372,23.88406],[83.56516,23.86921],[83.56877,23.86265],[83.65707,23.84785],[83.66583,23.82764],[83.70287,23.82053],[83.71983,23.77227],[83.73686,23.75470],[83.74215,23.71359],[83.72216,23.68260],[83.75835,23.65346],[83.75044,23.64060],[83.75519,23.62681],[83.77234,23.62167],[83.78228,23.59972],[83.80784,23.58344],[83.81825,23.58912],[83.94259,23.56344],[83.93692,23.59404],[83.94522,23.62276],[83.99999,23.63341],[84.01434,23.63268],[84.00918,23.62082],[84.02964,23.59779],[84.03239,23.56626],[84.01954,23.50869],[83.97679,23.45599],[83.98670,23.42731],[83.97307,23.38189],[83.98209,23.36551],[84.01374,23.35355],[84.02796,23.37619],[84.05060,23.37477],[84.05716,23.35265],[84.07744,23.33082],[84.06713,23.30906],[84.07098,23.29313],[84.05760,23.24190],[84.06550,23.20461],[84.04096,23.16888],[84.02079,23.18757],[83.96996,23.18061],[83.97073,23.16495],[83.94892,23.16301],[83.94103,23.14699],[83.93141,23.14738],[83.92952,23.16637],[83.89541,23.18265],[83.88203,23.20304],[83.83182,23.23339],[83.79115,23.24526],[83.78269,23.22250],[83.75033,23.23758],[83.72571,23.22380],[83.71831,23.20485],[83.70768,23.20369],[83.70048,23.21852],[83.68764,23.22288],[83.65892,23.22474],[83.62605,23.21656],[83.60401,23.18114],[83.57715,23.18891],[83.56795,23.17320],[83.55521,23.17390],[83.56045,23.13287],[83.53733,23.11763],[83.50349,23.07149],[83.50779,23.05909],[83.52576,23.05762],[83.55115,23.03031],[83.51579,22.98388],[83.51180,22.94804],[83.57291,22.88900],[83.57946,22.87276],[83.59983,22.86542],[83.60061,22.85093],[83.64853,22.82263],[83.65987,22.77836],[83.65246,22.76397],[83.65627,22.75172],[83.65275,22.73920],[83.63443,22.72890],[83.63286,22.71403],[83.63879,22.70274],[83.68664,22.67853],[83.68843,22.64723],[83.67431,22.62613],[83.64614,22.65869],[83.56080,22.69984],[83.53529,22.68101],[83.51310,22.67544],[83.50737,22.65918],[83.43922,22.67463],[83.42966,22.66195],[83.41708,22.65951],[83.41149,22.63958],[83.38795,22.65782],[83.38322,22.68221],[83.38161,22.69436],[83.39408,22.69430],[83.40202,22.72582],[83.39796,22.73673],[83.38495,22.74295],[83.35251,22.73315],[83.32853,22.76649],[83.31893,22.76042],[83.25365,22.76919],[83.22233,22.79073],[83.19095,22.78605],[83.16547,22.77253],[83.15484,22.73832],[83.12198,22.72744],[83.12589,22.70274],[83.11206,22.68523],[83.11444,22.67687],[83.06036,22.66646],[83.01403,22.64044],[82.99167,22.66248],[82.97204,22.66153],[82.94618,22.67426],[82.86825,22.74713],[82.83482,22.74329],[82.77789,22.76961],[82.76912,22.78858],[82.72314,22.82987],[82.69674,22.83141],[82.65077,22.80960],[82.60671,22.82932],[82.57332,22.83077],[82.55887,22.84793],[82.55960,22.86155],[82.57132,22.86606],[82.58011,22.89405],[82.59666,22.89792],[82.57612,22.91668],[82.57547,22.94263],[82.58844,22.94833],[82.57884,22.98064],[82.58592,22.99194],[82.61002,23.00313],[82.58194,23.03695],[82.57164,23.06964],[82.57265,23.08040],[82.58868,23.09081],[82.58112,23.12612],[82.60753,23.14216],[82.63959,23.14142],[82.67187,23.20985],[82.69107,23.22793],[82.72693,23.23171],[82.75773,23.25520],[82.75974,23.30775],[82.75679,23.33793],[82.74505,23.35803],[82.68104,23.36976],[82.65067,23.38779],[82.65660,23.41422],[82.64713,23.48834],[82.58169,23.54196],[82.57526,23.62082],[82.60141,23.65879],[82.59796,23.68602],[82.55221,23.73993],[82.54937,23.75324],[82.49894,23.76411],[82.49946,23.78458],[82.52392,23.78313],[82.55224,23.79310],[82.53508,23.82293],[82.59371,23.82176],[82.61364,23.83506],[82.63725,23.83792],[82.64838,23.85694],[82.65974,23.85542],[82.66793,23.86925],[82.65388,23.88760],[82.66426,23.90672],[82.68486,23.90868],[82.70969,23.92381],[82.75585,23.92120],[82.76152,23.93479],[82.78261,23.93749],[82.80641,23.96110],[82.82850,23.96389],[82.85664,23.94581],[82.88891,23.90933],[82.95721,23.87215],[83.04413,23.88227],[83.06872,23.87449],[83.13508,23.88931],[83.15289,23.90922],[83.19725,23.92040],[83.21889,23.95964],[83.22372,23.98864],[83.24461,24.00063],[83.24953,24.01296],[83.26665,24.01087],[83.28563,24.02371],[83.28705,24.05036],[83.29855,24.07326],[83.32063,24.09313],[83.32413,24.10596]]]}},{"type":"Feature","properties":{"district_2011":"Raigarh","state_2011":"Chhattisgarh","censuscode_2011":403,"seed_districts":["Raigarh"]},"geometry":{"type":"MultiPolygon","coordinates":[[[[83.22233,22.79073],[83.23723,22.78566],[83.23939,22.77531],[83.25365,22.76919],[83.31893,22.76042],[83.32853,22.76649],[83.35251,22.73315],[83.38495,22.74295],[83.39796,22.73673],[83.40202,22.72582],[83.39408,22.69430],[83.38161,22.69436],[83.38795,22.65782],[83.41149,22.63958],[83.41708,22.65951],[83.43770,22.67201],[83.44157,22.66099],[83.42484,22.63274],[83.40417,22.61569],[83.41336,22.60296],[83.41399,22.58148],[83.40324,22.55704],[83.49672,22.49293],[83.50674,22.50790],[83.54374,22.51625],[83.57504,22.54416],[83.58972,22.54059],[83.59615,22.53279],[83.59281,22.51138],[83.57752,22.47180],[83.58540,22.45549],[83.61773,22.43842],[83.65811,22.39076],[83.69410,22.37809],[83.74106,22.37841],[83.76803,22.32451],[83.79704,22.31117],[83.80512,22.29605],[83.75987,22.24508],[83.70010,22.24767],[83.65285,22.22675],[83.62639,22.19854],[83.60945,22.15407],[83.56440,22.10226],[83.60743,22.06789],[83.59064,22.05733],[83.55014,22.06173],[83.53960,22.03641],[83.55569,22.00913],[83.54230,21.96598],[83.56486,21.94645],[83.56048,21.93473],[83.59489,21.92872],[83.60759,21.91347],[83.58864,21.90007],[83.57864,21.87455],[83.59158,21.84633],[83.58064,21.83240],[83.53837,21.83460],[83.54368,21.79670],[83.51328,21.80313],[83.49806,21.81724],[83.49120,21.79706],[83.47431,21.78547],[83.48502,21.76736],[83.48104,21.75239],[83.49126,21.74437],[83.46348,21.69718],[83.43512,21.69517],[83.42691,21.67787],[83.44792,21.65808],[83.49021,21.64258],[83.49168,21.62856],[83.47704,21.62975],[83.47012,21.60853],[83.45992,21.60820],[83.45708,21.61997],[83.44848,21.62107],[83.45474,21.64754],[83.44838,21.65220],[83.38788,21.61568],[83.36950,21.57550],[83.37296,21.55271],[83.34181,21.49864],[83.35748,21.44717],[83.37732,21.43933],[83.40095,21.40275],[83.40035,21.36856],[83.41162,21.35851],[83.39516,21.34235],[83.28858,21.37839],[83.22876,21.38031],[83.21125,21.39648],[83.19296,21.38107],[83.19389,21.39265],[83.18360,21.39964],[83.14854,21.36352],[83.13361,21.37927],[83.13351,21.39741],[83.11831,21.40748],[83.12734,21.41825],[83.05417,21.44135],[83.04841,21.47950],[83.01911,21.48656],[83.01709,21.46955],[83.00002,21.45759],[82.98131,21.47367],[82.96797,21.47087],[82.95761,21.49132],[82.93457,21.49444],[82.92662,21.54288],[82.98384,21.63584],[82.96889,21.68654],[82.95424,21.68643],[82.95125,21.72182],[82.97275,21.72044],[83.02804,21.73726],[83.08908,21.71394],[83.16947,21.71536],[83.31960,21.68061],[83.31268,21.70129],[83.27787,21.70757],[83.26145,21.72448],[83.26975,21.73523],[83.25066,21.75110],[83.24009,21.78988],[83.22591,21.79295],[83.21020,21.81179],[83.22461,21.83328],[83.18413,21.84518],[83.18673,21.85701],[83.20610,21.86457],[83.20875,21.87898],[83.21944,21.88320],[83.21781,21.90276],[83.19208,21.92214],[83.15191,21.91148],[83.13983,21.92601],[83.12245,21.92755],[83.09358,21.97262],[83.00528,21.96552],[83.00424,21.98659],[83.01337,21.98645],[83.02223,21.99959],[83.05022,22.00336],[83.02437,22.00777],[83.00795,22.02812],[83.03320,22.05445],[83.01570,22.05503],[83.01496,22.07384],[82.96838,22.09877],[82.93976,22.12859],[82.94677,22.14553],[82.96187,22.14408],[82.96892,22.16240],[83.03050,22.16898],[83.05295,22.19885],[83.05084,22.22749],[83.03600,22.24505],[83.06172,22.26201],[83.05516,22.28399],[83.08279,22.31375],[83.08979,22.34736],[83.11092,22.36465],[83.10406,22.38238],[83.11124,22.38814],[83.11610,22.42019],[83.09556,22.43064],[83.09748,22.45824],[83.08904,22.47372],[83.09405,22.49444],[83.10893,22.51111],[83.10882,22.53821],[83.09421,22.57565],[83.09920,22.63225],[83.12447,22.65135],[83.11224,22.68199],[83.12589,22.70274],[83.12023,22.72300],[83.15484,22.73832],[83.16547,22.77253],[83.19095,22.78605],[83.22233,22.79073]]],[[[83.02084,22.23479],[82.98943,22.23437],[82.98652,22.24028],[83.00648,22.25625],[83.02084,22.23479]]]]}},{"type":"Feature","properties":{"district_2011":"Korba","state_2011":"Chhattisgarh","censuscode_2011":404,"seed_districts":["Korba"]},"geometry":{"type":"Polygon","coordinates":[[[82.26458,22.29810],[82.27378,22.32141],[82.26818,22.33461],[82.23327,22.32953],[82.21763,22.33734],[82.20224,22.31304],[82.18132,22.32566],[82.14043,22.33085],[82.15529,22.34942],[82.15130,22.38364],[82.16805,22.38469],[82.16975,22.39783],[82.18405,22.41181],[82.16802,22.44307],[82.14388,22.45713],[82.14733,22.48600],[82.16104,22.50026],[82.16679,22.53011],[82.15657,22.54186],[82.17833,22.55637],[82.20943,22.59534],[82.23546,22.59228],[82.24197,22.61899],[82.24388,22.65570],[82.20674,22.65956],[82.19243,22.66981],[82.17641,22.66746],[82.16659,22.72782],[82.15237,22.74414],[82.16210,22.81059],[82.15789,22.83791],[82.14931,22.84217],[82.20949,22.91010],[82.22412,22.94045],[82.26028,22.93830],[82.29519,22.96015],[82.33140,22.96676],[82.35032,22.98872],[82.37239,22.99688],[82.40765,22.99220],[82.42039,22.97379],[82.45074,22.96646],[82.56723,22.97253],[82.57590,22.96507],[82.56427,22.95551],[82.57810,22.93646],[82.57699,22.91364],[82.59666,22.89792],[82.58011,22.89405],[82.57132,22.86606],[82.55960,22.86155],[82.56036,22.84409],[82.57332,22.83077],[82.60671,22.82932],[82.65826,22.80927],[82.69674,22.83141],[82.72314,22.82987],[82.76912,22.78858],[82.77789,22.76961],[82.83482,22.74329],[82.86825,22.74713],[82.94618,22.67426],[82.97204,22.66153],[82.99167,22.66248],[83.01403,22.64044],[83.07029,22.66984],[83.11444,22.67687],[83.12099,22.66977],[83.12447,22.65135],[83.10145,22.63521],[83.09766,22.62317],[83.09421,22.57565],[83.10882,22.53821],[83.10893,22.51111],[83.09405,22.49444],[83.08904,22.47372],[83.09748,22.45824],[83.09556,22.43064],[83.11610,22.42019],[83.11124,22.38814],[83.10406,22.38238],[83.11092,22.36465],[83.08979,22.34736],[83.08279,22.31375],[83.05516,22.28399],[83.06172,22.26201],[83.03600,22.24505],[83.05084,22.22749],[83.05295,22.19885],[83.03050,22.16898],[82.96892,22.16240],[82.96187,22.14408],[82.94677,22.14553],[82.94092,22.12203],[82.90668,22.13696],[82.89216,22.16255],[82.87159,22.17151],[82.85908,22.16907],[82.85021,22.15644],[82.82330,22.15566],[82.79751,22.14214],[82.80057,22.13287],[82.76203,22.11922],[82.75767,22.09987],[82.73071,22.08627],[82.74217,22.04353],[82.72735,22.03855],[82.71257,22.04977],[82.69993,22.08821],[82.67311,22.08122],[82.64936,22.09923],[82.63652,22.12367],[82.66006,22.18836],[82.64541,22.21182],[82.64425,22.23780],[82.62496,22.25269],[82.59412,22.25865],[82.57856,22.22227],[82.54922,22.20840],[82.53879,22.21143],[82.52052,22.25236],[82.49666,22.24669],[82.46291,22.21372],[82.39732,22.26217],[82.42015,22.28253],[82.40778,22.29875],[82.37992,22.30140],[82.37305,22.31514],[82.35619,22.32442],[82.32884,22.32273],[82.29682,22.28571],[82.26458,22.29810]],[[83.00648,22.25625],[82.99314,22.24819],[82.98699,22.23626],[83.02084,22.23479],[83.00648,22.25625]]]}},{"type":"Feature","properties":{"district_2011":"Bilaspur","state_2011":"Chhattisgarh","censuscode_2011":406,"seed_districts":["Bilaspur"]},"geometry":{"type":"Polygon","coordinates":[[[82.06887,23.11531],[82.12337,23.10324],[82.14213,23.08402],[82.16312,23.05001],[82.17799,23.04043],[82.18639,23.01520],[82.17972,22.97046],[82.22412,22.94045],[82.20949,22.91010],[82.14931,22.84217],[82.15789,22.83791],[82.16210,22.81059],[82.15237,22.74414],[82.16659,22.72782],[82.17641,22.66746],[82.19243,22.66981],[82.20674,22.65956],[82.24388,22.65570],[82.24197,22.61899],[82.23546,22.59228],[82.20943,22.59534],[82.17833,22.55637],[82.15657,22.54186],[82.16679,22.53011],[82.16104,22.50026],[82.14733,22.48600],[82.14388,22.45713],[82.16802,22.44307],[82.18405,22.41181],[82.16975,22.39783],[82.16805,22.38469],[82.15130,22.38364],[82.15529,22.34942],[82.14043,22.33085],[82.18132,22.32566],[82.20224,22.31304],[82.21763,22.33734],[82.23327,22.32953],[82.26818,22.33461],[82.27378,22.32141],[82.26430,22.29341],[82.29343,22.28570],[82.32884,22.32273],[82.35619,22.32442],[82.37305,22.31514],[82.37992,22.30140],[82.40778,22.29875],[82.42015,22.28253],[82.39732,22.26217],[82.46037,22.21641],[82.46036,22.19567],[82.47516,22.18767],[82.44493,22.16991],[82.42767,22.13764],[82.39744,22.12861],[82.35978,22.13379],[82.33683,22.10271],[82.33575,22.01497],[82.32521,22.00078],[82.33279,21.96083],[82.31370,21.93225],[82.30893,21.90396],[82.31865,21.90143],[82.31407,21.89440],[82.32865,21.86836],[82.35538,21.85191],[82.38484,21.75897],[82.41457,21.75854],[82.44086,21.73932],[82.40193,21.71260],[82.33243,21.71236],[82.30563,21.72552],[82.29110,21.75081],[82.20143,21.76307],[82.18763,21.78958],[82.18499,21.84304],[82.16317,21.84609],[82.12570,21.83354],[82.10204,21.85628],[82.03843,21.88372],[82.02384,21.85877],[81.95788,21.84587],[81.94272,21.81505],[81.92660,21.83220],[81.90039,21.84382],[81.90204,21.88660],[81.89603,21.89110],[81.87316,21.88242],[81.85813,21.89578],[81.84371,21.87850],[81.82263,21.88245],[81.82814,21.91622],[81.80708,21.92749],[81.80652,21.94478],[81.76002,21.95198],[81.73005,21.94319],[81.69759,21.96116],[81.66843,21.96195],[81.66110,21.98634],[81.62510,21.98490],[81.60922,22.01568],[81.58485,22.02441],[81.57698,22.01878],[81.59185,22.01193],[81.59337,21.99184],[81.58526,21.98462],[81.54194,22.00808],[81.52669,22.00394],[81.51920,21.99159],[81.50423,22.01319],[81.51098,22.02332],[81.51041,22.03062],[81.50087,22.02949],[81.50378,22.04872],[81.51375,22.05512],[81.52429,22.08273],[81.51110,22.11150],[81.51254,22.13551],[81.52808,22.15641],[81.52797,22.17501],[81.54033,22.19365],[81.53488,22.21712],[81.55232,22.23994],[81.55357,22.25633],[81.55120,22.26999],[81.53310,22.27644],[81.53656,22.28987],[81.52237,22.31380],[81.54647,22.32381],[81.56388,22.34444],[81.53777,22.35841],[81.51721,22.39365],[81.48893,22.41833],[81.49748,22.44401],[81.48632,22.45883],[81.48453,22.47956],[81.49904,22.51701],[81.51022,22.52647],[81.51926,22.52322],[81.52637,22.53966],[81.54953,22.52963],[81.57009,22.53390],[81.56473,22.54658],[81.57037,22.55071],[81.60708,22.53547],[81.62311,22.53878],[81.63089,22.56401],[81.65601,22.56870],[81.64746,22.58627],[81.64872,22.60723],[81.66389,22.63167],[81.68594,22.64855],[81.71438,22.64933],[81.73030,22.67589],[81.74430,22.66875],[81.74789,22.64780],[81.75629,22.64582],[81.77335,22.67583],[81.75398,22.72611],[81.76988,22.73493],[81.77135,22.74637],[81.79168,22.76622],[81.76826,22.83382],[81.77681,22.87295],[81.86376,22.89036],[81.86744,22.91446],[81.88204,22.91279],[81.92131,22.94768],[81.94770,22.95658],[81.94468,23.00889],[81.92589,23.04032],[81.94558,23.07712],[81.98965,23.08559],[82.03158,23.07950],[82.06887,23.11531]]]}},{"type":"Feature","properties":{"district_2011":"Umaria","state_2011":"Madhya Pradesh","censuscode_2011":431,"seed_districts":["Umaria"]},"geometry":{"type":"Polygon","coordinates":[[[81.00250,24.07080],[81.06084,24.00028],[81.06987,23.96589],[81.12760,23.96910],[81.12835,23.94607],[81.14080,23.92478],[81.16392,23.92498],[81.17726,23.91295],[81.16212,23.89639],[81.16461,23.88735],[81.17463,23.87836],[81.20970,23.88105],[81.22367,23.85458],[81.25790,23.85375],[81.26927,23.83877],[81.26721,23.83077],[81.19235,23.82050],[81.18213,23.79564],[81.21411,23.74498],[81.24253,23.73365],[81.24752,23.72459],[81.24749,23.69469],[81.22891,23.67478],[81.24221,23.66023],[81.23811,23.63255],[81.25115,23.57895],[81.29879,23.56182],[81.29328,23.49612],[81.30198,23.44680],[81.31459,23.43019],[81.30967,23.42340],[81.33610,23.41092],[81.32758,23.40227],[81.34070,23.38708],[81.33339,23.37088],[81.35338,23.35398],[81.33425,23.29669],[81.29986,23.28587],[81.28693,23.26736],[81.28323,23.22898],[81.25733,23.20879],[81.23832,23.21803],[81.22555,23.23537],[81.23023,23.25584],[81.19785,23.28945],[81.18512,23.28544],[81.16765,23.29805],[81.18066,23.31701],[81.16954,23.33088],[81.16172,23.31821],[81.13782,23.31993],[81.13528,23.22983],[81.10694,23.20316],[81.06784,23.19435],[81.05742,23.20687],[81.03363,23.20696],[81.01977,23.22255],[80.99473,23.23231],[80.99673,23.24198],[80.96240,23.26401],[80.95964,23.27567],[80.94184,23.28887],[80.92806,23.28550],[80.91520,23.25895],[80.87179,23.23685],[80.86255,23.22181],[80.83438,23.23050],[80.83375,23.24041],[80.80827,23.25277],[80.79339,23.24985],[80.78914,23.22261],[80.76272,23.21962],[80.74289,23.23426],[80.74468,23.25195],[80.72491,23.26293],[80.71718,23.28046],[80.72662,23.29398],[80.73572,23.29449],[80.72578,23.30286],[80.75487,23.31998],[80.75709,23.34403],[80.74026,23.34334],[80.70165,23.37091],[80.63091,23.36030],[80.59434,23.34695],[80.54051,23.35673],[80.55772,23.37740],[80.53323,23.40139],[80.53092,23.41601],[80.54181,23.43648],[80.56069,23.44057],[80.56527,23.46761],[80.54585,23.49280],[80.55110,23.54327],[80.56229,23.56558],[80.62256,23.59247],[80.62125,23.61226],[80.64982,23.63387],[80.64349,23.64865],[80.66994,23.66917],[80.67024,23.69231],[80.68368,23.72457],[80.68947,23.73438],[80.70708,23.73599],[80.71036,23.76081],[80.73051,23.72906],[80.76979,23.71021],[80.77724,23.69871],[80.79024,23.69782],[80.82158,23.66932],[80.89450,23.67529],[80.90415,23.68213],[80.89195,23.76585],[80.90772,23.77098],[80.91328,23.78656],[80.89448,23.83212],[80.89456,23.86069],[80.86239,23.87822],[80.87587,23.90360],[80.84264,23.90745],[80.83559,23.95323],[80.84660,23.96806],[80.87688,23.96884],[80.87425,23.98289],[80.91057,24.02864],[80.90549,24.03855],[80.93885,24.04616],[80.93039,24.04981],[80.93122,24.05797],[80.97356,24.06638],[80.99507,24.09142],[81.01166,24.09248],[81.00230,24.08507],[81.00250,24.07080]]]}},{"type":"Feature","properties":{"district_2011":"Betul","state_2011":"Madhya Pradesh","censuscode_2011":447,"seed_districts":["Betul"]},"geometry":{"type":"MultiPolygon","coordinates":[[[[78.27685,22.39920],[78.28312,22.35228],[78.24902,22.32286],[78.26654,22.26691],[78.28774,22.26353],[78.29497,22.25317],[78.26727,22.22231],[78.26422,22.19230],[78.27815,22.09125],[78.34507,22.11020],[78.34026,22.09247],[78.34724,22.05473],[78.40219,22.00512],[78.40365,21.99105],[78.38718,21.96376],[78.39007,21.92641],[78.39762,21.92682],[78.39886,21.94019],[78.41072,21.93813],[78.41974,21.95457],[78.46997,21.96069],[78.49091,21.94061],[78.51800,21.93289],[78.52081,21.90917],[78.54194,21.90809],[78.54670,21.86700],[78.52591,21.83669],[78.49495,21.83190],[78.46964,21.81518],[78.49879,21.79212],[78.47331,21.78505],[78.47139,21.76444],[78.46145,21.75967],[78.46710,21.74211],[78.46175,21.72293],[78.42964,21.71820],[78.42185,21.69069],[78.39927,21.68016],[78.39012,21.66603],[78.39472,21.63939],[78.38068,21.63863],[78.36725,21.62018],[78.35051,21.62792],[78.34150,21.58874],[78.32766,21.57561],[78.30878,21.56966],[78.30466,21.58327],[78.27076,21.59245],[78.26002,21.58342],[78.27389,21.56891],[78.22002,21.55192],[78.18544,21.55683],[78.17723,21.55146],[78.17248,21.52423],[78.18213,21.51254],[78.17381,21.49673],[78.06801,21.43709],[77.98443,21.40102],[77.94522,21.39715],[77.94285,21.38513],[77.88587,21.37588],[77.88740,21.38368],[77.80324,21.41042],[77.79731,21.38887],[77.75026,21.38232],[77.73763,21.36284],[77.70895,21.35719],[77.70806,21.37579],[77.69631,21.37873],[77.69484,21.39514],[77.67087,21.36957],[77.66573,21.38603],[77.65460,21.39145],[77.64282,21.38600],[77.60510,21.39159],[77.60836,21.36505],[77.58795,21.36253],[77.56598,21.37141],[77.55769,21.38838],[77.56238,21.39618],[77.53058,21.41900],[77.51392,21.37477],[77.49037,21.37574],[77.47264,21.45479],[77.44162,21.47078],[77.44252,21.48717],[77.42208,21.51865],[77.42680,21.54035],[77.44998,21.54340],[77.46086,21.55436],[77.50781,21.55248],[77.57052,21.52762],[77.59282,21.52823],[77.61073,21.54064],[77.59425,21.55945],[77.57454,21.56045],[77.57490,21.62480],[77.54574,21.69870],[77.53693,21.71035],[77.52456,21.71178],[77.50036,21.74680],[77.47932,21.75546],[77.48123,21.76779],[77.40446,21.75373],[77.28310,21.75876],[77.28627,21.72177],[77.27045,21.72661],[77.26110,21.71338],[77.22760,21.71542],[77.22460,21.69767],[77.21038,21.69156],[77.18726,21.70199],[77.19098,21.72009],[77.17435,21.72477],[77.16066,21.71092],[77.12393,21.72284],[77.06050,21.71685],[77.05889,21.73335],[77.07603,21.73261],[77.07162,21.74758],[77.07931,21.76959],[77.10730,21.77675],[77.10052,21.78613],[77.12432,21.77463],[77.19762,21.78859],[77.18588,21.79443],[77.18998,21.80604],[77.17046,21.80788],[77.16556,21.86486],[77.17827,21.87064],[77.18978,21.86199],[77.21211,21.86745],[77.20183,21.87331],[77.21101,21.88394],[77.20687,21.89028],[77.21900,21.90521],[77.24662,21.91251],[77.27583,21.96406],[77.32295,21.96861],[77.39491,21.99662],[77.38952,22.01588],[77.39702,22.02494],[77.45655,22.02456],[77.49834,22.03346],[77.50283,22.07649],[77.45464,22.08537],[77.46748,22.12129],[77.46012,22.13372],[77.46654,22.16717],[77.41621,22.17483],[77.39638,22.20372],[77.36261,22.21824],[77.35642,22.24913],[77.37950,22.24816],[77.38549,22.22638],[77.44334,22.21895],[77.45257,22.24783],[77.47244,22.25261],[77.48167,22.26988],[77.50060,22.28009],[77.50036,22.30747],[77.54422,22.35491],[77.54980,22.33820],[77.58689,22.34259],[77.59243,22.33270],[77.61477,22.33139],[77.65037,22.30623],[77.67437,22.31040],[77.68413,22.32309],[77.72134,22.31854],[77.72311,22.31213],[77.74280,22.31829],[77.75166,22.32655],[77.73894,22.33865],[77.74737,22.34507],[77.78530,22.32715],[77.83772,22.35676],[77.85684,22.35577],[77.85711,22.28042],[77.87565,22.27979],[77.94026,22.33410],[77.98828,22.31737],[78.00525,22.33140],[78.03613,22.32983],[78.18564,22.39691],[78.27685,22.39920]]],[[[77.03692,21.69801],[77.02075,21.68829],[77.01180,21.71889],[77.02929,21.72412],[77.03692,21.69801]]]]}},{"type":"Feature","properties":{"district_2011":"Shahdol","state_2011":"Madhya Pradesh","censuscode_2011":460,"seed_districts":["Shahdol"]},"geometry":{"type":"MultiPolygon","coordinates":[[[[81.45742,24.28228],[81.48250,24.23650],[81.48351,24.20051],[81.47240,24.17684],[81.48023,24.16710],[81.50270,24.16125],[81.48625,24.14800],[81.51044,24.11448],[81.51009,24.08608],[81.52279,24.07805],[81.54651,24.08695],[81.55958,24.07623],[81.53559,24.06760],[81.51965,24.04439],[81.48645,24.04223],[81.48327,24.03423],[81.51337,24.02134],[81.50328,24.00069],[81.50892,23.98046],[81.53665,23.98211],[81.55508,23.96061],[81.54017,23.94522],[81.54539,23.91223],[81.57364,23.90839],[81.62258,23.87077],[81.60509,23.85994],[81.61355,23.83624],[81.63581,23.83239],[81.65133,23.79700],[81.64734,23.76927],[81.68176,23.75216],[81.67976,23.73823],[81.69495,23.71960],[81.68087,23.69171],[81.65713,23.68170],[81.65076,23.65861],[81.62086,23.65924],[81.61029,23.59835],[81.57733,23.58696],[81.58466,23.55324],[81.61328,23.54888],[81.61279,23.50932],[81.63581,23.48886],[81.65522,23.50092],[81.66213,23.53001],[81.70068,23.52184],[81.74364,23.56591],[81.75556,23.56387],[81.76400,23.55104],[81.81224,23.54438],[81.82018,23.51624],[81.83478,23.50991],[81.87730,23.51324],[81.90759,23.53280],[81.92138,23.53244],[81.95656,23.49550],[81.95523,23.47042],[81.97898,23.44631],[81.98266,23.43070],[81.97028,23.37057],[81.96329,23.36871],[81.94313,23.38630],[81.93145,23.36445],[81.93369,23.35010],[81.90298,23.33514],[81.87637,23.29729],[81.85534,23.31856],[81.82035,23.30721],[81.82194,23.29530],[81.83569,23.30013],[81.86418,23.27624],[81.87730,23.26195],[81.88320,23.23873],[81.79569,23.25993],[81.76817,23.24549],[81.75812,23.21364],[81.71987,23.20321],[81.67325,23.21316],[81.65553,23.19495],[81.61390,23.19685],[81.63169,23.22972],[81.59114,23.22646],[81.56964,23.21280],[81.60208,23.19278],[81.59255,23.17988],[81.59727,23.17032],[81.56031,23.14859],[81.56447,23.13397],[81.53853,23.11746],[81.55391,23.08947],[81.59293,23.07128],[81.61179,23.07161],[81.61716,23.06309],[81.60943,23.03718],[81.57633,23.03330],[81.55694,23.02126],[81.54504,23.02775],[81.54926,23.04172],[81.52890,23.05173],[81.55180,23.06187],[81.52007,23.08140],[81.49910,23.06945],[81.44157,23.05689],[81.39114,23.06144],[81.36896,23.08921],[81.31966,23.10292],[81.33274,23.14722],[81.30504,23.15322],[81.31233,23.15766],[81.30034,23.16241],[81.29848,23.17704],[81.26942,23.18813],[81.25733,23.20879],[81.28323,23.22898],[81.28693,23.26736],[81.29986,23.28587],[81.33425,23.29669],[81.35338,23.35398],[81.33339,23.37088],[81.34070,23.38708],[81.32758,23.40227],[81.33610,23.41092],[81.30967,23.42340],[81.31459,23.43019],[81.30198,23.44680],[81.29328,23.49612],[81.29879,23.56182],[81.25115,23.57895],[81.23811,23.63255],[81.24221,23.66023],[81.22891,23.67478],[81.24749,23.69469],[81.24752,23.72459],[81.24253,23.73365],[81.21411,23.74498],[81.18213,23.79564],[81.19235,23.82050],[81.26721,23.83077],[81.26927,23.83877],[81.25790,23.85375],[81.22367,23.85458],[81.20970,23.88105],[81.17463,23.87836],[81.16461,23.88735],[81.16212,23.89639],[81.17726,23.91295],[81.16392,23.92498],[81.14080,23.92478],[81.12835,23.94607],[81.12760,23.96910],[81.06987,23.96589],[81.06084,24.00028],[81.00250,24.07080],[81.00128,24.08139],[81.02676,24.09934],[81.12844,24.13429],[81.15854,24.13638],[81.18443,24.11329],[81.20132,24.10980],[81.22721,24.12944],[81.22510,24.15287],[81.24872,24.16159],[81.27944,24.18673],[81.33920,24.18884],[81.36084,24.19810],[81.39075,24.26486],[81.44481,24.25920],[81.45830,24.26859],[81.45742,24.28228]]],[[[81.13916,23.24231],[81.13780,23.23509],[81.13870,23.23997],[81.13916,23.24231]]]]}},{"type":"Feature","properties":{"district_2011":"Anuppur","state_2011":"Madhya Pradesh","censuscode_2011":461,"seed_districts":["Anuppur"]},"geometry":{"type":"Polygon","coordinates":[[[81.19785,23.28945],[81.23023,23.25584],[81.22555,23.23537],[81.23832,23.21803],[81.25219,23.21385],[81.26942,23.18813],[81.29848,23.17704],[81.30034,23.16241],[81.31233,23.15766],[81.30504,23.15322],[81.33274,23.14722],[81.31966,23.10292],[81.36896,23.08921],[81.39114,23.06144],[81.44157,23.05689],[81.49910,23.06945],[81.52007,23.08140],[81.55180,23.06187],[81.52890,23.05173],[81.54926,23.04172],[81.54504,23.02775],[81.55694,23.02126],[81.57633,23.03330],[81.60943,23.03718],[81.61716,23.06309],[81.61179,23.07161],[81.59293,23.07128],[81.55391,23.08947],[81.53853,23.11746],[81.56447,23.13397],[81.56031,23.14859],[81.59727,23.17032],[81.59255,23.17988],[81.60208,23.19278],[81.56993,23.20989],[81.57279,23.21574],[81.59114,23.22646],[81.63169,23.22972],[81.61390,23.19685],[81.65553,23.19495],[81.67325,23.21316],[81.71987,23.20321],[81.75812,23.21364],[81.76817,23.24549],[81.79569,23.25993],[81.88320,23.23873],[81.87730,23.26195],[81.86418,23.27624],[81.83569,23.30013],[81.82194,23.29530],[81.82035,23.30721],[81.85534,23.31856],[81.87637,23.29729],[81.90298,23.33514],[81.93369,23.35010],[81.93145,23.36445],[81.94313,23.38630],[81.96329,23.36871],[81.97028,23.37057],[81.98119,23.41648],[81.98646,23.41042],[81.99499,23.41842],[82.00711,23.41173],[82.02356,23.42243],[82.03084,23.40912],[82.02210,23.38687],[82.05331,23.37688],[82.06435,23.39253],[82.10606,23.39672],[82.11547,23.35756],[82.12602,23.35358],[82.14539,23.36094],[82.16564,23.33248],[82.19342,23.32459],[82.19755,23.31076],[82.19394,23.27693],[82.17737,23.26944],[82.15001,23.22699],[82.15419,23.20876],[82.14484,23.16434],[82.15889,23.15994],[82.16158,23.15055],[82.13848,23.12837],[82.13574,23.11155],[82.12337,23.10324],[82.06887,23.11531],[82.03158,23.07950],[81.98965,23.08559],[81.94558,23.07712],[81.92589,23.04032],[81.94468,23.00889],[81.94770,22.95658],[81.92131,22.94768],[81.88204,22.91279],[81.86744,22.91446],[81.86376,22.89036],[81.77681,22.87295],[81.76826,22.83382],[81.79168,22.76622],[81.77135,22.74637],[81.76988,22.73493],[81.75398,22.72611],[81.77335,22.67583],[81.75629,22.64582],[81.74789,22.64780],[81.74430,22.66875],[81.73030,22.67589],[81.73921,22.68877],[81.69436,22.71303],[81.70390,22.74564],[81.69227,22.77859],[81.64597,22.78362],[81.59706,22.75749],[81.55875,22.76007],[81.52988,22.75022],[81.50947,22.76384],[81.47615,22.75900],[81.45170,22.77924],[81.43290,22.83063],[81.40630,22.85051],[81.37936,22.85473],[81.36075,22.84900],[81.32540,22.86096],[81.31659,22.87348],[81.28000,22.87803],[81.25716,22.89828],[81.19904,22.91323],[81.18871,22.95076],[81.21046,23.01596],[81.22715,23.03038],[81.23115,23.05241],[81.23841,23.05181],[81.23155,23.05777],[81.25521,23.05294],[81.26363,23.06967],[81.24286,23.10889],[81.21379,23.11729],[81.21490,23.13806],[81.20265,23.12651],[81.19493,23.12984],[81.19634,23.14759],[81.18196,23.15317],[81.19244,23.16586],[81.16110,23.16517],[81.16373,23.17730],[81.14557,23.17794],[81.12492,23.21620],[81.13916,23.24231],[81.13782,23.31993],[81.16172,23.31821],[81.16954,23.33088],[81.18066,23.31701],[81.16765,23.29805],[81.18512,23.28544],[81.19785,23.28945]]]}},{"type":"Feature","properties":{"district_2011":"Singrauli","state_2011":"Madhya Pradesh","censuscode_2011":463,"seed_districts":["Singrauli"]},"geometry":{"type":"Polygon","coordinates":[[[82.21164,23.85153],[82.24239,23.88972],[82.22588,23.89903],[82.23547,23.91783],[82.21762,23.92533],[82.20732,23.94883],[82.22011,23.98629],[82.19499,23.98145],[82.17202,24.00025],[82.16741,23.98032],[82.15606,23.97428],[82.12699,23.99350],[82.09504,23.98988],[82.08522,24.01976],[82.07755,24.00572],[82.05330,24.00292],[82.02168,24.03054],[82.00685,24.01164],[81.99542,24.01966],[81.97878,24.01238],[81.96519,24.01711],[81.96268,24.04598],[81.95227,24.06444],[81.90764,24.08484],[81.90649,24.11519],[81.87883,24.12380],[81.89759,24.16726],[81.89714,24.18723],[81.91324,24.19701],[81.91926,24.21546],[81.93556,24.21692],[81.94012,24.23700],[81.95759,24.23498],[81.95652,24.25506],[81.98465,24.23237],[81.99989,24.23763],[82.04206,24.28629],[82.03155,24.30653],[82.05318,24.31116],[82.06682,24.30453],[82.11495,24.32421],[82.10802,24.34637],[82.11632,24.36006],[82.16643,24.36056],[82.15134,24.38829],[82.17936,24.38253],[82.20346,24.39102],[82.20581,24.40298],[82.18960,24.42520],[82.23624,24.44313],[82.24112,24.46999],[82.25584,24.46776],[82.26184,24.48173],[82.27843,24.48250],[82.29147,24.50154],[82.31781,24.50030],[82.33854,24.51106],[82.37910,24.55896],[82.34668,24.56974],[82.34163,24.58313],[82.31469,24.59174],[82.30204,24.61145],[82.33789,24.62148],[82.35408,24.61655],[82.36895,24.59977],[82.41728,24.59566],[82.42269,24.60422],[82.41165,24.63394],[82.41993,24.65561],[82.40976,24.68153],[82.42832,24.70296],[82.44047,24.70401],[82.45301,24.69412],[82.45699,24.67567],[82.48482,24.68135],[82.49490,24.67330],[82.52657,24.67616],[82.53740,24.64983],[82.67369,24.69779],[82.70407,24.67370],[82.70328,24.64227],[82.77088,24.64374],[82.77597,24.60872],[82.76815,24.59793],[82.80446,24.59790],[82.80883,24.55089],[82.75409,24.53969],[82.74926,24.55274],[82.72059,24.55435],[82.72367,24.51148],[82.74458,24.49798],[82.73178,24.47456],[82.73862,24.46857],[82.73305,24.44300],[82.74070,24.43103],[82.72819,24.42796],[82.71512,24.38350],[82.72647,24.36957],[82.75474,24.37089],[82.76241,24.37788],[82.76854,24.37142],[82.77204,24.29091],[82.75850,24.26663],[82.75782,24.23467],[82.73490,24.22179],[82.74401,24.16695],[82.73094,24.15542],[82.72821,24.13762],[82.69621,24.14283],[82.67872,24.15703],[82.66526,24.13338],[82.70919,24.09572],[82.71624,24.07945],[82.74928,24.07381],[82.75586,24.07925],[82.76273,24.07197],[82.77408,24.07661],[82.76357,24.04237],[82.74773,24.02983],[82.74979,24.02019],[82.76014,24.00725],[82.80505,24.00400],[82.80665,23.96979],[82.81553,23.96198],[82.80456,23.96033],[82.78261,23.93749],[82.76152,23.93479],[82.75585,23.92120],[82.70969,23.92381],[82.68486,23.90868],[82.66426,23.90672],[82.65388,23.88760],[82.66728,23.87347],[82.65974,23.85542],[82.65128,23.85853],[82.63725,23.83792],[82.61364,23.83506],[82.59371,23.82176],[82.53508,23.82293],[82.55224,23.79310],[82.52392,23.78313],[82.49280,23.78723],[82.49042,23.79636],[82.46776,23.81021],[82.39597,23.80013],[82.37608,23.80982],[82.33596,23.80236],[82.26303,23.82050],[82.23387,23.80554],[82.20701,23.83047],[82.21440,23.83958],[82.21164,23.85153]]]}},{"type":"Feature","properties":{"district_2011":"Wardha","state_2011":"Maharashtra","censuscode_2011":504,"seed_districts":["Wardha"]},"geometry":{"type":"Polygon","coordinates":[[[78.15797,21.32977],[78.26388,21.32660],[78.29499,21.29461],[78.31128,21.29395],[78.30749,21.27379],[78.32622,21.27117],[78.33295,21.25057],[78.40704,21.23751],[78.41939,21.22776],[78.44655,21.23410],[78.47817,21.21954],[78.51848,21.17505],[78.52572,21.15289],[78.55494,21.11786],[78.59647,21.10856],[78.59863,21.09012],[78.61066,21.08852],[78.60691,21.06922],[78.64321,21.05951],[78.65206,21.03590],[78.68857,21.02944],[78.73094,21.00461],[78.72664,20.97179],[78.73508,20.94698],[78.74942,20.94323],[78.74596,20.93540],[78.76589,20.92093],[78.77847,20.89119],[78.80970,20.87611],[78.83213,20.89307],[78.84247,20.89060],[78.84110,20.88043],[78.86470,20.87132],[78.86402,20.84217],[78.87503,20.82672],[78.88844,20.84178],[78.91591,20.83512],[78.91550,20.80640],[78.94673,20.79392],[78.94515,20.76697],[78.97370,20.75422],[78.99752,20.75388],[78.99995,20.74241],[79.01973,20.73611],[79.05282,20.73427],[79.05356,20.72631],[79.07415,20.72361],[79.09218,20.70794],[79.10411,20.71217],[79.10692,20.68567],[79.14287,20.67585],[79.14941,20.65156],[79.17037,20.64301],[79.17073,20.62449],[79.18624,20.61880],[79.19256,20.59611],[79.20938,20.59739],[79.22472,20.58206],[79.21438,20.54641],[79.19184,20.53269],[79.17941,20.51060],[79.17173,20.51236],[79.15658,20.47669],[79.13934,20.47751],[79.13069,20.45403],[79.12103,20.45006],[79.05189,20.46398],[79.04672,20.47346],[79.02396,20.47848],[79.00186,20.44764],[78.98972,20.46282],[78.98393,20.45636],[78.96855,20.45855],[78.96371,20.43606],[78.95082,20.42843],[78.89922,20.43719],[78.87148,20.42169],[78.84634,20.43344],[78.84246,20.42451],[78.85570,20.40896],[78.82649,20.40189],[78.81939,20.39283],[78.82802,20.36214],[78.82376,20.34937],[78.83360,20.33357],[78.83003,20.31890],[78.81196,20.31252],[78.80181,20.29779],[78.74054,20.29263],[78.73415,20.30478],[78.70818,20.30938],[78.71129,20.34917],[78.69240,20.35681],[78.68222,20.38105],[78.64705,20.41943],[78.64777,20.43190],[78.61962,20.43182],[78.61123,20.44223],[78.60389,20.42849],[78.57091,20.43239],[78.53736,20.46306],[78.53565,20.47954],[78.50923,20.51957],[78.48098,20.52837],[78.45406,20.51178],[78.43455,20.51783],[78.41257,20.51145],[78.38682,20.51979],[78.37840,20.53013],[78.35992,20.52670],[78.34058,20.54309],[78.27988,20.56238],[78.26399,20.57942],[78.24991,20.64308],[78.26694,20.66128],[78.27953,20.69639],[78.29660,20.69683],[78.30821,20.72325],[78.31030,20.75833],[78.29427,20.77794],[78.29554,20.80243],[78.31785,20.82309],[78.30923,20.83444],[78.29386,20.82765],[78.29224,20.83970],[78.27998,20.84389],[78.25567,20.88644],[78.21599,20.90826],[78.20468,20.89947],[78.18440,20.90464],[78.16955,20.94099],[78.14612,20.95222],[78.14956,20.98589],[78.13757,21.00409],[78.14721,21.02272],[78.14030,21.03494],[78.15123,21.04439],[78.15394,21.07490],[78.14762,21.09958],[78.13220,21.11298],[78.14531,21.13719],[78.09456,21.17690],[78.09876,21.19921],[78.07384,21.21956],[78.07174,21.23532],[78.05549,21.24916],[78.06119,21.27422],[78.08169,21.27778],[78.06800,21.29882],[78.07976,21.32803],[78.07512,21.35329],[78.10524,21.35475],[78.15024,21.34129],[78.15797,21.32977]]]}},{"type":"Feature","properties":{"district_2011":"Nagpur","state_2011":"Maharashtra","censuscode_2011":505,"seed_districts":["Nagpur"]},"geometry":{"type":"Polygon","coordinates":[[[79.51188,21.58940],[79.54364,21.56818],[79.54271,21.54344],[79.51422,21.53412],[79.48575,21.50200],[79.45933,21.46067],[79.44930,21.45651],[79.45049,21.43494],[79.46042,21.42593],[79.48328,21.42732],[79.48788,21.39866],[79.50035,21.39755],[79.52644,21.35472],[79.55691,21.33029],[79.55602,21.30624],[79.56808,21.29902],[79.57671,21.27743],[79.55317,21.20615],[79.56296,21.18708],[79.55454,21.17210],[79.56177,21.15548],[79.53433,21.15608],[79.53255,21.17449],[79.50164,21.18326],[79.49813,21.17165],[79.51049,21.16266],[79.50621,21.14580],[79.49273,21.13936],[79.52754,21.11749],[79.53318,21.09560],[79.52301,21.08766],[79.52947,21.07531],[79.55193,21.08638],[79.57312,21.06723],[79.58872,21.07609],[79.59965,21.07246],[79.63758,20.99089],[79.65960,20.96941],[79.66091,20.95281],[79.64413,20.91653],[79.61658,20.90253],[79.61127,20.87839],[79.61912,20.86472],[79.60422,20.86426],[79.58303,20.84241],[79.55982,20.85331],[79.54159,20.84780],[79.56043,20.80286],[79.53557,20.77284],[79.53545,20.73998],[79.50568,20.69989],[79.49156,20.70404],[79.46741,20.67441],[79.43492,20.65878],[79.39902,20.65732],[79.38946,20.67235],[79.37552,20.67730],[79.35282,20.67128],[79.35738,20.65526],[79.34587,20.64425],[79.32709,20.58923],[79.31311,20.58064],[79.29250,20.58877],[79.22472,20.58206],[79.20938,20.59739],[79.19256,20.59611],[79.18624,20.61880],[79.17073,20.62449],[79.17037,20.64301],[79.14941,20.65156],[79.14287,20.67585],[79.10692,20.68567],[79.10411,20.71217],[79.09218,20.70794],[79.07415,20.72361],[79.05356,20.72631],[79.05282,20.73427],[79.01973,20.73611],[78.99995,20.74241],[78.99752,20.75388],[78.97370,20.75422],[78.94515,20.76697],[78.94673,20.79392],[78.91550,20.80640],[78.91591,20.83512],[78.88844,20.84178],[78.87503,20.82672],[78.86402,20.84217],[78.86470,20.87132],[78.84110,20.88043],[78.83640,20.89367],[78.80970,20.87611],[78.77847,20.89119],[78.76589,20.92093],[78.74596,20.93540],[78.74942,20.94323],[78.73508,20.94698],[78.72664,20.97179],[78.73094,21.00461],[78.68857,21.02944],[78.65206,21.03590],[78.64321,21.05951],[78.60691,21.06922],[78.61066,21.08852],[78.59863,21.09012],[78.59647,21.10856],[78.55494,21.11786],[78.52572,21.15289],[78.51848,21.17505],[78.47817,21.21954],[78.44655,21.23410],[78.41939,21.22776],[78.40704,21.23751],[78.33295,21.25057],[78.32622,21.27117],[78.30749,21.27379],[78.31128,21.29395],[78.29499,21.29461],[78.26388,21.32660],[78.25127,21.32859],[78.25225,21.33697],[78.27599,21.35080],[78.31076,21.35695],[78.34848,21.38485],[78.36698,21.38356],[78.37377,21.39453],[78.40942,21.38367],[78.42332,21.39689],[78.44868,21.40455],[78.43210,21.49773],[78.44344,21.50216],[78.45655,21.49574],[78.46115,21.50286],[78.48531,21.50455],[78.51351,21.52684],[78.57155,21.51417],[78.57031,21.50447],[78.58990,21.48541],[78.61043,21.48690],[78.62603,21.47611],[78.64254,21.48276],[78.68922,21.48057],[78.72497,21.46327],[78.74407,21.47155],[78.75172,21.49250],[78.76629,21.48841],[78.77745,21.46582],[78.78989,21.48781],[78.85690,21.49442],[78.88525,21.48372],[78.90118,21.49931],[78.93727,21.48619],[78.94610,21.51246],[78.92888,21.52252],[78.93003,21.53739],[78.90986,21.55351],[78.91816,21.56180],[78.93328,21.55897],[78.91708,21.56957],[78.91869,21.59100],[78.94583,21.59242],[78.98028,21.61621],[79.00000,21.61742],[79.01511,21.60020],[79.08171,21.60642],[79.09374,21.59796],[79.10978,21.60812],[79.10483,21.61765],[79.14679,21.63829],[79.15355,21.65926],[79.22569,21.64962],[79.23420,21.67018],[79.22396,21.68002],[79.22671,21.69533],[79.24058,21.71394],[79.23449,21.72265],[79.27071,21.71368],[79.29067,21.69271],[79.35425,21.68328],[79.35493,21.67777],[79.40071,21.67351],[79.42177,21.69036],[79.44675,21.68119],[79.46453,21.68628],[79.49462,21.67312],[79.50869,21.63367],[79.51770,21.63021],[79.50425,21.61146],[79.51188,21.58940]]]}},{"type":"Feature","properties":{"district_2011":"Chandrapur","state_2011":"Maharashtra","censuscode_2011":509,"seed_districts":["Chandrapur"]},"geometry":{"type":"Polygon","coordinates":[[[79.93299,20.66652],[79.94284,20.62410],[79.92761,20.55216],[79.95281,20.52815],[79.94131,20.44675],[79.94305,20.43486],[79.96212,20.41498],[79.96032,20.38351],[79.97350,20.36074],[79.97385,20.34997],[79.94562,20.31659],[79.94538,20.29401],[79.98541,20.24849],[79.99583,20.21977],[79.98951,20.20676],[79.93419,20.18688],[79.91221,20.14552],[79.97235,20.11274],[79.99158,20.04533],[79.95054,19.98476],[79.91250,19.96759],[79.87116,19.98401],[79.87070,20.00114],[79.84869,20.03247],[79.81420,20.02886],[79.78070,20.00036],[79.77221,19.97196],[79.77687,19.95001],[79.80515,19.89363],[79.75853,19.84677],[79.74380,19.81652],[79.75499,19.76038],[79.78680,19.71744],[79.79195,19.59598],[79.74680,19.60547],[79.71938,19.58565],[79.64610,19.57725],[79.62217,19.56087],[79.60442,19.50608],[79.58901,19.50534],[79.55881,19.52228],[79.54895,19.55070],[79.52125,19.54411],[79.51967,19.52026],[79.47665,19.49962],[79.44744,19.53559],[79.41976,19.53553],[79.37728,19.56351],[79.37511,19.57317],[79.33571,19.57558],[79.32028,19.56742],[79.31084,19.59199],[79.24980,19.61429],[79.24363,19.60130],[79.25604,19.57948],[79.24570,19.56130],[79.24257,19.52866],[79.22163,19.51245],[79.21278,19.49355],[79.22888,19.46974],[79.19494,19.46062],[79.17497,19.46965],[79.14609,19.50291],[79.11053,19.51448],[79.10239,19.53218],[79.06911,19.53291],[79.05723,19.54690],[79.02401,19.54156],[78.99847,19.56358],[78.98409,19.55246],[78.96013,19.55335],[78.95513,19.55898],[78.98612,19.58658],[78.96844,19.61875],[78.97452,19.65061],[78.95975,19.66476],[78.92141,19.66903],[78.89645,19.65656],[78.86422,19.65756],[78.86890,19.69797],[78.84971,19.76010],[78.85887,19.77014],[78.87504,19.76765],[78.88302,19.74599],[78.90290,19.73707],[78.94890,19.74861],[78.94044,19.77828],[78.95861,19.80320],[79.02045,19.79908],[79.04288,19.81714],[79.06562,19.81475],[79.13586,19.86555],[79.15166,19.89303],[79.09488,19.91466],[79.09359,19.94563],[79.11045,19.96463],[79.09371,19.97713],[79.11520,19.98843],[79.10860,20.00798],[79.08325,20.02852],[79.07070,20.06376],[79.04409,20.07130],[79.04832,20.08413],[79.01667,20.11276],[78.97051,20.12317],[78.97041,20.13762],[78.98141,20.14864],[78.95511,20.16830],[78.96270,20.20262],[78.92167,20.23717],[78.92129,20.25235],[78.82014,20.24690],[78.81253,20.25386],[78.81979,20.27056],[78.80123,20.30141],[78.83371,20.32805],[78.82376,20.34937],[78.82802,20.36214],[78.81939,20.39283],[78.82649,20.40189],[78.85570,20.40896],[78.84179,20.43105],[78.87148,20.42169],[78.89922,20.43719],[78.95082,20.42843],[78.96371,20.43606],[78.96855,20.45855],[78.98393,20.45636],[78.98972,20.46282],[79.00186,20.44764],[79.02396,20.47848],[79.04672,20.47346],[79.05189,20.46398],[79.09636,20.45996],[79.11365,20.45003],[79.13069,20.45403],[79.13934,20.47751],[79.15658,20.47669],[79.17173,20.51236],[79.17941,20.51060],[79.19184,20.53269],[79.21438,20.54641],[79.22639,20.58335],[79.29250,20.58877],[79.32179,20.58324],[79.34737,20.63403],[79.34587,20.64425],[79.35738,20.65526],[79.35282,20.67128],[79.37552,20.67730],[79.38946,20.67235],[79.39902,20.65732],[79.43492,20.65878],[79.46741,20.67441],[79.49156,20.70404],[79.50568,20.69989],[79.52078,20.70868],[79.56595,20.70157],[79.58091,20.69103],[79.61315,20.69116],[79.62314,20.67297],[79.65336,20.66759],[79.67165,20.64837],[79.69566,20.64033],[79.70156,20.64471],[79.69346,20.66874],[79.71349,20.68529],[79.75255,20.68575],[79.76174,20.73105],[79.78930,20.71741],[79.80287,20.68421],[79.84988,20.67756],[79.89426,20.68307],[79.93299,20.66652]]]}},{"type":"Feature","properties":{"district_2011":"Yavatmal","state_2011":"Maharashtra","censuscode_2011":510,"seed_districts":["Yavatmal"]},"geometry":{"type":"Polygon","coordinates":[[[78.27953,20.69639],[78.26694,20.66128],[78.24991,20.64308],[78.26399,20.57942],[78.27988,20.56238],[78.34058,20.54309],[78.35992,20.52670],[78.37840,20.53013],[78.38682,20.51979],[78.41257,20.51145],[78.43455,20.51783],[78.45406,20.51178],[78.48098,20.52837],[78.50923,20.51957],[78.53565,20.47954],[78.53736,20.46306],[78.57091,20.43239],[78.60389,20.42849],[78.61123,20.44223],[78.61962,20.43182],[78.64777,20.43190],[78.64705,20.41943],[78.68222,20.38105],[78.69240,20.35681],[78.71129,20.34917],[78.70818,20.30938],[78.73415,20.30478],[78.73822,20.29290],[78.80181,20.29779],[78.81828,20.27510],[78.81137,20.25977],[78.82014,20.24690],[78.92129,20.25235],[78.92167,20.23717],[78.96270,20.20262],[78.95511,20.16830],[78.98141,20.14864],[78.97041,20.13762],[78.97051,20.12317],[79.01667,20.11276],[79.04832,20.08413],[79.04409,20.07130],[79.07070,20.06376],[79.08325,20.02852],[79.10860,20.00798],[79.11520,19.98843],[79.09371,19.97713],[79.11045,19.96463],[79.09359,19.94563],[79.09488,19.91466],[79.15166,19.89303],[79.14945,19.88684],[79.13586,19.86555],[79.06562,19.81475],[79.04288,19.81714],[79.02045,19.79908],[78.95861,19.80320],[78.94044,19.77828],[78.94890,19.74861],[78.90290,19.73707],[78.88302,19.74599],[78.87504,19.76765],[78.81295,19.75905],[78.79018,19.77975],[78.74832,19.78062],[78.72167,19.76776],[78.70109,19.79060],[78.60869,19.81827],[78.59000,19.81244],[78.53119,19.82235],[78.51729,19.81497],[78.50855,19.79312],[78.49880,19.79385],[78.48103,19.81701],[78.43344,19.82369],[78.40238,19.83694],[78.39064,19.85321],[78.38884,19.87970],[78.34087,19.88361],[78.32985,19.89088],[78.33920,19.90469],[78.33297,19.91646],[78.28694,19.91068],[78.28078,19.88518],[78.25472,19.87298],[78.24233,19.88749],[78.25965,19.91169],[78.25279,19.92935],[78.20053,19.90265],[78.14946,19.91594],[78.13113,19.90200],[78.10303,19.89667],[78.07839,19.90059],[78.05326,19.93071],[78.03345,19.92845],[78.01190,19.91418],[77.95390,19.91122],[77.94052,19.89286],[77.89810,19.87799],[77.87620,19.84955],[77.87031,19.82389],[77.84906,19.80077],[77.86552,19.77141],[77.86052,19.74365],[77.87673,19.74443],[77.89594,19.72558],[77.89945,19.73487],[77.91441,19.72978],[77.93355,19.73931],[77.95317,19.72935],[77.96490,19.70640],[77.98538,19.69940],[77.98846,19.68078],[78.04710,19.69889],[78.05667,19.67099],[78.08985,19.64521],[78.13105,19.66711],[78.17899,19.65504],[78.19570,19.61827],[78.18562,19.58408],[78.18902,19.56735],[78.14741,19.55290],[78.11990,19.55361],[78.13626,19.53118],[78.12107,19.50135],[78.06786,19.46699],[78.02589,19.49740],[78.01641,19.49073],[78.01317,19.46543],[77.99143,19.45519],[77.98719,19.47857],[77.97416,19.49386],[77.97573,19.50608],[77.95882,19.51093],[77.93815,19.50038],[77.91658,19.51520],[77.90759,19.53323],[77.88994,19.51937],[77.88546,19.50033],[77.86157,19.51957],[77.84287,19.50983],[77.84695,19.48673],[77.82753,19.47540],[77.84754,19.45581],[77.83469,19.43931],[77.81967,19.44529],[77.80485,19.46429],[77.79810,19.45047],[77.75618,19.43227],[77.69891,19.43864],[77.69908,19.45976],[77.71398,19.47647],[77.74029,19.48308],[77.73644,19.49493],[77.75277,19.50962],[77.74966,19.52179],[77.73370,19.53204],[77.71392,19.52561],[77.70040,19.53785],[77.63414,19.55570],[77.64931,19.55554],[77.64057,19.58747],[77.64476,19.60778],[77.62946,19.60800],[77.62921,19.62438],[77.61601,19.62930],[77.60746,19.64693],[77.58029,19.65765],[77.55522,19.65245],[77.55503,19.66371],[77.44605,19.68765],[77.45139,19.69983],[77.44073,19.72205],[77.41332,19.74353],[77.39677,19.72572],[77.38547,19.72631],[77.37906,19.74603],[77.38710,19.76600],[77.40454,19.76414],[77.40992,19.77253],[77.38352,19.78811],[77.39524,19.81112],[77.39001,19.82093],[77.37066,19.82223],[77.36223,19.81502],[77.34682,19.82520],[77.34621,19.83378],[77.36358,19.83301],[77.35662,19.84540],[77.36648,19.85153],[77.36531,19.85806],[77.34908,19.86023],[77.34791,19.87341],[77.32363,19.88496],[77.29859,19.87952],[77.29819,19.89263],[77.31501,19.88981],[77.31776,19.90616],[77.31076,19.91040],[77.28908,19.90072],[77.28737,19.93546],[77.30553,19.94651],[77.30759,19.96246],[77.32503,19.95619],[77.33239,19.97090],[77.34009,19.96905],[77.34096,20.00624],[77.35446,20.01406],[77.37376,20.04618],[77.35517,20.06818],[77.36945,20.10100],[77.39036,20.08626],[77.45584,20.07032],[77.52610,20.09396],[77.55338,20.06418],[77.55693,20.04831],[77.58090,20.02974],[77.62592,20.04127],[77.65622,20.08076],[77.65922,20.09646],[77.67173,20.10426],[77.68424,20.14443],[77.67686,20.14789],[77.68137,20.16885],[77.65372,20.17358],[77.64663,20.19005],[77.65983,20.20204],[77.65460,20.21052],[77.66858,20.24757],[77.61164,20.26391],[77.60933,20.27811],[77.59594,20.28058],[77.58439,20.32532],[77.56764,20.33332],[77.57815,20.37099],[77.57547,20.39253],[77.58496,20.41160],[77.59636,20.41053],[77.59337,20.42456],[77.60713,20.43608],[77.60135,20.44485],[77.61668,20.46078],[77.64757,20.44897],[77.65402,20.49470],[77.66289,20.49685],[77.66860,20.51493],[77.69108,20.52332],[77.69042,20.53205],[77.67040,20.53717],[77.64488,20.52920],[77.65307,20.56418],[77.66682,20.58043],[77.74191,20.56137],[77.75050,20.54791],[77.77160,20.53993],[77.80696,20.56680],[77.81151,20.58718],[77.83760,20.56556],[77.84680,20.57038],[77.84668,20.58765],[77.86579,20.59487],[77.86613,20.60925],[77.87737,20.60936],[77.89308,20.62346],[77.91908,20.60452],[77.91237,20.56542],[77.92432,20.55854],[77.93410,20.57705],[77.95106,20.57533],[77.97380,20.59009],[77.99608,20.62284],[78.02664,20.63283],[78.02125,20.64225],[78.03865,20.66644],[78.06363,20.67268],[78.07706,20.66378],[78.08901,20.67206],[78.10032,20.66597],[78.09329,20.64096],[78.11190,20.64016],[78.11227,20.64896],[78.13136,20.64800],[78.12503,20.66081],[78.13224,20.66433],[78.15902,20.65913],[78.15891,20.66722],[78.18112,20.67054],[78.18286,20.67722],[78.20904,20.67649],[78.21338,20.68935],[78.25401,20.68391],[78.25964,20.69569],[78.27953,20.69639]]]}},{"type":"Feature","properties":{"district_2011":"Adilabad","state_2011":"Andhra Pradesh","censuscode_2011":532,"seed_districts":["Mancherial"]},"geometry":{"type":"Polygon","coordinates":[[[78.84971,19.76010],[78.86890,19.69797],[78.86422,19.65756],[78.89645,19.65656],[78.92141,19.66903],[78.95975,19.66476],[78.97452,19.65061],[78.96844,19.61875],[78.98612,19.58658],[78.95513,19.55898],[78.96013,19.55335],[78.98409,19.55246],[78.99847,19.56358],[79.02401,19.54156],[79.05723,19.54690],[79.06911,19.53291],[79.10863,19.52966],[79.11053,19.51448],[79.14609,19.50291],[79.18368,19.46258],[79.22888,19.46974],[79.21278,19.49355],[79.22163,19.51245],[79.24257,19.52866],[79.24570,19.56130],[79.25604,19.57948],[79.24363,19.60130],[79.24980,19.61429],[79.31084,19.59199],[79.32028,19.56742],[79.33571,19.57558],[79.37511,19.57317],[79.37728,19.56351],[79.41976,19.53553],[79.44744,19.53559],[79.47665,19.49962],[79.51967,19.52026],[79.52125,19.54411],[79.54895,19.55070],[79.55881,19.52228],[79.58901,19.50534],[79.60442,19.50608],[79.62776,19.56735],[79.64610,19.57725],[79.71938,19.58565],[79.74680,19.60547],[79.76075,19.60467],[79.78404,19.60005],[79.79983,19.58251],[79.81765,19.57629],[79.83480,19.53954],[79.87684,19.50759],[79.91771,19.49504],[79.95171,19.46163],[79.95248,19.44362],[79.97980,19.40395],[79.96392,19.33759],[79.97042,19.30962],[79.95195,19.28722],[79.92694,19.22956],[79.92929,19.20660],[79.95003,19.17388],[79.86989,19.11909],[79.86380,19.04559],[79.86637,19.03803],[79.87782,19.03896],[79.92295,19.05081],[79.93993,19.03318],[79.93823,18.97838],[79.94826,18.91947],[79.94028,18.84885],[79.89103,18.83191],[79.86983,18.83630],[79.86179,18.87205],[79.84825,18.88239],[79.83631,18.86882],[79.83092,18.84061],[79.85392,18.80121],[79.82581,18.76551],[79.81026,18.72603],[79.76260,18.69561],[79.71507,18.69372],[79.69096,18.68406],[79.65550,18.73076],[79.55945,18.78660],[79.53567,18.79610],[79.51927,18.79296],[79.44991,18.85268],[79.41256,18.86978],[79.38912,18.87114],[79.36169,18.83305],[79.31961,18.82297],[79.28756,18.83218],[79.24466,18.87290],[79.19124,18.87614],[79.11167,18.95385],[79.10663,18.97733],[79.06985,19.03430],[79.03488,19.05619],[78.99075,19.07108],[78.94489,19.06690],[78.90248,19.03090],[78.83599,19.05823],[78.75933,19.01426],[78.74211,19.01094],[78.68714,19.02735],[78.66240,19.01415],[78.63642,18.98095],[78.58231,18.98697],[78.53378,18.94356],[78.49891,18.96555],[78.44332,18.96040],[78.39348,18.99189],[78.36952,18.98658],[78.33075,18.95918],[78.28938,18.94248],[78.28156,18.94516],[78.27800,18.97037],[78.26509,18.99192],[78.23750,19.00419],[78.20656,18.99992],[78.06508,18.93116],[78.02910,18.87789],[78.00000,18.88306],[77.97261,18.87677],[77.94828,18.84377],[77.93376,18.84795],[77.92944,18.86065],[77.90327,18.86933],[77.90272,18.88512],[77.89170,18.88649],[77.88559,18.90986],[77.84443,18.91259],[77.85769,18.95353],[77.81656,18.95066],[77.82101,18.98353],[77.79095,18.98542],[77.78532,18.97746],[77.77114,18.98254],[77.76908,19.01646],[77.76113,19.02960],[77.76329,19.06031],[77.80099,19.05236],[77.79734,19.07224],[77.80959,19.10434],[77.81902,19.10467],[77.83249,19.08597],[77.85205,19.09113],[77.84910,19.11522],[77.83494,19.13663],[77.85313,19.15625],[77.86231,19.18171],[77.84840,19.18911],[77.85043,19.19788],[77.87130,19.25611],[77.90437,19.25699],[77.90969,19.26808],[77.90463,19.27798],[77.86581,19.28490],[77.86475,19.30291],[77.89720,19.32194],[77.91625,19.31875],[77.94466,19.34329],[77.95296,19.34209],[78.04997,19.27185],[78.05538,19.24279],[78.08656,19.25582],[78.10370,19.24655],[78.13109,19.24750],[78.15415,19.23119],[78.17451,19.23749],[78.19090,19.25051],[78.18762,19.28007],[78.20164,19.33278],[78.18405,19.35401],[78.19202,19.39657],[78.18660,19.41270],[78.20258,19.40841],[78.22877,19.43497],[78.25656,19.43102],[78.27782,19.45480],[78.30194,19.44982],[78.31355,19.45740],[78.31465,19.48737],[78.30404,19.50504],[78.29963,19.53815],[78.28369,19.55901],[78.30111,19.55921],[78.31578,19.57260],[78.31561,19.60495],[78.29214,19.65515],[78.27427,19.66380],[78.29037,19.69031],[78.32066,19.69122],[78.32732,19.70431],[78.34994,19.71424],[78.35007,19.73506],[78.35787,19.73839],[78.37242,19.78167],[78.36515,19.80629],[78.34059,19.81915],[78.34363,19.83967],[78.29868,19.84999],[78.31477,19.91310],[78.33297,19.91646],[78.33973,19.91049],[78.32757,19.89536],[78.34087,19.88361],[78.38884,19.87970],[78.39064,19.85321],[78.40238,19.83694],[78.43344,19.82369],[78.48103,19.81701],[78.49880,19.79385],[78.50855,19.79312],[78.51729,19.81497],[78.53119,19.82235],[78.59000,19.81244],[78.60869,19.81827],[78.70109,19.79060],[78.72167,19.76776],[78.74358,19.78039],[78.79018,19.77975],[78.81295,19.75905],[78.84971,19.76010]]]}},{"type":"Feature","properties":{"district_2011":"Karimnagar","state_2011":"Andhra Pradesh","censuscode_2011":534,"seed_districts":["Peddapalli","Ramagundam"]},"geometry":{"type":"Polygon","coordinates":[[[79.90091,18.83463],[79.93895,18.78834],[80.01940,18.77081],[80.05347,18.72508],[80.09161,18.70509],[80.11375,18.68184],[80.16532,18.70030],[80.17822,18.68175],[80.19621,18.68002],[80.20917,18.70186],[80.25395,18.70578],[80.27484,18.72243],[80.30366,18.69020],[80.34410,18.59529],[80.26935,18.58831],[80.22938,18.55261],[80.22678,18.42799],[80.21889,18.39022],[80.17465,18.34874],[80.17517,18.34135],[80.14724,18.37329],[80.15299,18.41342],[80.14348,18.41811],[80.09855,18.43160],[80.08380,18.42242],[80.07671,18.38708],[80.05979,18.40087],[80.03093,18.40083],[80.02466,18.41716],[80.03050,18.44267],[80.03972,18.43110],[80.07913,18.42791],[80.10501,18.45758],[80.11658,18.45707],[80.11899,18.46665],[80.09027,18.46811],[80.08507,18.47698],[80.05271,18.48198],[80.08609,18.51814],[80.04071,18.51622],[80.02502,18.46881],[79.99293,18.49040],[79.97014,18.47726],[79.95477,18.50892],[79.88575,18.51061],[79.90728,18.46998],[79.92556,18.45928],[79.92280,18.42426],[79.88095,18.44457],[79.85699,18.48500],[79.83305,18.50056],[79.81250,18.48900],[79.82733,18.43570],[79.82865,18.42015],[79.82268,18.41740],[79.79204,18.43093],[79.75225,18.48130],[79.72032,18.49519],[79.68542,18.49663],[79.65777,18.47267],[79.63805,18.47732],[79.59708,18.47035],[79.59580,18.44726],[79.57974,18.42547],[79.58668,18.35147],[79.58277,18.31455],[79.57381,18.31142],[79.57255,18.30024],[79.58273,18.26291],[79.62271,18.18624],[79.60976,18.14476],[79.58688,18.14479],[79.59402,18.12408],[79.57697,18.12596],[79.56350,18.10560],[79.50387,18.10218],[79.47861,18.11451],[79.46134,18.07815],[79.37856,18.02125],[79.34740,18.02519],[79.29158,18.01725],[79.25716,18.00035],[79.25472,17.97929],[79.19330,17.99456],[79.15094,17.98590],[79.14883,18.00382],[79.10254,18.01891],[79.09615,18.02496],[79.12101,18.03384],[79.11245,18.05308],[79.13557,18.08018],[79.07347,18.08284],[79.03681,18.09690],[79.04283,18.12650],[79.01575,18.14274],[79.02146,18.16519],[79.01566,18.19711],[78.96554,18.21654],[78.96083,18.25458],[78.91680,18.25338],[78.89781,18.23911],[78.77970,18.26476],[78.74555,18.21841],[78.73078,18.21871],[78.72741,18.23279],[78.69804,18.23123],[78.65059,18.25086],[78.60246,18.24987],[78.57756,18.22473],[78.56857,18.22980],[78.55660,18.26097],[78.52257,18.28500],[78.54206,18.30274],[78.55108,18.33835],[78.53408,18.38568],[78.56616,18.39080],[78.54710,18.41134],[78.55114,18.44624],[78.52449,18.47026],[78.52641,18.47732],[78.56399,18.54254],[78.59449,18.54705],[78.60400,18.57814],[78.65846,18.59993],[78.67919,18.62534],[78.65219,18.65982],[78.64222,18.72780],[78.62548,18.73683],[78.58489,18.73818],[78.56094,18.76367],[78.56817,18.78529],[78.55136,18.82422],[78.54589,18.87608],[78.52244,18.91524],[78.53378,18.94356],[78.58231,18.98697],[78.63642,18.98095],[78.66240,19.01415],[78.68714,19.02735],[78.74211,19.01094],[78.75933,19.01426],[78.83599,19.05823],[78.90248,19.03090],[78.94489,19.06690],[78.99075,19.07108],[79.03488,19.05619],[79.06985,19.03430],[79.10663,18.97733],[79.11167,18.95385],[79.19124,18.87614],[79.24466,18.87290],[79.28756,18.83218],[79.31961,18.82297],[79.36169,18.83305],[79.38912,18.87114],[79.41256,18.86978],[79.44991,18.85268],[79.51927,18.79296],[79.53567,18.79610],[79.55945,18.78660],[79.65550,18.73076],[79.69096,18.68406],[79.71507,18.69372],[79.76260,18.69561],[79.81026,18.72603],[79.82581,18.76551],[79.85392,18.80121],[79.83092,18.84061],[79.84240,18.87852],[79.84825,18.88239],[79.86179,18.87205],[79.86983,18.83630],[79.90091,18.83463]]]}},{"type":"Feature","properties":{"district_2011":"Khammam","state_2011":"Andhra Pradesh","censuscode_2011":541,"seed_districts":["Bhadradri"]},"geometry":{"type":"Polygon","coordinates":[[[80.98180,18.17366],[80.98072,18.15001],[80.95746,18.12965],[80.95211,18.08756],[80.97415,18.05011],[80.97045,18.03819],[80.99290,17.92979],[81.00262,17.92115],[81.01267,17.84543],[81.04604,17.79347],[81.08200,17.79357],[81.09749,17.81811],[81.16796,17.85991],[81.20037,17.85444],[81.27184,17.81797],[81.41779,17.81256],[81.42795,17.82831],[81.44610,17.82304],[81.47538,17.83269],[81.49440,17.81045],[81.56251,17.82428],[81.57731,17.83579],[81.61972,17.82335],[81.65136,17.84727],[81.65762,17.87042],[81.67162,17.88487],[81.69684,17.89276],[81.71175,17.86917],[81.76685,17.90140],[81.79614,17.87066],[81.80301,17.85234],[81.76156,17.82650],[81.73203,17.82337],[81.69342,17.77874],[81.63169,17.77091],[81.61784,17.75177],[81.58527,17.73421],[81.57983,17.69605],[81.51165,17.59816],[81.53248,17.57806],[81.50823,17.53992],[81.50225,17.45736],[81.44250,17.38353],[81.42897,17.38076],[81.42452,17.37022],[81.39407,17.36369],[81.35867,17.37700],[81.35175,17.39385],[81.33351,17.39905],[81.29801,17.34600],[81.27602,17.32846],[81.19911,17.33569],[81.19035,17.33054],[81.17943,17.30481],[81.17997,17.27507],[81.18943,17.26305],[81.17165,17.24105],[81.07104,17.21246],[81.05537,17.22215],[81.03501,17.19501],[80.99398,17.18769],[80.93943,17.21319],[80.91412,17.20942],[80.92212,17.15420],[80.90495,17.14901],[80.87910,17.15449],[80.87560,17.13283],[80.86385,17.11964],[80.87303,17.10409],[80.86772,17.05920],[80.84135,17.03406],[80.83209,17.04609],[80.73450,17.07272],[80.69274,17.07677],[80.64831,17.06312],[80.64265,17.06686],[80.64647,17.07990],[80.66537,17.09572],[80.63389,17.10963],[80.63841,17.11790],[80.56877,17.14575],[80.55766,17.13135],[80.52801,17.11586],[80.50469,17.11554],[80.49080,17.05803],[80.48036,17.04586],[80.46148,17.04478],[80.45485,17.02479],[80.42911,17.03258],[80.40360,17.08514],[80.38267,17.07068],[80.37627,17.06028],[80.39646,17.01499],[80.37975,17.00353],[80.36683,16.97834],[80.45120,16.95283],[80.49654,16.92545],[80.50000,16.95614],[80.52942,16.94443],[80.54047,16.95819],[80.57827,16.93501],[80.59296,16.93467],[80.59911,16.91982],[80.59004,16.90497],[80.59558,16.88219],[80.57377,16.87727],[80.57284,16.85084],[80.56345,16.83308],[80.61302,16.79619],[80.57171,16.77124],[80.51987,16.77826],[80.46521,16.79823],[80.46139,16.82343],[80.40843,16.85774],[80.40788,16.83961],[80.38167,16.81912],[80.36733,16.86283],[80.34360,16.86363],[80.34596,16.87495],[80.32786,16.87877],[80.32397,16.92014],[80.29750,16.98439],[80.27064,17.01812],[80.24418,17.00979],[80.22625,17.02704],[80.20966,17.02053],[80.20264,17.04984],[80.19047,17.05224],[80.14223,16.99270],[80.11413,16.98862],[80.09600,16.99469],[80.09258,16.97049],[80.05417,16.97253],[80.05156,17.00014],[80.06222,17.01728],[80.05776,17.02641],[79.99994,17.06941],[79.94731,17.13009],[79.91368,17.13553],[79.91398,17.15323],[79.87781,17.17853],[79.88034,17.20919],[79.89958,17.21842],[79.89078,17.26287],[79.82604,17.27623],[79.79285,17.31976],[79.81935,17.33660],[79.84077,17.32879],[79.85225,17.33566],[79.87223,17.33338],[79.87946,17.35929],[79.89178,17.35480],[79.89639,17.37193],[79.93149,17.37516],[79.94022,17.39452],[79.96977,17.40463],[79.98668,17.40068],[79.99004,17.37395],[79.99999,17.36293],[80.05452,17.34720],[80.08069,17.36747],[80.10312,17.35967],[80.11142,17.36417],[80.13657,17.39212],[80.16214,17.37847],[80.16945,17.45496],[80.12876,17.44659],[80.12807,17.48211],[80.10689,17.49065],[80.09006,17.51373],[80.08700,17.54832],[80.08006,17.55567],[80.08721,17.57556],[80.05418,17.59603],[80.07586,17.65198],[80.09011,17.65947],[80.07551,17.68169],[80.04451,17.69710],[80.04639,17.70682],[80.05162,17.71505],[80.07632,17.71124],[80.12581,17.72934],[80.16424,17.75304],[80.17755,17.72444],[80.17313,17.71203],[80.23884,17.75206],[80.24569,17.73649],[80.25183,17.73936],[80.26239,17.76861],[80.25393,17.82779],[80.27765,17.87118],[80.28373,17.90910],[80.27297,17.93349],[80.27744,17.96811],[80.30987,17.97341],[80.34542,18.01724],[80.34897,18.03660],[80.39525,18.08193],[80.43559,18.05902],[80.44806,18.06522],[80.46007,18.06012],[80.45716,18.07897],[80.48009,18.12202],[80.46815,18.13471],[80.50030,18.13919],[80.53766,18.09909],[80.56572,18.10277],[80.59834,18.08240],[80.60978,18.09041],[80.61810,18.11262],[80.63917,18.11086],[80.64449,18.12526],[80.62688,18.12722],[80.62835,18.13505],[80.63194,18.14001],[80.65653,18.13414],[80.65047,18.15465],[80.66115,18.15569],[80.66643,18.17107],[80.63400,18.19192],[80.62885,18.20448],[80.61785,18.20510],[80.53820,18.26123],[80.50455,18.26636],[80.47770,18.30068],[80.46751,18.35518],[80.47554,18.38554],[80.45788,18.40464],[80.46532,18.44744],[80.44109,18.46047],[80.39586,18.46107],[80.38107,18.47363],[80.37670,18.53353],[80.40242,18.57179],[80.38902,18.59843],[80.45770,18.63121],[80.49099,18.63302],[80.51824,18.62064],[80.53958,18.59111],[80.64035,18.52415],[80.64228,18.50398],[80.65849,18.47769],[80.70665,18.44155],[80.69879,18.42492],[80.72084,18.41134],[80.73435,18.41462],[80.72407,18.38860],[80.75080,18.32797],[80.75249,18.30803],[80.79621,18.25578],[80.74120,18.22478],[80.74251,18.17779],[80.77038,18.16910],[80.80594,18.17246],[80.82591,18.19327],[80.82515,18.23130],[80.83756,18.24021],[80.86709,18.23214],[80.87550,18.21346],[80.85620,18.20385],[80.87007,18.13900],[80.90882,18.14105],[80.96227,18.17337],[80.98180,18.17366]],[[80.67953,18.10820],[80.69901,18.12647],[80.68427,18.14623],[80.67447,18.11301],[80.67953,18.10820]]]}}]}
