{"type":"FeatureCollection","source":"DataMeet maps, Districts/2011_Dist (https://github.com/datameet/maps), CC BY 2.5 IN; simplified","features":[{"type":"Feature","properties":{"district_2011":"Sonbhadra","state_2011":"Uttar Pradesh","censuscode_2011":200,"mines":["UP-SON-41","UP-SON-65","UP-SON-69"]},"geometry":{"type":"Polygon","coordinates":[[[83.1078,24.8165],[83.0906,24.7986],[83.096,24.7971],[83.096,24.7919],[83.0899,24.7795],[83.1026,24.768],[83.143,24.7527],[83.1622,24.7246],[83.1805,24.7165],[83.1865,24.7224],[83.187,24.7146],[83.2287,24.7312],[83.2544,24.7247],[83.2595,24.73],[83.2728,24.7289],[83.2873,24.7372],[83.2888,24.7292],[83.2994,24.7179],[83.3085,24.7193],[83.3064,24.7314],[83.3302,24.7662],[83.3211,24.7763],[83.3217,24.7857],[83.3395,24.7729],[83.353,24.7763],[83.3863,24.7748],[83.3949,24.7827],[83.4193,24.7738],[83.4423,24.7554],[83.4611,24.7319],[83.4833,24.7366],[83.4905,24.7335],[83.4887,24.7043],[83.5,24.7038],[83.5037,24.6948],[83.5217,24.6798],[83.5074,24.6671],[83.5055,24.6503],[83.5239,24.6415],[83.5319,24.6431],[83.5286,24.6287],[83.5496,24.6233],[83.5254,24.602],[83.5329,24.5838],[83.5325,24.5661],[83.5251,24.548],[83.5013,24.5409],[83.5061,24.5259],[83.4343,24.5116],[83.4009,24.5],[83.4005,24.4791],[83.3893,24.4545],[83.3977,24.4364],[83.4085,24.436],[83.408,24.4076],[83.4198,24.4091],[83.4377,24.4027],[83.451,24.3718],[83.4592,24.3637],[83.4489,24.3599],[83.4344,24.3389],[83.4111,24.3364],[83.3837,24.3135],[83.3884,24.2995],[83.404,24.2924],[83.4107,24.2752],[83.4097,24.2651],[83.4012,24.2462],[83.3851,24.2347],[83.3861,24.1999],[83.3505,24.1134],[83.3313,24.1005],[83.3241,24.106],[83.3206,24.0931],[83.2986,24.0733],[83.2871,24.0504],[83.2895,24.0352],[83.2856,24.0237],[83.2667,24.0109],[83.2495,24.013],[83.2431,24.0064],[83.2446,24.0006],[83.2237,23.9886],[83.2233,23.98],[83.2161,23.9721],[83.2189,23.9596],[83.2095,23.9398],[83.199,23.9319],[83.1973,23.9204],[83.1529,23.9092],[83.1351,23.8893],[83.0687,23.8745],[83.0441,23.8823],[82.9572,23.8722],[82.9408,23.8785],[82.9302,23.8918],[82.8889,23.9093],[82.8707,23.9246],[82.8566,23.9458],[82.8285,23.9639],[82.8155,23.962],[82.8082,23.9664],[82.8093,23.9999],[82.8051,24.004],[82.7741,24.0049],[82.7537,24.0119],[82.7477,24.0298],[82.7636,24.0424],[82.7741,24.0766],[82.7684,24.0784],[82.7627,24.072],[82.7559,24.0793],[82.7493,24.0738],[82.7341,24.0813],[82.7162,24.0795],[82.7092,24.0957],[82.6714,24.1225],[82.6653,24.1334],[82.6737,24.1414],[82.6731,24.1497],[82.6787,24.157],[82.6873,24.1553],[82.6962,24.1428],[82.7282,24.1376],[82.7309,24.1554],[82.744,24.167],[82.7349,24.2218],[82.7578,24.2347],[82.7585,24.2666],[82.772,24.2909],[82.774,24.3107],[82.7678,24.3175],[82.7725,24.346],[82.7669,24.3615],[82.7685,24.3714],[82.7624,24.3779],[82.7547,24.3709],[82.7265,24.3696],[82.7151,24.3835],[82.7282,24.428],[82.7337,24.4246],[82.7407,24.431],[82.7353,24.4324],[82.7331,24.443],[82.7386,24.4686],[82.7318,24.4746],[82.7418,24.4855],[82.7446,24.498],[82.7237,24.5115],[82.7206,24.5544],[82.7416,24.5498],[82.7493,24.5527],[82.7534,24.5507],[82.7541,24.5397],[82.8088,24.5509],[82.8045,24.5979],[82.7682,24.5979],[82.776,24.6087],[82.7709,24.6437],[82.7033,24.6423],[82.6998,24.6466],[82.7041,24.6737],[82.6737,24.6978],[82.6661,24.6983],[82.6446,24.6858],[82.5958,24.6716],[82.5821,24.6609],[82.5374,24.6498],[82.5266,24.6762],[82.5292,24.6869],[82.5421,24.6887],[82.55,24.6946],[82.5508,24.7082],[82.538,24.7188],[82.5377,24.7359],[82.5561,24.7411],[82.5475,24.8078],[82.5719,24.8149],[82.5829,24.8303],[82.5998,24.8242],[82.6138,24.8115],[82.621,24.812],[82.625,24.8202],[82.6345,24.8214],[82.6273,24.7882],[82.6592,24.7847],[82.7021,24.8088],[82.7035,24.828],[82.7255,24.8183],[82.7528,24.8208],[82.7822,24.8371],[82.802,24.8428],[82.8086,24.8517],[82.8253,24.8544],[82.8397,24.8426],[82.8674,24.8413],[82.8816,24.8362],[82.8946,24.8399],[82.9069,24.8345],[82.9189,24.8397],[82.9172,24.8504],[82.9268,24.8564],[82.9314,24.8432],[82.955,24.8376],[82.9572,24.8566],[82.9707,24.8618],[82.9803,24.8735],[82.9865,24.894],[83.0007,24.904],[83.0106,24.9054],[83.0144,24.8492],[83.0307,24.8369],[83.015,24.8225],[83.017,24.8147],[83.0244,24.8094],[83.0461,24.8179],[83.0544,24.8136],[83.0575,24.7991],[83.089,24.8156],[83.1078,24.8165]]]}},{"type":"Feature","properties":{"district_2011":"Tinsukia","state_2011":"Assam","censuscode_2011":309,"mines":["AS-TIN-70"]},"geometry":{"type":"Polygon","coordinates":[[[95.882,27.5468],[95.879,27.5134],[95.8902,27.4997],[95.8796,27.4927],[95.8818,27.4809],[95.8767,27.4646],[95.8616,27.4598],[95.8642,27.4455],[95.8534,27.4382],[95.8498,27.4237],[95.8677,27.4105],[95.8653,27.4224],[95.883,27.4375],[95.8891,27.4374],[95.8934,27.3993],[95.9004,27.4046],[95.9116,27.4333],[95.9172,27.4365],[95.9502,27.4382],[95.9533,27.4265],[95.9613,27.4219],[95.9673,27.4298],[95.9683,27.4172],[95.9736,27.4299],[95.9781,27.4286],[95.9798,27.415],[95.9897,27.4148],[96.0012,27.3965],[96.0022,27.3865],[96.021,27.3641],[96.0133,27.3569],[95.9971,27.3564],[95.9938,27.3444],[95.9701,27.3299],[95.9843,27.3272],[95.9688,27.3248],[95.9679,27.3175],[95.9627,27.3173],[95.9633,27.31],[95.9065,27.2849],[95.8981,27.2573],[95.894,27.256],[95.8724,27.26],[95.861,27.2729],[95.8606,27.2873],[95.8104,27.2741],[95.8065,27.285],[95.7849,27.2724],[95.7401,27.2633],[95.7213,27.251],[95.6847,27.2509],[95.6373,27.2305],[95.6344,27.2334],[95.5995,27.2232],[95.5904,27.2232],[95.5748,27.2448],[95.5565,27.2481],[95.5352,27.2645],[95.5209,27.2576],[95.5166,27.2625],[95.5113,27.2602],[95.5067,27.2485],[95.4914,27.2426],[95.4738,27.2628],[95.4595,27.2474],[95.4627,27.2399],[95.458,27.2322],[95.4471,27.2523],[95.4659,27.2713],[95.4517,27.2949],[95.4705,27.3061],[95.4643,27.3212],[95.4531,27.33],[95.4612,27.3384],[95.4767,27.3424],[95.4742,27.3643],[95.4508,27.3689],[95.4412,27.3629],[95.42,27.3817],[95.3974,27.3913],[95.3786,27.3916],[95.3766,27.3805],[95.3513,27.3915],[95.3153,27.3912],[95.2964,27.4116],[95.2851,27.4077],[95.2781,27.4114],[95.2707,27.4055],[95.259,27.4104],[95.2605,27.4177],[95.2522,27.4261],[95.2523,27.4326],[95.2393,27.4345],[95.2218,27.4578],[95.2309,27.472],[95.2321,27.4961],[95.2389,27.5025],[95.2642,27.5101],[95.2673,27.5235],[95.2724,27.5252],[95.2666,27.5362],[95.2713,27.5466],[95.2749,27.5499],[95.2818,27.5466],[95.2852,27.5551],[95.279,27.5599],[95.2789,27.5729],[95.2917,27.5684],[95.2939,27.5768],[95.2991,27.5751],[95.3031,27.5833],[95.3228,27.5873],[95.2921,27.6698],[95.2776,27.6824],[95.2903,27.6939],[95.3216,27.6953],[95.3441,27.702],[95.4022,27.7254],[95.4214,27.7382],[95.4597,27.7744],[95.4701,27.8089],[95.4878,27.8443],[95.493,27.8522],[95.5169,27.8574],[95.5177,27.8769],[95.528,27.893],[95.5452,27.8974],[95.5455,27.9086],[95.5668,27.9176],[95.573,27.9375],[95.5904,27.9367],[95.6085,27.9528],[95.8275,27.972],[95.9789,27.9628],[95.9537,27.9361],[95.9589,27.9272],[95.9397,27.8975],[95.9263,27.8952],[95.9299,27.8848],[95.9226,27.8847],[95.9239,27.8804],[95.9153,27.8751],[95.9127,27.8673],[95.9075,27.8715],[95.9083,27.8647],[95.8963,27.8615],[95.8934,27.8513],[95.875,27.834],[95.8534,27.8284],[95.8446,27.8157],[95.8244,27.8035],[95.8021,27.7711],[95.7817,27.7525],[95.7859,27.734],[95.7594,27.7254],[95.7716,27.7102],[95.7756,27.6909],[95.7942,27.6864],[95.7955,27.6783],[95.7814,27.6733],[95.7788,27.6603],[95.7802,27.6546],[95.8024,27.643],[95.7983,27.6299],[95.7882,27.6263],[95.788,27.6174],[95.7969,27.6121],[95.7989,27.6017],[95.825,27.5969],[95.822,27.5755],[95.8327,27.5727],[95.8406,27.5604],[95.8528,27.5594],[95.863,27.5462],[95.882,27.5468]]]}},{"type":"Feature","properties":{"district_2011":"Barddhaman","state_2011":"West Bengal","censuscode_2011":335,"mines":["WB-BAR-08","WB-BAR-12","WB-BAR-49","WB-PAS-27","WB-RNG-04"]},"geometry":{"type":"Polygon","coordinates":[[[88.1977,23.7648],[88.1958,23.7499],[88.2001,23.7427],[88.1965,23.7338],[88.2045,23.7263],[88.2088,23.7283],[88.2303,23.7209],[88.2362,23.7106],[88.2279,23.7049],[88.1859,23.7136],[88.1681,23.7105],[88.1463,23.6851],[88.1384,23.652],[88.1532,23.6394],[88.1569,23.6274],[88.1685,23.6203],[88.1992,23.62],[88.2182,23.605],[88.2283,23.6072],[88.2332,23.6144],[88.2656,23.6157],[88.2713,23.599],[88.2791,23.5951],[88.2831,23.6046],[88.2898,23.5757],[88.3166,23.5884],[88.325,23.5745],[88.2963,23.5593],[88.2794,23.5591],[88.2789,23.5369],[88.2956,23.5378],[88.2988,23.5426],[88.3114,23.5404],[88.3247,23.5495],[88.3501,23.5473],[88.3618,23.543],[88.3655,23.5308],[88.3897,23.5041],[88.3915,23.4967],[88.3657,23.4777],[88.368,23.4698],[88.3608,23.4634],[88.3701,23.4578],[88.3424,23.4544],[88.3488,23.4432],[88.346,23.4341],[88.3523,23.4329],[88.3531,23.4279],[88.3322,23.4171],[88.3329,23.4122],[88.3553,23.4111],[88.3596,23.3957],[88.3329,23.3661],[88.3352,23.3522],[88.3476,23.3464],[88.3455,23.3396],[88.3388,23.3397],[88.3337,23.3299],[88.3393,23.3308],[88.3379,23.3254],[88.3312,23.3221],[88.3297,23.3156],[88.3516,23.2912],[88.3377,23.292],[88.3356,23.2819],[88.3532,23.2808],[88.3645,23.2564],[88.3579,23.2376],[88.3871,23.2196],[88.4067,23.2121],[88.4198,23.2121],[88.4185,23.2079],[88.4093,23.1931],[88.3957,23.1967],[88.3852,23.1814],[88.3723,23.179],[88.3769,23.1635],[88.3693,23.1552],[88.3664,23.1442],[88.3699,23.1402],[88.3638,23.1375],[88.3654,23.1203],[88.3557,23.1171],[88.3483,23.1321],[88.3305,23.1292],[88.3247,23.1327],[88.3056,23.1274],[88.3017,23.1327],[88.2736,23.1304],[88.2595,23.1391],[88.2562,23.1512],[88.2497,23.1467],[88.2435,23.1562],[88.2349,23.154],[88.232,23.1602],[88.2251,23.1536],[88.2191,23.159],[88.1904,23.1621],[88.1808,23.1556],[88.1725,23.1569],[88.1574,23.1309],[88.1565,23.1268],[88.1666,23.1259],[88.1505,23.0773],[88.1375,23.0752],[88.1355,23.0692],[88.1245,23.064],[88.1203,23.0532],[88.1046,23.0538],[88.1018,23.0473],[88.0923,23.0439],[88.0723,23.0481],[88.068,23.0452],[88.0675,23.0489],[88.0586,23.0432],[88.0537,23.0463],[88.0517,23.022],[88.0402,23.01],[88.0492,23.0002],[88.0524,22.9877],[88.0451,22.9891],[88.0443,22.9843],[88.0394,22.9882],[88.0401,22.9817],[88.0343,22.9771],[88.0274,22.9866],[88.0213,22.9775],[88.0093,22.9789],[88.0069,22.9709],[88.0129,22.9627],[87.9951,22.9581],[87.9845,22.9679],[87.9815,22.9639],[87.9716,22.9646],[87.9652,22.9521],[87.9531,22.9565],[87.9444,22.9436],[87.9249,22.9443],[87.897,22.9339],[87.8931,22.9379],[87.8987,22.9561],[87.8934,22.96],[87.8808,22.9536],[87.8796,22.943],[87.8678,22.9402],[87.8578,22.9419],[87.8421,22.9368],[87.824,22.9546],[87.8191,22.9457],[87.8067,22.9503],[87.8029,22.9399],[87.7941,22.9411],[87.7897,22.9353],[87.7806,22.9355],[87.784,22.9446],[87.7778,22.9488],[87.7805,22.9568],[87.7761,22.9675],[87.7689,22.9585],[87.7521,22.96],[87.7422,22.966],[87.738,22.9826],[87.7141,23.0106],[87.722,23.019],[87.7227,23.0278],[87.7442,23.0311],[87.7459,23.0562],[87.7657,23.0715],[87.7642,23.0803],[87.7583,23.0809],[87.7544,23.098],[87.7465,23.1022],[87.749,23.1078],[87.7319,23.1277],[87.7342,23.1171],[87.7295,23.1183],[87.728,23.1145],[87.6933,23.1284],[87.6849,23.1243],[87.6912,23.1449],[87.6852,23.1444],[87.6792,23.1568],[87.6667,23.1613],[87.6632,23.1677],[87.6702,23.1676],[87.6504,23.198],[87.6521,23.2161],[87.6613,23.2216],[87.6563,23.2383],[87.6333,23.2403],[87.6029,23.2582],[87.5703,23.2907],[87.5609,23.3095],[87.501,23.3482],[87.4471,23.4054],[87.4107,23.4278],[87.384,23.4365],[87.3349,23.4704],[87.3164,23.4761],[87.2797,23.4975],[87.2143,23.5556],[87.1937,23.5638],[87.1617,23.5653],[87.1516,23.5712],[87.1248,23.5758],[87.063,23.6138],[87.0333,23.6217],[87.0176,23.6343],[86.9694,23.6279],[86.9548,23.6335],[86.9166,23.6294],[86.9048,23.6336],[86.8895,23.6533],[86.8605,23.6597],[86.8464,23.6811],[86.8223,23.685],[86.7965,23.7004],[86.8101,23.7417],[86.8216,23.7467],[86.8253,23.7629],[86.8223,23.778],[86.8033,23.7995],[86.8066,23.8151],[86.7985,23.8331],[86.8093,23.8325],[86.8149,23.8159],[86.8263,23.8131],[86.85,23.8236],[86.8626,23.8413],[86.8768,23.846],[86.8825,23.8153],[86.8878,23.8163],[86.8932,23.824],[86.8857,23.844],[86.8878,23.8584],[86.8809,23.8592],[86.8808,23.8641],[86.9006,23.8817],[86.9124,23.8813],[86.9297,23.8676],[86.9309,23.8556],[86.9419,23.8467],[86.9567,23.8477],[86.965,23.8641],[86.9724,23.8671],[86.9856,23.8582],[87.0075,23.8543],[87.0398,23.8387],[87.0623,23.8181],[87.0965,23.8039],[87.1202,23.7711],[87.156,23.7477],[87.1938,23.7495],[87.2315,23.7401],[87.2707,23.7489],[87.2816,23.7312],[87.2939,23.7228],[87.3296,23.7171],[87.3551,23.7204],[87.3749,23.6987],[87.3922,23.6986],[87.4172,23.6843],[87.4204,23.6746],[87.4154,23.653],[87.4535,23.6104],[87.4746,23.6114],[87.5056,23.6003],[87.5134,23.6054],[87.5178,23.6177],[87.5312,23.619],[87.5394,23.6081],[87.5669,23.6047],[87.5864,23.5946],[87.6347,23.6098],[87.656,23.603],[87.6743,23.6195],[87.6814,23.6193],[87.6898,23.6063],[87.6956,23.6069],[87.7115,23.619],[87.719,23.6176],[87.7357,23.5869],[87.7473,23.592],[87.7605,23.589],[87.7707,23.5778],[87.7854,23.5817],[87.7868,23.5722],[87.798,23.5707],[87.8079,23.5597],[87.8187,23.5656],[87.8398,23.5659],[87.8494,23.5577],[87.8503,23.5495],[87.8636,23.5468],[87.8756,23.5551],[87.8865,23.5522],[87.8909,23.5594],[87.9023,23.54],[87.9084,23.5401],[87.9253,23.568],[87.9363,23.5723],[87.9349,23.5866],[87.9476,23.5913],[87.9563,23.6241],[87.9639,23.6302],[87.9371,23.6451],[87.9394,23.6597],[87.9158,23.6598],[87.9131,23.6631],[87.9113,23.6704],[87.9211,23.6735],[87.9226,23.6794],[87.9162,23.6845],[87.9199,23.695],[87.9118,23.7117],[87.916,23.7162],[87.9198,23.7134],[87.9193,23.7271],[87.9332,23.7261],[87.9453,23.746],[87.9552,23.7482],[87.9504,23.7591],[87.941,23.7606],[87.9417,23.7679],[87.9434,23.7738],[87.9515,23.7752],[87.9596,23.7839],[87.9623,23.7991],[87.9688,23.8061],[87.9735,23.8304],[87.9686,23.8369],[87.9733,23.8436],[87.9749,23.8378],[88.0,23.8398],[88.0073,23.8452],[88.0296,23.8164],[88.0314,23.794],[88.048,23.7872],[88.0491,23.7797],[88.0593,23.7788],[88.0584,23.7699],[88.0424,23.771],[88.0367,23.7588],[88.0423,23.7452],[88.0543,23.7371],[88.0542,23.7258],[88.062,23.7205],[88.0829,23.7209],[88.0958,23.7345],[88.0942,23.751],[88.1089,23.7522],[88.1149,23.7465],[88.1275,23.749],[88.1337,23.7302],[88.14,23.7335],[88.1449,23.7298],[88.1556,23.7312],[88.1668,23.7529],[88.1784,23.755],[88.1902,23.766],[88.1977,23.7648]]]}},{"type":"Feature","properties":{"district_2011":"Chatra","state_2011":"Jharkhand","censuscode_2011":347,"mines":["JH-CHA-09","JH-CHA-11","JH-CHA-26"]},"geometry":{"type":"MultiPolygon","coordinates":[[[[84.8027,24.5293],[84.809,24.521],[84.8268,24.5247],[84.84,24.5114],[84.8345,24.47],[84.8408,24.4695],[84.8379,24.4592],[84.8417,24.4525],[84.8493,24.4554],[84.8548,24.4659],[84.8671,24.4566],[84.8747,24.4669],[84.8875,24.4628],[84.8852,24.4227],[84.9054,24.3939],[84.9077,24.3822],[84.9017,24.3751],[84.9052,24.3722],[84.9326,24.3782],[84.9551,24.3719],[84.9758,24.3761],[84.9976,24.4123],[85.0393,24.4255],[85.0605,24.4153],[85.0833,24.44],[85.0817,24.4086],[85.0726,24.387],[85.0878,24.381],[85.0839,24.3714],[85.0863,24.36],[85.1028,24.3362],[85.1096,24.3403],[85.1322,24.3365],[85.1395,24.3412],[85.1378,24.361],[85.146,24.3621],[85.1644,24.3556],[85.1674,24.3463],[85.1832,24.3443],[85.1962,24.3334],[85.2129,24.3465],[85.242,24.3508],[85.283,24.3426],[85.2987,24.3461],[85.33,24.3276],[85.352,24.3212],[85.3391,24.3107],[85.3331,24.3186],[85.3252,24.3195],[85.3227,24.3158],[85.3262,24.3036],[85.3199,24.3015],[85.3164,24.2656],[85.3017,24.248],[85.3023,24.2351],[85.2968,24.2314],[85.303,24.2196],[85.3,24.2103],[85.2889,24.2101],[85.2853,24.2171],[85.2692,24.2256],[85.2499,24.225],[85.2353,24.2327],[85.2124,24.2304],[85.1972,24.2375],[85.1602,24.2407],[85.1478,24.2258],[85.1401,24.2101],[85.1482,24.1916],[85.1427,24.1687],[85.1512,24.1681],[85.1591,24.1492],[85.1716,24.1344],[85.1651,24.1283],[85.1716,24.1216],[85.1718,24.1107],[85.2409,24.0776],[85.2467,24.0651],[85.2443,24.0531],[85.251,24.0274],[85.2292,24.0207],[85.224,24.0007],[85.2151,23.9953],[85.2027,23.9728],[85.2032,23.9616],[85.1878,23.9494],[85.1718,23.9552],[85.1462,23.9547],[85.1241,23.9767],[85.0962,23.9792],[85.0833,23.963],[85.0728,23.9652],[85.0785,23.9757],[85.0743,23.9873],[85.0462,23.9883],[85.0351,23.9846],[85.0336,23.9678],[85.0531,23.9636],[85.0552,23.9578],[85.0394,23.9439],[85.0445,23.9184],[85.026,23.9187],[85.0181,23.9028],[85.0232,23.8866],[85.0345,23.8805],[85.0295,23.8622],[85.0524,23.8449],[85.059,23.8346],[85.0577,23.8301],[85.0469,23.8313],[85.0441,23.8156],[85.0493,23.7861],[85.0456,23.777],[85.0486,23.7489],[85.0635,23.7334],[85.0475,23.7358],[85.0459,23.7314],[85.0547,23.7247],[85.0538,23.7135],[85.0414,23.7033],[85.0361,23.6896],[85.0177,23.687],[85.0117,23.6929],[85.0072,23.6783],[84.9975,23.6812],[84.9877,23.7035],[84.976,23.7078],[84.9725,23.7147],[84.961,23.712],[84.9614,23.7214],[84.9385,23.729],[84.9286,23.7511],[84.9278,23.7679],[84.903,23.7751],[84.912,23.8018],[84.9449,23.8026],[84.9477,23.8424],[84.9432,23.8527],[84.9294,23.8584],[84.9342,23.8665],[84.9496,23.8743],[84.9496,23.8814],[84.9401,23.9057],[84.9268,23.9118],[84.9352,23.9348],[84.9231,23.9506],[84.9063,23.9501],[84.8893,23.9428],[84.8842,23.952],[84.864,23.9554],[84.846,23.965],[84.8303,23.9574],[84.8255,23.9833],[84.8054,23.9698],[84.7592,23.967],[84.7688,23.9767],[84.76,23.986],[84.7701,24.0086],[84.752,24.0321],[84.7543,24.0413],[84.7467,24.0396],[84.743,24.0481],[84.7296,24.041],[84.7205,24.0444],[84.7097,24.0392],[84.7117,24.0269],[84.6888,24.0235],[84.6707,24.0017],[84.655,24.0069],[84.6468,24.0052],[84.6293,23.9802],[84.6157,23.9826],[84.6064,23.9896],[84.5987,23.983],[84.5905,23.9871],[84.5706,23.9848],[84.554,24.0162],[84.5567,24.0268],[84.5645,24.0329],[84.5535,24.0496],[84.5641,24.0521],[84.5748,24.0704],[84.5633,24.0777],[84.5538,24.1033],[84.5649,24.116],[84.5724,24.118],[84.5802,24.1415],[84.5521,24.1531],[84.5451,24.1681],[84.5385,24.1707],[84.5284,24.1913],[84.5374,24.199],[84.5365,24.203],[84.5289,24.2069],[84.5211,24.1996],[84.4886,24.2013],[84.4733,24.2102],[84.4735,24.2288],[84.4448,24.2436],[84.4576,24.2676],[84.4717,24.2678],[84.4661,24.2592],[84.4887,24.2642],[84.4855,24.2761],[84.5097,24.2944],[84.5106,24.3153],[84.5181,24.317],[84.5248,24.3335],[84.5329,24.3393],[84.5268,24.3457],[84.5262,24.353],[84.5354,24.3647],[84.5289,24.3761],[84.5533,24.3735],[84.5732,24.3838],[84.5665,24.3969],[84.5799,24.4122],[84.5875,24.4102],[84.5892,24.4013],[84.6303,24.4038],[84.6656,24.3936],[84.6703,24.4105],[84.6752,24.4128],[84.6736,24.431],[84.6863,24.4562],[84.7015,24.4616],[84.7139,24.4722],[84.7203,24.4685],[84.7323,24.4728],[84.7474,24.4881],[84.7494,24.4963],[84.7873,24.5047],[84.791,24.5176],[84.8027,24.5293]],[[84.5009,24.2651],[84.5072,24.2632],[84.511,24.2685],[84.5012,24.2835],[84.4967,24.2769],[84.5009,24.2651]]],[[[84.4941,24.3173],[84.4827,24.3024],[84.4725,24.3082],[84.4694,24.3174],[84.4851,24.3159],[84.4987,24.3297],[84.5082,24.3324],[84.5064,24.3239],[84.4941,24.3173]]]]}},{"type":"Feature","properties":{"district_2011":"Giridih","state_2011":"Jharkhand","censuscode_2011":349,"mines":["JH-GIR-34"]},"geometry":{"type":"Polygon","coordinates":[[[86.4584,24.3696],[86.4598,24.3558],[86.4702,24.3512],[86.4637,24.3329],[86.4754,24.3279],[86.4743,24.3134],[86.4908,24.2864],[86.5069,24.2822],[86.517,24.2381],[86.5123,24.2341],[86.5178,24.2229],[86.5046,24.1985],[86.5054,24.1832],[86.4893,24.1521],[86.5154,24.1477],[86.5279,24.1563],[86.5489,24.1509],[86.5548,24.1541],[86.5757,24.1402],[86.5679,24.1351],[86.5473,24.077],[86.5329,24.0566],[86.4992,24.0445],[86.4838,24.0441],[86.4809,24.026],[86.4868,24.0294],[86.4868,24.0235],[86.4709,24.018],[86.4461,24.0303],[86.4239,24.03],[86.3988,24.0405],[86.3873,24.059],[86.3775,24.0586],[86.3687,24.0507],[86.3493,24.0555],[86.3367,24.0523],[86.3365,24.0427],[86.3216,24.0357],[86.3423,24.0267],[86.3425,24.0211],[86.3282,24.0133],[86.3052,23.9904],[86.3051,23.9778],[86.2901,23.9459],[86.2927,23.9142],[86.2798,23.9331],[86.2628,23.93],[86.2414,23.9433],[86.1979,23.9484],[86.1519,23.9349],[86.1372,23.9365],[86.1272,23.9024],[86.1124,23.8907],[86.0948,23.8892],[86.0514,23.9036],[86.0321,23.8987],[86.018,23.9113],[85.9775,23.8983],[85.96,23.8988],[85.9539,23.9073],[85.9503,23.9297],[85.9453,23.9327],[85.9312,23.926],[85.9309,23.9426],[85.9198,23.9542],[85.9296,23.9554],[85.9344,23.9694],[85.927,23.9784],[85.8985,23.9916],[85.8955,24.0122],[85.8835,24.0203],[85.8917,24.034],[85.8743,24.0384],[85.8657,24.0562],[85.8574,24.0532],[85.8505,24.0561],[85.8449,24.0627],[85.8479,24.0667],[85.8389,24.0658],[85.8249,24.077],[85.8181,24.0773],[85.8099,24.0702],[85.7978,24.0719],[85.7996,24.0824],[85.7678,24.096],[85.7729,24.1064],[85.7407,24.1052],[85.7331,24.0998],[85.7079,24.1051],[85.7124,24.1239],[85.6698,24.1561],[85.6787,24.1829],[85.7255,24.1959],[85.7317,24.2062],[85.7575,24.2107],[85.7646,24.2171],[85.7724,24.2139],[85.7831,24.2166],[85.793,24.221],[85.8007,24.2321],[85.8177,24.2176],[85.8278,24.2236],[85.8569,24.2193],[85.8526,24.2243],[85.8555,24.2417],[85.8504,24.2548],[85.8346,24.2596],[85.8332,24.2639],[85.8567,24.2831],[85.8602,24.2922],[85.8699,24.2948],[85.8714,24.3051],[85.8662,24.3349],[85.8513,24.3355],[85.8446,24.3473],[85.8524,24.3678],[85.8477,24.3813],[85.8529,24.4201],[85.8377,24.4295],[85.8317,24.4465],[85.8534,24.4688],[85.8667,24.5031],[85.864,24.513],[85.8679,24.5269],[85.8402,24.5474],[85.8099,24.5526],[85.8047,24.5587],[85.8068,24.5762],[85.7945,24.592],[85.8036,24.6127],[85.7863,24.6087],[85.7676,24.6163],[85.7647,24.626],[85.7852,24.6517],[85.7902,24.6653],[85.8011,24.6732],[85.828,24.6675],[85.841,24.6705],[85.8271,24.7115],[85.821,24.716],[85.8224,24.7298],[85.8388,24.7374],[85.8549,24.7382],[85.8579,24.7425],[85.8935,24.7358],[85.8908,24.754],[85.9005,24.754],[85.9114,24.7616],[85.9345,24.7408],[85.9571,24.7325],[85.9729,24.7326],[85.9795,24.7366],[85.984,24.748],[86.0068,24.7517],[86.0163,24.7683],[86.0264,24.7681],[86.0573,24.7799],[86.0597,24.7621],[86.0483,24.7483],[86.0427,24.7477],[86.0458,24.7417],[86.0699,24.7521],[86.0933,24.7467],[86.116,24.7327],[86.1311,24.7056],[86.1402,24.676],[86.1326,24.6713],[86.1329,24.6547],[86.1249,24.6424],[86.1322,24.6124],[86.1399,24.6041],[86.1588,24.6003],[86.1635,24.5898],[86.1722,24.5843],[86.2015,24.5858],[86.2222,24.5918],[86.2239,24.6124],[86.2706,24.5765],[86.2727,24.5826],[86.2833,24.5749],[86.2802,24.5834],[86.2991,24.5868],[86.3165,24.5823],[86.3187,24.5866],[86.3293,24.5848],[86.3105,24.559],[86.3162,24.5481],[86.3078,24.5327],[86.3139,24.5271],[86.3188,24.5093],[86.3003,24.4772],[86.2919,24.4776],[86.2855,24.4628],[86.3073,24.4576],[86.3059,24.4498],[86.3101,24.4457],[86.3258,24.441],[86.3541,24.4414],[86.357,24.4446],[86.3796,24.4168],[86.4049,24.4012],[86.4218,24.3802],[86.4403,24.3778],[86.4584,24.3696]]]}},{"type":"Feature","properties":{"district_2011":"Dhanbad","state_2011":"Jharkhand","censuscode_2011":354,"mines":["JH-DHA-16","JH-DHA-17","JH-DHN-01"]},"geometry":{"type":"Polygon","coordinates":[[[86.4461,24.0303],[86.4829,24.0103],[86.4968,24.0139],[86.5245,23.9991],[86.5422,24.0056],[86.5798,23.9991],[86.6002,23.9747],[86.6474,23.9459],[86.69,23.9255],[86.7068,23.923],[86.7195,23.9071],[86.7248,23.8841],[86.734,23.8745],[86.7488,23.8838],[86.7733,23.8725],[86.7867,23.858],[86.7978,23.829],[86.8031,23.8258],[86.8066,23.8151],[86.8033,23.7995],[86.8223,23.778],[86.8253,23.7629],[86.8216,23.7467],[86.8101,23.7417],[86.7965,23.7004],[86.8012,23.6954],[86.7976,23.6893],[86.7641,23.6804],[86.7437,23.6796],[86.7373,23.6957],[86.7166,23.6991],[86.6995,23.6964],[86.6301,23.6747],[86.5973,23.6731],[86.5937,23.671],[86.5963,23.6642],[86.5344,23.6309],[86.4871,23.637],[86.4722,23.6315],[86.4507,23.6334],[86.4443,23.6297],[86.4447,23.6217],[86.4267,23.6403],[86.4226,23.6587],[86.3868,23.6754],[86.3718,23.702],[86.2245,23.7075],[86.2046,23.7123],[86.1719,23.728],[86.1805,23.7276],[86.1884,23.7341],[86.1907,23.7477],[86.189,23.7598],[86.1841,23.7632],[86.1863,23.7681],[86.1657,23.7894],[86.1632,23.8293],[86.145,23.8305],[86.1383,23.8412],[86.1437,23.8476],[86.1407,23.8606],[86.1224,23.8667],[86.1195,23.8805],[86.1226,23.8875],[86.1147,23.8887],[86.1272,23.9024],[86.1372,23.9365],[86.1519,23.9349],[86.1979,23.9484],[86.2224,23.9462],[86.2455,23.9421],[86.2628,23.93],[86.2798,23.9331],[86.2927,23.9142],[86.2901,23.9459],[86.3051,23.9778],[86.3052,23.9904],[86.3282,24.0133],[86.3425,24.0211],[86.3423,24.0267],[86.3216,24.0357],[86.3365,24.0427],[86.3367,24.0523],[86.3439,24.0545],[86.3687,24.0507],[86.3775,24.0586],[86.3873,24.059],[86.3988,24.0405],[86.4239,24.03],[86.4461,24.0303]]]}},{"type":"Feature","properties":{"district_2011":"Bokaro","state_2011":"Jharkhand","censuscode_2011":355,"mines":["JH-BOK-33"]},"geometry":{"type":"Polygon","coordinates":[[[85.9197,23.9558],[85.9309,23.9426],[85.9312,23.926],[85.9453,23.9327],[85.9503,23.9297],[85.9539,23.9073],[85.96,23.8988],[85.9775,23.8983],[86.018,23.9113],[86.0321,23.8987],[86.0514,23.9036],[86.0948,23.8892],[86.1191,23.894],[86.1147,23.8887],[86.1226,23.8875],[86.1209,23.8688],[86.1407,23.8606],[86.1437,23.8476],[86.1383,23.8412],[86.145,23.8305],[86.1632,23.8293],[86.1657,23.7894],[86.1863,23.7681],[86.1841,23.7632],[86.189,23.7598],[86.1907,23.7477],[86.1884,23.7341],[86.1805,23.7276],[86.1719,23.7281],[86.18,23.7223],[86.2245,23.7075],[86.3718,23.702],[86.3868,23.6754],[86.4226,23.6587],[86.4267,23.6403],[86.4447,23.6217],[86.4454,23.611],[86.4331,23.6123],[86.4162,23.6],[86.412,23.5899],[86.3953,23.5907],[86.3868,23.5863],[86.3887,23.574],[86.3706,23.559],[86.3638,23.545],[86.3655,23.5327],[86.3734,23.5246],[86.3709,23.5175],[86.3627,23.5149],[86.3595,23.4985],[86.3644,23.4916],[86.3764,23.4923],[86.3778,23.4847],[86.3613,23.4836],[86.3548,23.4746],[86.3577,23.4657],[86.3437,23.4632],[86.3462,23.4545],[86.3372,23.4493],[86.332,23.4597],[86.306,23.4458],[86.3116,23.4383],[86.3181,23.4394],[86.3192,23.4282],[86.3058,23.4222],[86.2955,23.425],[86.2882,23.4296],[86.2843,23.4432],[86.2525,23.4362],[86.2589,23.427],[86.2491,23.4217],[86.2454,23.4338],[86.237,23.4316],[86.2306,23.4378],[86.2446,23.4717],[86.2312,23.4719],[86.2269,23.458],[86.1847,23.4697],[86.1851,23.4771],[86.1783,23.4805],[86.1515,23.4751],[86.1512,23.496],[86.1611,23.5062],[86.1605,23.5211],[86.1489,23.5293],[86.1593,23.5535],[86.1523,23.5605],[86.1542,23.5673],[86.1446,23.5719],[86.1327,23.5686],[86.1255,23.5758],[86.0788,23.57],[86.0775,23.5803],[86.0574,23.5807],[86.053,23.5857],[86.0435,23.5853],[86.0414,23.5769],[86.0171,23.563],[86.0169,23.5535],[86.0272,23.5473],[86.0247,23.5443],[86.0388,23.5199],[86.0388,23.5067],[86.0569,23.5035],[86.0533,23.4956],[86.0117,23.4846],[85.95,23.4565],[85.9237,23.4642],[85.9125,23.4736],[85.8838,23.4777],[85.8893,23.4847],[85.8677,23.503],[85.8487,23.5],[85.8394,23.5035],[85.8417,23.521],[85.8311,23.5249],[85.8236,23.5353],[85.8383,23.5422],[85.8411,23.5537],[85.8351,23.5617],[85.8155,23.5627],[85.81,23.5895],[85.7984,23.6072],[85.7932,23.6055],[85.7944,23.6131],[85.7895,23.6149],[85.7935,23.6215],[85.7719,23.6399],[85.7735,23.6602],[85.7643,23.6734],[85.752,23.6476],[85.7284,23.6375],[85.7192,23.6199],[85.7116,23.6182],[85.7001,23.6294],[85.6925,23.6254],[85.6804,23.6302],[85.679,23.6206],[85.6663,23.6137],[85.6662,23.6051],[85.6553,23.5908],[85.638,23.5977],[85.6267,23.6115],[85.6161,23.6157],[85.6184,23.6744],[85.6106,23.6864],[85.6203,23.6958],[85.6218,23.7057],[85.6167,23.7493],[85.6301,23.7539],[85.6497,23.7731],[85.655,23.7964],[85.6536,23.8049],[85.6413,23.805],[85.6348,23.7866],[85.6217,23.7792],[85.6128,23.7803],[85.5974,23.7999],[85.5949,23.8082],[85.5991,23.8146],[85.5923,23.8316],[85.5833,23.8351],[85.5895,23.8446],[85.6173,23.8557],[85.6129,23.8731],[85.6151,23.8872],[85.6618,23.9182],[85.6472,23.9321],[85.6496,23.9404],[85.6718,23.9431],[85.6746,23.9514],[85.6687,23.9578],[85.6765,23.9595],[85.6793,23.9686],[85.7016,23.9609],[85.7005,23.957],[85.692,23.9559],[85.6885,23.944],[85.7045,23.9215],[85.7179,23.9164],[85.7199,23.9056],[85.7235,23.904],[85.7277,23.9154],[85.7443,23.9266],[85.7442,23.933],[85.7677,23.9266],[85.7677,23.9103],[85.7792,23.9005],[85.7866,23.9004],[85.7888,23.8863],[85.8038,23.8792],[85.8009,23.8739],[85.8095,23.8595],[85.8077,23.8463],[85.8178,23.8388],[85.8167,23.8337],[85.8385,23.8296],[85.8641,23.8504],[85.8682,23.8658],[85.8885,23.896],[85.8913,23.9115],[85.8856,23.9171],[85.8886,23.9308],[85.8845,23.9415],[85.8877,23.9495],[85.8936,23.9545],[85.9007,23.9537],[85.9144,23.9454],[85.9137,23.9535],[85.9197,23.9558]]]}},{"type":"Feature","properties":{"district_2011":"Hazaribagh","state_2011":"Jharkhand","censuscode_2011":360,"mines":["JH-HAZ-35"]},"geometry":{"type":"Polygon","coordinates":[[[85.4309,24.3561],[85.4316,24.3414],[85.4567,24.3409],[85.4606,24.3327],[85.4724,24.3398],[85.5011,24.3319],[85.5121,24.3244],[85.5239,24.3405],[85.5371,24.3392],[85.5464,24.355],[85.5652,24.3463],[85.5726,24.3583],[85.5896,24.3392],[85.6031,24.3458],[85.6126,24.3337],[85.6305,24.3313],[85.6372,24.3373],[85.6372,24.3227],[85.6281,24.3],[85.6107,24.2981],[85.6118,24.2926],[85.5959,24.2631],[85.5726,24.26],[85.5651,24.2387],[85.5496,24.2416],[85.5438,24.2332],[85.5265,24.2328],[85.5191,24.21],[85.5281,24.2034],[85.526,24.199],[85.5163,24.1954],[85.5065,24.1978],[85.496,24.1762],[85.5115,24.1673],[85.5512,24.1637],[85.5735,24.1403],[85.5763,24.1293],[85.5972,24.1325],[85.6271,24.1282],[85.6359,24.1339],[85.6804,24.0964],[85.6968,24.0971],[85.7079,24.1051],[85.7331,24.0998],[85.7407,24.1052],[85.7729,24.1064],[85.7678,24.096],[85.7996,24.0824],[85.7978,24.0719],[85.8099,24.0702],[85.8181,24.0773],[85.8249,24.077],[85.8389,24.0658],[85.8479,24.0667],[85.8449,24.0627],[85.8505,24.0561],[85.8574,24.0532],[85.8657,24.0562],[85.8743,24.0384],[85.8917,24.034],[85.8835,24.0203],[85.8955,24.0122],[85.8985,23.9916],[85.927,23.9784],[85.9344,23.9694],[85.9338,23.9626],[85.9296,23.9554],[85.9152,23.9553],[85.9144,23.9454],[85.9035,23.9528],[85.8902,23.9532],[85.8845,23.9415],[85.8886,23.9308],[85.8856,23.9171],[85.8913,23.9115],[85.8885,23.896],[85.8682,23.8658],[85.8641,23.8504],[85.8385,23.8296],[85.8167,23.8337],[85.8178,23.8388],[85.8077,23.8463],[85.8095,23.8595],[85.8009,23.8739],[85.8038,23.8792],[85.7888,23.8863],[85.7866,23.9004],[85.7792,23.9005],[85.7677,23.9103],[85.7677,23.9266],[85.7442,23.933],[85.7443,23.9266],[85.7277,23.9154],[85.7235,23.904],[85.7199,23.9056],[85.7179,23.9164],[85.7045,23.9215],[85.6885,23.944],[85.692,23.9559],[85.7005,23.957],[85.7016,23.9609],[85.6793,23.9686],[85.6765,23.9595],[85.6687,23.9578],[85.6746,23.9514],[85.6718,23.9431],[85.6496,23.9404],[85.6472,23.9331],[85.6372,23.938],[85.579,23.9116],[85.526,23.8565],[85.4927,23.8022],[85.4549,23.7857],[85.4707,23.7728],[85.4785,23.7555],[85.45,23.7212],[85.4493,23.6877],[85.4353,23.6825],[85.4086,23.6742],[85.3395,23.7008],[85.2926,23.6886],[85.2265,23.6989],[85.1888,23.7098],[85.1656,23.6664],[85.158,23.6744],[85.1075,23.664],[85.0778,23.6689],[85.0793,23.6729],[85.0583,23.6925],[85.0615,23.6975],[85.0715,23.6992],[85.0705,23.7078],[85.0684,23.7115],[85.0555,23.7102],[85.0547,23.7247],[85.0459,23.7314],[85.0515,23.7365],[85.0635,23.7334],[85.0486,23.7489],[85.0456,23.777],[85.0493,23.7861],[85.0441,23.8156],[85.0469,23.8313],[85.0577,23.8301],[85.059,23.8346],[85.0524,23.8449],[85.0295,23.8622],[85.0345,23.8805],[85.0232,23.8866],[85.0181,23.9028],[85.026,23.9187],[85.0445,23.9184],[85.0394,23.9439],[85.0552,23.9578],[85.0531,23.9636],[85.0336,23.9678],[85.0351,23.9846],[85.0462,23.9883],[85.0743,23.9873],[85.0785,23.9757],[85.0728,23.9652],[85.0833,23.963],[85.0962,23.9792],[85.1241,23.9767],[85.1462,23.9547],[85.1718,23.9552],[85.1878,23.9494],[85.2032,23.9616],[85.2027,23.9728],[85.2151,23.9953],[85.224,24.0007],[85.2292,24.0207],[85.251,24.0274],[85.2443,24.0531],[85.2467,24.0651],[85.2409,24.0776],[85.1718,24.1107],[85.1716,24.1216],[85.1651,24.1283],[85.1716,24.1344],[85.1591,24.1492],[85.1512,24.1681],[85.1427,24.1687],[85.1482,24.1916],[85.1401,24.2101],[85.1478,24.2258],[85.1602,24.2407],[85.1972,24.2375],[85.2124,24.2304],[85.2353,24.2327],[85.2499,24.225],[85.2692,24.2256],[85.2853,24.2171],[85.2889,24.2101],[85.3,24.2103],[85.303,24.2196],[85.2968,24.2314],[85.3023,24.2351],[85.3017,24.248],[85.3164,24.2656],[85.3199,24.3015],[85.3262,24.3036],[85.3252,24.3195],[85.3331,24.3186],[85.3391,24.3107],[85.343,24.3128],[85.3531,24.3021],[85.3738,24.315],[85.3864,24.3492],[85.4157,24.3559],[85.4221,24.3648],[85.4309,24.3561]]]}},{"type":"Feature","properties":{"district_2011":"Ramgarh","state_2011":"Jharkhand","censuscode_2011":361,"mines":["JH-RAM-06"]},"geometry":{"type":"Polygon","coordinates":[[[85.6128,23.7803],[85.6217,23.7792],[85.6348,23.7866],[85.6413,23.805],[85.6536,23.8049],[85.6497,23.7731],[85.6301,23.7539],[85.6167,23.7493],[85.6218,23.7057],[85.6203,23.6958],[85.6106,23.6864],[85.6184,23.6744],[85.6161,23.6157],[85.6267,23.6115],[85.638,23.5977],[85.6553,23.5908],[85.6662,23.6051],[85.6663,23.6137],[85.679,23.6206],[85.6804,23.6302],[85.6925,23.6254],[85.7001,23.6294],[85.7116,23.6182],[85.7192,23.6199],[85.7284,23.6375],[85.752,23.6476],[85.7611,23.6729],[85.7681,23.6711],[85.7735,23.6602],[85.7719,23.6399],[85.7935,23.6215],[85.7895,23.6149],[85.7944,23.6131],[85.7932,23.6055],[85.7984,23.6072],[85.81,23.5895],[85.8155,23.5627],[85.8351,23.5617],[85.8411,23.5537],[85.8383,23.5422],[85.8236,23.5353],[85.8311,23.5249],[85.8417,23.521],[85.8394,23.5035],[85.8487,23.5],[85.8677,23.503],[85.8893,23.4847],[85.8722,23.4721],[85.8657,23.4528],[85.8671,23.4301],[85.8598,23.4237],[85.8518,23.428],[85.8461,23.4207],[85.8299,23.4383],[85.8271,23.4502],[85.8167,23.4538],[85.7986,23.4494],[85.7951,23.4546],[85.7587,23.46],[85.7368,23.4482],[85.7314,23.453],[85.719,23.4411],[85.6751,23.4509],[85.6733,23.4568],[85.6594,23.4646],[85.6325,23.4687],[85.6075,23.4818],[85.6066,23.4892],[85.5932,23.4951],[85.589,23.5031],[85.5709,23.5148],[85.5513,23.538],[85.5403,23.5393],[85.5328,23.5322],[85.5247,23.5366],[85.5204,23.5428],[85.5288,23.561],[85.5225,23.577],[85.5056,23.5701],[85.5151,23.5543],[85.5159,23.5446],[85.5108,23.5413],[85.4942,23.5435],[85.4837,23.554],[85.4884,23.5629],[85.4727,23.5714],[85.4716,23.5575],[85.4526,23.5494],[85.4141,23.561],[85.4104,23.5563],[85.3997,23.5558],[85.3914,23.5617],[85.3858,23.5501],[85.3659,23.5619],[85.34,23.5586],[85.3209,23.5698],[85.2683,23.5802],[85.264,23.5871],[85.2443,23.5962],[85.2364,23.6196],[85.2091,23.622],[85.2055,23.6434],[85.2139,23.6553],[85.2221,23.655],[85.225,23.6751],[85.2376,23.6828],[85.2362,23.6867],[85.226,23.6857],[85.2265,23.6989],[85.2926,23.6886],[85.3395,23.7008],[85.4086,23.6742],[85.4493,23.6877],[85.45,23.7212],[85.4789,23.7581],[85.4707,23.7728],[85.4549,23.7857],[85.4927,23.8022],[85.526,23.8565],[85.579,23.9116],[85.6372,23.938],[85.6569,23.9264],[85.6618,23.9182],[85.6151,23.8872],[85.6129,23.8731],[85.6173,23.8557],[85.5895,23.8446],[85.5833,23.8351],[85.5923,23.8316],[85.5991,23.8146],[85.5949,23.8082],[85.5974,23.7999],[85.6128,23.7803]]]}},{"type":"Feature","properties":{"district_2011":"Ranchi","state_2011":"Jharkhand","censuscode_2011":364,"mines":["JH-RAN-43"]},"geometry":{"type":"Polygon","coordinates":[[[85.226,23.6857],[85.2362,23.6867],[85.2376,23.6828],[85.225,23.6751],[85.2221,23.655],[85.2139,23.6553],[85.2043,23.6333],[85.2143,23.6194],[85.2364,23.6196],[85.2443,23.5962],[85.264,23.5871],[85.2683,23.5802],[85.3209,23.5698],[85.34,23.5586],[85.3659,23.5619],[85.3858,23.5501],[85.3914,23.5617],[85.3997,23.5558],[85.4104,23.5563],[85.4141,23.561],[85.4526,23.5494],[85.4716,23.5575],[85.4727,23.5714],[85.4884,23.5629],[85.4837,23.554],[85.4942,23.5435],[85.5108,23.5413],[85.5159,23.5446],[85.5151,23.5543],[85.5056,23.5701],[85.5225,23.577],[85.5288,23.561],[85.5204,23.5428],[85.5247,23.5366],[85.5328,23.5322],[85.5403,23.5393],[85.5513,23.538],[85.5709,23.5148],[85.589,23.5031],[85.5932,23.4951],[85.6066,23.4892],[85.6075,23.4818],[85.6325,23.4687],[85.6594,23.4646],[85.6733,23.4568],[85.6751,23.4509],[85.719,23.4411],[85.7314,23.453],[85.7368,23.4482],[85.7587,23.46],[85.7951,23.4546],[85.7986,23.4494],[85.8054,23.4537],[85.8229,23.4524],[85.8461,23.4207],[85.8518,23.428],[85.8598,23.4237],[85.8671,23.4301],[85.869,23.4119],[85.8846,23.41],[85.8879,23.4057],[85.8835,23.4024],[85.8909,23.3893],[85.8886,23.3831],[85.9005,23.3817],[85.9018,23.3726],[85.8914,23.3758],[85.8724,23.3668],[85.8792,23.3589],[85.8777,23.3322],[85.8841,23.3258],[85.8669,23.317],[85.8676,23.3054],[85.8398,23.2828],[85.8325,23.2652],[85.8385,23.1949],[85.8636,23.1966],[85.8833,23.1752],[85.8834,23.161],[85.8952,23.1541],[85.8884,23.1548],[85.8728,23.1452],[85.8704,23.1259],[85.8599,23.1298],[85.844,23.1151],[85.8146,23.068],[85.8049,23.0662],[85.7991,23.0591],[85.8078,23.0531],[85.827,22.9963],[85.8483,22.9867],[85.8536,22.9445],[85.864,22.9461],[85.8759,22.9299],[85.8699,22.9122],[85.8575,22.9004],[85.8634,22.8872],[85.859,22.884],[85.8396,22.8897],[85.835,22.8967],[85.8368,22.9048],[85.8018,22.9102],[85.7893,22.9195],[85.7748,22.9218],[85.763,22.9333],[85.752,22.9325],[85.7312,22.942],[85.7045,22.9439],[85.6828,22.9347],[85.6532,22.937],[85.6555,22.9272],[85.6468,22.9196],[85.622,22.9163],[85.6152,22.923],[85.6194,22.9651],[85.6156,22.982],[85.5942,23.0101],[85.5802,23.0525],[85.5898,23.0668],[85.6027,23.104],[85.5964,23.1147],[85.5517,23.1289],[85.5417,23.1586],[85.5576,23.2145],[85.585,23.2722],[85.5535,23.2775],[85.5275,23.2512],[85.5091,23.251],[85.5002,23.2437],[85.4911,23.2192],[85.472,23.2134],[85.4629,23.1769],[85.4478,23.174],[85.4135,23.1777],[85.3889,23.1925],[85.374,23.1841],[85.3618,23.187],[85.3447,23.2045],[85.3372,23.2038],[85.3332,23.1865],[85.3239,23.1824],[85.3149,23.1842],[85.2868,23.2075],[85.2801,23.2186],[85.2364,23.2259],[85.2167,23.2454],[85.1895,23.2443],[85.1639,23.2284],[85.1364,23.2189],[85.0911,23.2204],[85.0541,23.2007],[85.0368,23.1049],[85.0114,23.0911],[84.9971,23.0727],[84.9966,23.0602],[84.9842,23.0313],[84.9677,23.0151],[84.9408,23.0124],[84.9441,23.0229],[84.9355,23.0329],[84.9315,23.034],[84.9297,23.0273],[84.9177,23.0286],[84.9041,23.0552],[84.8773,23.0677],[84.8712,23.0978],[84.8948,23.0988],[84.8997,23.1091],[84.8904,23.1174],[84.8862,23.14],[84.8946,23.1692],[84.8998,23.1725],[84.9208,23.1685],[84.9256,23.1873],[84.914,23.1948],[84.9456,23.2099],[84.9519,23.225],[84.9138,23.2438],[84.9152,23.2548],[84.8995,23.261],[84.9023,23.2853],[84.9264,23.3109],[84.9109,23.3268],[84.898,23.3201],[84.9072,23.3429],[84.9045,23.3643],[84.8878,23.3704],[84.8844,23.3756],[84.8948,23.3861],[84.8863,23.4021],[84.8988,23.4155],[84.8968,23.4296],[84.9324,23.4751],[84.9453,23.5005],[84.9388,23.5187],[84.9162,23.5264],[84.9082,23.5403],[84.8944,23.5431],[84.8856,23.5518],[84.8863,23.5575],[84.8965,23.5587],[84.9059,23.5814],[84.9117,23.543],[84.9206,23.5458],[84.9241,23.5528],[84.9347,23.5501],[84.9331,23.5718],[84.9455,23.6077],[84.9427,23.6324],[84.9193,23.6526],[84.923,23.6693],[84.9356,23.6814],[84.935,23.6908],[84.9493,23.7014],[84.9621,23.6956],[84.9639,23.7138],[84.9686,23.715],[84.9877,23.7035],[84.9975,23.6812],[85.0072,23.6783],[85.0117,23.6929],[85.0177,23.687],[85.0361,23.6896],[85.0497,23.7113],[85.0684,23.7115],[85.0715,23.6992],[85.0615,23.6975],[85.0594,23.6887],[85.0793,23.6729],[85.0778,23.6689],[85.1075,23.664],[85.158,23.6744],[85.1656,23.6664],[85.1888,23.7098],[85.2252,23.7003],[85.226,23.6857]]]}},{"type":"Feature","properties":{"district_2011":"Jharsuguda","state_2011":"Odisha","censuscode_2011":371,"mines":["OD-JHA-13","OD-JHA-22","OD-JHA-46","OD-JHA-67"]},"geometry":{"type":"Polygon","coordinates":[[[83.7999,21.5662],[83.7272,21.6307],[83.7054,21.6886],[83.6949,21.7016],[83.6564,21.72],[83.5599,21.7431],[83.5446,21.7258],[83.5376,21.6919],[83.5272,21.6727],[83.5098,21.6561],[83.4902,21.6426],[83.4479,21.6581],[83.4269,21.6779],[83.4283,21.6894],[83.439,21.6968],[83.4569,21.6938],[83.4635,21.6972],[83.4852,21.7308],[83.4913,21.7444],[83.481,21.7524],[83.485,21.7674],[83.4831,21.7765],[83.4743,21.7855],[83.4912,21.7971],[83.4981,21.8172],[83.5133,21.8031],[83.5293,21.7969],[83.5437,21.7967],[83.5435,21.8211],[83.5348,21.8257],[83.5384,21.8346],[83.5646,21.8371],[83.5929,21.8256],[83.6125,21.8353],[83.613,21.8458],[83.6296,21.8483],[83.6432,21.8166],[83.6827,21.8064],[83.6957,21.7912],[83.7219,21.7864],[83.7317,21.795],[83.7458,21.8201],[83.7825,21.8563],[83.8006,21.8689],[83.8144,21.8552],[83.8113,21.8612],[83.8166,21.8831],[83.8224,21.8854],[83.8299,21.878],[83.8349,21.8959],[83.8405,21.8949],[83.865,21.9106],[83.8544,21.9227],[83.8807,21.9239],[83.8968,21.9463],[83.9613,21.9413],[83.9727,21.9132],[83.981,21.9063],[84.0072,21.9236],[84.0293,21.9528],[84.0493,21.9484],[84.056,21.9388],[84.0787,21.9372],[84.0818,21.9564],[84.0889,21.9609],[84.0894,21.967],[84.0861,21.9806],[84.0736,21.9822],[84.0729,21.9896],[84.0904,21.9905],[84.0936,21.999],[84.1101,21.9933],[84.1162,22.0091],[84.1213,22.0111],[84.1281,22.0039],[84.1469,21.9987],[84.1718,21.999],[84.1992,21.9868],[84.2074,21.9775],[84.2332,21.9749],[84.2469,21.9827],[84.2623,22.0063],[84.2693,22.0074],[84.2696,22.0141],[84.2897,22.0168],[84.2995,22.0337],[84.3223,22.0371],[84.3379,22.0306],[84.3576,22.0365],[84.3694,22.0274],[84.3892,22.0241],[84.3886,22.0003],[84.3933,21.9923],[84.3756,21.9747],[84.3772,21.9544],[84.3651,21.9413],[84.3651,21.9325],[84.356,21.9238],[84.3475,21.8964],[84.3301,21.8659],[84.3299,21.8414],[84.3154,21.8264],[84.3111,21.8101],[84.2968,21.7958],[84.296,21.7776],[84.2865,21.762],[84.2728,21.759],[84.2474,21.7688],[84.2376,21.7627],[84.2212,21.7664],[84.2118,21.7593],[84.2065,21.7611],[84.1985,21.7546],[84.1902,21.7542],[84.1621,21.7688],[84.1533,21.7792],[84.1152,21.789],[84.0834,21.7738],[84.0635,21.7742],[84.0387,21.7591],[84.0276,21.781],[84.015,21.7861],[83.9909,21.7518],[83.9699,21.7657],[83.9666,21.7518],[83.9557,21.7455],[83.9526,21.7353],[83.9442,21.7276],[83.9489,21.7203],[83.9732,21.7087],[83.9685,21.6911],[83.9813,21.5953],[83.9737,21.5775],[83.9641,21.5711],[83.9411,21.5767],[83.8942,21.5737],[83.8601,21.5871],[83.8462,21.5857],[83.8234,21.5942],[83.8146,21.5911],[83.7999,21.5662]]]}},{"type":"Feature","properties":{"district_2011":"Sambalpur","state_2011":"Odisha","censuscode_2011":372,"mines":["OD-SAM-23"]},"geometry":{"type":"Polygon","coordinates":[[[84.6799,21.7345],[84.6521,21.7396],[84.639,21.7369],[84.6432,21.7242],[84.6393,21.7045],[84.6277,21.6947],[84.5787,21.7],[84.5704,21.6986],[84.5592,21.6826],[84.5448,21.6767],[84.5134,21.6835],[84.5055,21.6794],[84.4915,21.6377],[84.5171,21.6192],[84.5276,21.6226],[84.5415,21.6084],[84.5411,21.6016],[84.5696,21.5852],[84.575,21.5724],[84.5522,21.58],[84.54,21.5786],[84.5374,21.5741],[84.5448,21.5696],[84.539,21.5662],[84.5298,21.5686],[84.5244,21.5625],[84.5116,21.5593],[84.5047,21.5368],[84.4841,21.5058],[84.4996,21.5012],[84.5022,21.4958],[84.4795,21.4801],[84.4914,21.4733],[84.4885,21.4622],[84.4941,21.445],[84.4822,21.4241],[84.4932,21.4124],[84.4826,21.3929],[84.4965,21.3832],[84.4913,21.3676],[84.5051,21.364],[84.502,21.3755],[84.5189,21.3714],[84.5224,21.3784],[84.5377,21.3807],[84.5492,21.3719],[84.5478,21.3597],[84.5702,21.3207],[84.5736,21.2617],[84.568,21.2546],[84.571,21.2511],[84.6018,21.2586],[84.6159,21.2719],[84.6325,21.2755],[84.6544,21.2999],[84.6677,21.3035],[84.6656,21.3116],[84.6919,21.3203],[84.7173,21.315],[84.7413,21.2902],[84.7664,21.2723],[84.7584,21.2577],[84.7724,21.2522],[84.7614,21.2331],[84.7613,21.2244],[84.7442,21.232],[84.7285,21.224],[84.7246,21.2173],[84.7222,21.2058],[84.7303,21.198],[84.7413,21.1966],[84.7486,21.181],[84.7448,21.1706],[84.7341,21.1647],[84.7256,21.1493],[84.7018,21.1554],[84.6856,21.149],[84.6708,21.0954],[84.6734,21.0792],[84.6842,21.0715],[84.6833,21.0642],[84.6686,21.0699],[84.6519,21.0844],[84.631,21.0825],[84.5893,21.0639],[84.5558,21.0714],[84.5353,21.0886],[84.5142,21.0896],[84.4967,21.0807],[84.4852,21.0825],[84.4422,21.0345],[84.4304,21.0409],[84.4107,21.0307],[84.4349,21.0197],[84.436,21.0142],[84.4165,21.0016],[84.4074,20.979],[84.3851,20.9686],[84.3726,20.9549],[84.3653,20.9591],[84.3323,20.9522],[84.3186,20.9451],[84.313,20.9366],[84.3045,20.9399],[84.2753,20.9238],[84.2417,20.9261],[84.2204,20.9438],[84.2128,20.9639],[84.1947,20.9766],[84.161,20.9757],[84.1564,20.9831],[84.1557,21.0015],[84.1473,21.0132],[84.148,21.0356],[84.1143,21.0387],[84.0707,21.0509],[84.0552,21.0494],[84.0483,21.0441],[84.0354,21.0547],[84.0202,21.0552],[83.9909,21.0792],[83.9947,21.1019],[83.9917,21.113],[83.9853,21.1182],[83.986,21.1347],[83.9519,21.1479],[83.9511,21.1522],[83.9073,21.1768],[83.8959,21.1781],[83.9112,21.2234],[83.9134,21.246],[83.8938,21.2755],[83.8915,21.2966],[83.8784,21.2937],[83.8716,21.3106],[83.883,21.3495],[83.8809,21.3901],[83.8517,21.4045],[83.8496,21.4102],[83.8551,21.4221],[83.8839,21.4275],[83.8868,21.4388],[83.8468,21.5273],[83.8153,21.5397],[83.7999,21.5662],[83.8146,21.5911],[83.8234,21.5942],[83.8462,21.5857],[83.8601,21.5871],[83.8942,21.5737],[83.9411,21.5767],[83.9641,21.5711],[83.9737,21.5775],[83.9813,21.5953],[83.9685,21.6911],[83.9732,21.7087],[83.9489,21.7203],[83.9442,21.7276],[83.9526,21.7353],[83.9557,21.7455],[83.9666,21.7518],[83.9699,21.7657],[83.9909,21.7518],[84.015,21.7861],[84.0276,21.781],[84.0387,21.7591],[84.0635,21.7742],[84.0834,21.7738],[84.1152,21.789],[84.1533,21.7792],[84.1621,21.7688],[84.1902,21.7542],[84.1985,21.7546],[84.2065,21.7611],[84.2118,21.7593],[84.2212,21.7664],[84.2376,21.7627],[84.2474,21.7688],[84.2728,21.759],[84.291,21.7661],[84.2968,21.7958],[84.3111,21.8101],[84.3154,21.8264],[84.3299,21.8414],[84.3301,21.8659],[84.3475,21.8964],[84.356,21.9238],[84.3651,21.9325],[84.3651,21.9413],[84.3772,21.9544],[84.3756,21.9747],[84.3933,21.9923],[84.3886,22.0003],[84.3892,22.0241],[84.3694,22.0274],[84.3576,22.0365],[84.3379,22.0306],[84.3223,22.0371],[84.2995,22.0337],[84.2897,22.0168],[84.2696,22.0141],[84.2677,22.0426],[84.2736,22.0578],[84.2666,22.0764],[84.2712,22.0925],[84.268,22.1043],[84.2789,22.1078],[84.2781,22.1211],[84.2993,22.1165],[84.326,22.1244],[84.3663,22.149],[84.3871,22.1483],[84.4211,22.1723],[84.4781,22.1886],[84.4855,22.1567],[84.4966,22.1356],[84.5014,22.106],[84.4969,22.0984],[84.5019,22.0873],[84.5145,22.0844],[84.5097,22.0685],[84.5137,22.0532],[84.53,22.0446],[84.5245,22.0312],[84.511,22.0194],[84.5036,21.9703],[84.5081,21.9603],[84.5188,21.9733],[84.529,21.9736],[84.5301,21.9586],[84.5225,21.9562],[84.5206,21.9452],[84.522,21.9362],[84.5303,21.9276],[84.5002,21.9184],[84.4959,21.9075],[84.4978,21.9035],[84.5152,21.9],[84.5314,21.8821],[84.5272,21.8735],[84.5388,21.8605],[84.5295,21.842],[84.5287,21.8132],[84.5689,21.7872],[84.5665,21.7752],[84.557,21.7693],[84.5591,21.767],[84.5735,21.7668],[84.5936,21.7577],[84.6137,21.7647],[84.6345,21.7604],[84.6395,21.7661],[84.6548,21.7666],[84.6777,21.7538],[84.6799,21.7345]]]}},{"type":"Feature","properties":{"district_2011":"Sundargarh","state_2011":"Odisha","censuscode_2011":374,"mines":["OD-SUN-07","OD-SUN-44","OD-SUN-60","OD-SUN-64"]},"geometry":{"type":"Polygon","coordinates":[[[84.0095,22.5229],[84.0262,22.5231],[84.0401,22.5141],[84.0646,22.5122],[84.0786,22.4963],[84.1099,22.4834],[84.1131,22.476],[84.1419,22.4731],[84.1428,22.4229],[84.1594,22.4032],[84.1904,22.386],[84.201,22.3742],[84.2534,22.3761],[84.2731,22.3503],[84.2961,22.3398],[84.3308,22.3415],[84.3742,22.3521],[84.4013,22.3464],[84.4259,22.3534],[84.4329,22.3514],[84.4383,22.3626],[84.4337,22.3672],[84.4547,22.3817],[84.4624,22.3778],[84.4844,22.3863],[84.4835,22.4085],[84.5126,22.4188],[84.5278,22.4175],[84.5334,22.4226],[84.5474,22.4232],[84.55,22.4198],[84.6007,22.4314],[84.602,22.4276],[84.6388,22.4313],[84.6683,22.4166],[84.7505,22.4175],[84.7593,22.4447],[84.8144,22.4496],[84.8193,22.4344],[84.8382,22.4327],[84.8391,22.4292],[84.848,22.4376],[84.8619,22.4348],[84.8831,22.446],[84.8886,22.4291],[84.8868,22.4204],[84.9003,22.4209],[84.9229,22.4262],[84.9264,22.4288],[84.9239,22.4372],[84.9538,22.4539],[84.959,22.4556],[84.9611,22.4418],[85.0006,22.4611],[85.038,22.4726],[85.0398,22.4798],[85.0689,22.4813],[85.0797,22.4757],[85.0801,22.4696],[85.0775,22.4588],[85.0635,22.4476],[85.0694,22.439],[85.0701,22.4262],[85.0837,22.4113],[85.0895,22.3815],[85.0805,22.3517],[85.0886,22.3444],[85.0994,22.3442],[85.0944,22.3172],[85.1204,22.3174],[85.1209,22.2937],[85.1117,22.2943],[85.0769,22.2754],[85.0807,22.2542],[85.0745,22.2467],[85.0759,22.2339],[85.0534,22.1891],[85.0542,22.1777],[85.0318,22.1574],[85.0376,22.1407],[85.0302,22.1154],[84.987,22.0947],[84.9863,22.0881],[84.9939,22.0802],[85.0088,22.0834],[85.0264,22.1068],[85.0335,22.1046],[85.0503,22.1141],[85.1018,22.1029],[85.1061,22.0881],[85.1153,22.0836],[85.1252,22.07],[85.1472,22.0771],[85.1619,22.074],[85.1735,22.0523],[85.1771,22.0518],[85.1707,22.0688],[85.1831,22.0703],[85.1898,22.0586],[85.217,22.0468],[85.2209,22.0409],[85.2212,22.0144],[85.2372,22.004],[85.2336,22.0007],[85.2367,21.9967],[85.2749,21.9597],[85.2995,21.9522],[85.3165,21.9582],[85.3475,21.9506],[85.3551,21.9428],[85.3722,21.9373],[85.3773,21.9097],[85.3684,21.8978],[85.367,21.882],[85.3604,21.8788],[85.3603,21.8519],[85.3437,21.8273],[85.3175,21.8187],[85.2974,21.827],[85.2919,21.8368],[85.2857,21.8359],[85.2744,21.8191],[85.2441,21.8036],[85.2309,21.8221],[85.2141,21.7907],[85.2121,21.7754],[85.2046,21.768],[85.2081,21.7501],[85.2156,21.7411],[85.1899,21.7174],[85.187,21.7081],[85.1942,21.6924],[85.1886,21.6789],[85.1942,21.6631],[85.1837,21.6543],[85.184,21.6467],[85.1973,21.6402],[85.1908,21.6349],[85.1915,21.624],[85.1708,21.6223],[85.1505,21.594],[85.1307,21.5977],[85.1079,21.5927],[85.0882,21.6034],[85.052,21.5889],[85.0368,21.6066],[85.0403,21.6219],[85.0304,21.6318],[85.0334,21.6409],[85.0277,21.6715],[85.0004,21.682],[84.9938,21.6775],[84.9874,21.6812],[84.9802,21.6732],[84.9706,21.6809],[84.96,21.6828],[84.9551,21.6647],[84.9426,21.6598],[84.9173,21.6703],[84.9088,21.6689],[84.9019,21.659],[84.8659,21.6523],[84.8594,21.6527],[84.8584,21.6592],[84.8331,21.6592],[84.7932,21.6684],[84.7859,21.6455],[84.7868,21.64],[84.7952,21.6366],[84.7934,21.6318],[84.7826,21.625],[84.7593,21.6247],[84.7556,21.6281],[84.7517,21.6672],[84.7445,21.6665],[84.7491,21.6814],[84.7311,21.6948],[84.7206,21.7149],[84.6979,21.7067],[84.6785,21.7362],[84.681,21.7469],[84.6717,21.7592],[84.646,21.7673],[84.6345,21.7604],[84.6137,21.7647],[84.5936,21.7577],[84.5735,21.7668],[84.5591,21.767],[84.557,21.7693],[84.5665,21.7752],[84.5689,21.7872],[84.5287,21.8132],[84.5295,21.842],[84.5388,21.8605],[84.5272,21.8735],[84.5314,21.8821],[84.5152,21.9],[84.4978,21.9035],[84.4959,21.9075],[84.5002,21.9184],[84.5303,21.9276],[84.522,21.9362],[84.5206,21.9452],[84.5225,21.9562],[84.5301,21.9586],[84.529,21.9736],[84.5188,21.9733],[84.5081,21.9603],[84.5036,21.9703],[84.511,22.0194],[84.5245,22.0312],[84.53,22.0446],[84.5137,22.0532],[84.5097,22.0685],[84.5145,22.0844],[84.5019,22.0873],[84.4969,22.0984],[84.5014,22.106],[84.4966,22.1356],[84.4855,22.1567],[84.4781,22.1886],[84.4211,22.1723],[84.3871,22.1483],[84.3663,22.149],[84.326,22.1244],[84.2993,22.1165],[84.2781,22.1211],[84.2789,22.1078],[84.268,22.1043],[84.2712,22.0925],[84.2666,22.0764],[84.2736,22.0578],[84.2677,22.0426],[84.2693,22.0074],[84.2623,22.0063],[84.2469,21.9827],[84.2332,21.9749],[84.2074,21.9775],[84.1992,21.9868],[84.1718,21.999],[84.1469,21.9987],[84.1281,22.0039],[84.1213,22.0111],[84.1162,22.0091],[84.1101,21.9933],[84.0936,21.999],[84.0904,21.9905],[84.0729,21.9896],[84.0736,21.9822],[84.0861,21.9806],[84.0894,21.967],[84.0889,21.9609],[84.0818,21.9564],[84.0787,21.9372],[84.056,21.9388],[84.0493,21.9484],[84.0293,21.9528],[84.0072,21.9236],[83.981,21.9063],[83.9727,21.9132],[83.9613,21.9413],[83.8968,21.9463],[83.8807,21.9239],[83.8544,21.9227],[83.865,21.9106],[83.8405,21.8949],[83.8349,21.8959],[83.8299,21.878],[83.8224,21.8854],[83.8166,21.8831],[83.8113,21.8612],[83.8144,21.8552],[83.8006,21.8689],[83.7825,21.8563],[83.7458,21.8201],[83.7317,21.795],[83.7219,21.7864],[83.6957,21.7912],[83.6827,21.8064],[83.6432,21.8166],[83.6296,21.8483],[83.613,21.8458],[83.6125,21.8353],[83.5929,21.8256],[83.5848,21.8293],[83.5806,21.8324],[83.593,21.8504],[83.5786,21.8746],[83.5852,21.8825],[83.5838,21.8888],[83.5904,21.8936],[83.5886,21.9001],[83.5998,21.9034],[83.6076,21.9135],[83.5949,21.9287],[83.5605,21.9347],[83.5649,21.9465],[83.5423,21.966],[83.5426,21.9821],[83.5557,22.0091],[83.5411,22.0247],[83.5396,22.0364],[83.5501,22.0617],[83.5581,22.058],[83.5906,22.0573],[83.6074,22.0679],[83.5808,22.0911],[83.5661,22.0978],[83.5663,22.1061],[83.6095,22.1541],[83.6264,22.1985],[83.6529,22.2268],[83.6645,22.227],[83.6799,22.2396],[83.7001,22.2477],[83.7599,22.2451],[83.7639,22.2526],[83.7784,22.2596],[83.7856,22.2767],[83.8007,22.2899],[83.8265,22.2947],[83.8323,22.3218],[83.8501,22.3285],[83.8681,22.3459],[83.879,22.3411],[83.904,22.3419],[83.9226,22.3618],[83.9366,22.3585],[83.9593,22.3634],[83.974,22.3601],[84.0,22.3715],[84.0112,22.3699],[84.0087,22.3826],[84.0214,22.4063],[84.0292,22.4123],[84.031,22.4244],[84.047,22.4351],[84.0486,22.4662],[84.0457,22.471],[84.0287,22.4742],[84.02,22.4873],[83.9831,22.5042],[83.9815,22.516],[83.9871,22.524],[84.0013,22.5308],[84.0095,22.5229]]]}},{"type":"Feature","properties":{"district_2011":"Anugul","state_2011":"Odisha","censuscode_2011":384,"mines":["OD-ANG-10","OD-ANG-19","OD-ANG-39","OD-ANG-45","OD-ANG-47","OD-ANG-56","OD-ANG-57","OD-ANG-59","OD-ANG-61","OD-TLC-05"]},"geometry":{"type":"Polygon","coordinates":[[[85.395,21.1847],[85.3813,21.169],[85.3516,21.1685],[85.3452,21.1705],[85.3411,21.1792],[85.321,21.1603],[85.2914,21.1807],[85.2854,21.1746],[85.2739,21.1739],[85.269,21.1698],[85.2561,21.1334],[85.2444,21.124],[85.2511,21.114],[85.2421,21.101],[85.2335,21.0712],[85.1865,21.0804],[85.1692,21.0575],[85.1733,21.0442],[85.2011,21.0352],[85.2299,21.0167],[85.2568,20.9934],[85.264,20.98],[85.2449,20.9599],[85.2477,20.9297],[85.2426,20.9072],[85.2456,20.8999],[85.2681,20.8906],[85.2496,20.8838],[85.2578,20.8787],[85.2603,20.8684],[85.2544,20.8299],[85.2571,20.7963],[85.2209,20.7927],[85.2181,20.7856],[85.2018,20.7879],[85.1993,20.7833],[85.2082,20.7706],[85.2094,20.7556],[85.2162,20.7491],[85.2069,20.7362],[85.2052,20.7185],[85.199,20.7084],[85.1971,20.6776],[85.1683,20.659],[85.1649,20.6753],[85.1756,20.7005],[85.1592,20.7117],[85.1538,20.7313],[85.1407,20.7293],[85.1355,20.7108],[85.1151,20.6818],[85.137,20.6394],[85.1296,20.6153],[85.12,20.6091],[85.0932,20.6108],[85.0775,20.5812],[85.0708,20.5825],[85.0672,20.577],[85.0579,20.5763],[85.0499,20.5825],[85.0272,20.5874],[84.9924,20.5826],[84.9864,20.5671],[84.9809,20.573],[84.9666,20.5736],[84.9513,20.5807],[84.8981,20.5803],[84.8956,20.5688],[84.8816,20.5579],[84.8682,20.5367],[84.8516,20.5282],[84.8255,20.5602],[84.7943,20.5812],[84.7784,20.602],[84.7343,20.6178],[84.7117,20.6117],[84.6377,20.6248],[84.6062,20.6499],[84.5886,20.6746],[84.5718,20.6873],[84.5358,20.6981],[84.5123,20.7156],[84.4573,20.7434],[84.4265,20.7416],[84.3721,20.7628],[84.3573,20.7815],[84.3612,20.8269],[84.3573,20.8357],[84.3186,20.8629],[84.2676,20.8893],[84.2672,20.905],[84.2735,20.9095],[84.2709,20.9143],[84.2829,20.9271],[84.3045,20.9399],[84.313,20.9366],[84.3186,20.9451],[84.3323,20.9522],[84.3653,20.9591],[84.3726,20.9549],[84.3851,20.9686],[84.4074,20.979],[84.4165,21.0016],[84.436,21.0142],[84.4349,21.0197],[84.4107,21.0307],[84.4304,21.0409],[84.4422,21.0345],[84.4852,21.0825],[84.4967,21.0807],[84.5142,21.0896],[84.5353,21.0886],[84.5558,21.0714],[84.5893,21.0639],[84.631,21.0825],[84.6519,21.0844],[84.6686,21.0699],[84.6833,21.0642],[84.6842,21.0715],[84.6734,21.0792],[84.6708,21.0954],[84.6856,21.149],[84.7018,21.1554],[84.7256,21.1493],[84.7341,21.1647],[84.7454,21.1709],[84.7642,21.1501],[84.8005,21.1335],[84.8067,21.1408],[84.8129,21.1371],[84.8192,21.1452],[84.8107,21.1559],[84.8012,21.159],[84.7998,21.1668],[84.8235,21.1726],[84.8807,21.1651],[84.8864,21.1572],[84.9227,21.1421],[84.9365,21.157],[84.9294,21.1706],[84.933,21.1761],[84.9304,21.181],[84.9344,21.1807],[84.9502,21.1757],[84.9552,21.1696],[84.9526,21.1531],[84.956,21.1485],[84.9631,21.1487],[84.974,21.1611],[84.9661,21.1682],[84.9687,21.1913],[84.9436,21.1972],[84.9308,21.2317],[84.9039,21.2533],[84.9019,21.2592],[84.9216,21.2776],[84.9634,21.2986],[84.9923,21.2884],[85.0078,21.2902],[85.0106,21.2964],[85.0338,21.2912],[85.0375,21.2943],[85.028,21.308],[85.0188,21.3101],[85.0116,21.3255],[85.0147,21.3311],[85.0084,21.3506],[85.0099,21.3733],[84.996,21.4106],[85.0072,21.4429],[85.0212,21.4433],[85.0243,21.4569],[85.0603,21.4424],[85.0775,21.4572],[85.1257,21.4536],[85.1408,21.4622],[85.1478,21.4573],[85.1575,21.4604],[85.1765,21.4829],[85.1852,21.5018],[85.2064,21.5204],[85.2157,21.554],[85.2051,21.5628],[85.2072,21.5667],[85.2012,21.579],[85.1912,21.5874],[85.1629,21.5885],[85.1505,21.594],[85.1708,21.6223],[85.1915,21.624],[85.1908,21.6349],[85.1973,21.6402],[85.184,21.6467],[85.1837,21.6543],[85.1942,21.6631],[85.204,21.6611],[85.2113,21.6748],[85.2512,21.676],[85.2665,21.6402],[85.2656,21.6284],[85.2777,21.6163],[85.2792,21.6081],[85.2863,21.6018],[85.2924,21.6021],[85.2865,21.5927],[85.288,21.587],[85.3051,21.5669],[85.3131,21.5666],[85.3085,21.5555],[85.3029,21.5542],[85.3019,21.5392],[85.3045,21.5317],[85.3175,21.5358],[85.3244,21.5315],[85.3322,21.4928],[85.3334,21.4795],[85.3252,21.4666],[85.3128,21.4601],[85.3088,21.4491],[85.298,21.4459],[85.2867,21.4524],[85.2806,21.4496],[85.2686,21.4549],[85.2594,21.4511],[85.2754,21.427],[85.3054,21.4139],[85.3073,21.3948],[85.3305,21.3828],[85.3438,21.3588],[85.3349,21.3458],[85.3268,21.3195],[85.3159,21.3289],[85.3088,21.318],[85.2974,21.314],[85.2968,21.307],[85.2831,21.299],[85.2748,21.3016],[85.2788,21.2879],[85.2741,21.2751],[85.2874,21.2654],[85.3004,21.2759],[85.3133,21.2638],[85.3427,21.2574],[85.3691,21.2407],[85.3834,21.2158],[85.3833,21.1988],[85.395,21.1847]]]}},{"type":"Feature","properties":{"district_2011":"Koriya","state_2011":"Chhattisgarh","censuscode_2011":400,"mines":["CG-KOR-15","CG-KOR-28","CG-KOR-37","CG-KOR-68"]},"geometry":{"type":"Polygon","coordinates":[[[81.6872,23.9057],[81.6901,23.8878],[81.6947,23.883],[81.7051,23.884],[81.7104,23.8615],[81.7307,23.8571],[81.7268,23.8386],[81.7382,23.8375],[81.7904,23.8101],[81.8011,23.8126],[81.8195,23.8077],[81.8394,23.8196],[81.8607,23.8226],[81.8698,23.8331],[81.9018,23.8423],[81.9242,23.8713],[81.9394,23.8662],[81.94,23.8609],[81.9585,23.8512],[82.0085,23.8615],[82.0194,23.8506],[82.0429,23.841],[82.0399,23.8277],[82.0531,23.819],[82.0858,23.8155],[82.1165,23.8172],[82.1252,23.8216],[82.1418,23.8167],[82.173,23.8193],[82.1813,23.8376],[82.2116,23.8515],[82.2144,23.8396],[82.207,23.8305],[82.2238,23.8195],[82.2339,23.8055],[82.263,23.8205],[82.3028,23.8072],[82.3189,23.8099],[82.336,23.8024],[82.3548,23.8024],[82.3761,23.8098],[82.396,23.8001],[82.4712,23.8097],[82.4995,23.7846],[82.4989,23.7641],[82.5176,23.7564],[82.5383,23.7594],[82.5494,23.7532],[82.5522,23.7399],[82.5793,23.7154],[82.6005,23.6788],[82.6014,23.6588],[82.5933,23.6441],[82.5831,23.6387],[82.5753,23.6208],[82.5846,23.557],[82.5817,23.542],[82.6129,23.5135],[82.6281,23.51],[82.6471,23.4883],[82.6541,23.4613],[82.6566,23.4142],[82.6507,23.3878],[82.681,23.3698],[82.7138,23.3602],[82.7282,23.3637],[82.7451,23.358],[82.7568,23.3379],[82.7597,23.3078],[82.7577,23.2552],[82.7269,23.2317],[82.7132,23.2272],[82.6911,23.2279],[82.6719,23.2099],[82.6539,23.1645],[82.6396,23.1414],[82.6075,23.1422],[82.5811,23.1261],[82.5887,23.0908],[82.5858,23.0844],[82.5727,23.0804],[82.5716,23.0696],[82.5805,23.0529],[82.5819,23.037],[82.6101,23.0047],[82.5807,22.9862],[82.5794,22.9683],[82.5884,22.9483],[82.5864,22.9439],[82.5755,22.9426],[82.5643,22.9555],[82.5759,22.9651],[82.5672,22.9725],[82.5421,22.9744],[82.4849,22.9648],[82.4507,22.9665],[82.4204,22.9738],[82.4114,22.9897],[82.3904,22.9972],[82.3724,22.9969],[82.3503,22.9887],[82.3314,22.9668],[82.2952,22.9602],[82.2603,22.9383],[82.2231,22.9406],[82.2025,22.9498],[82.1797,22.9705],[82.179,22.9895],[82.1864,23.0152],[82.178,23.0404],[82.1631,23.05],[82.1551,23.0671],[82.1234,23.1032],[82.1357,23.1116],[82.1385,23.1284],[82.1586,23.1412],[82.1616,23.1506],[82.1589,23.1599],[82.1448,23.1643],[82.1492,23.1741],[82.1452,23.1875],[82.1542,23.2088],[82.15,23.227],[82.1774,23.2694],[82.1918,23.2745],[82.197,23.2839],[82.1976,23.3108],[82.1919,23.3261],[82.1656,23.3325],[82.1454,23.3609],[82.126,23.3536],[82.1185,23.3549],[82.1121,23.3623],[82.1127,23.3819],[82.1061,23.3967],[82.0927,23.3923],[82.0875,23.3962],[82.0644,23.3925],[82.0533,23.3769],[82.0446,23.3786],[82.037,23.3865],[82.0308,23.3827],[82.0221,23.3869],[82.0275,23.3999],[82.0249,23.407],[82.0308,23.4091],[82.0236,23.4224],[82.0071,23.4117],[81.995,23.4184],[81.9837,23.412],[81.9781,23.4227],[81.9827,23.4307],[81.979,23.4463],[81.9552,23.4704],[81.9566,23.4955],[81.9421,23.5043],[81.9214,23.5324],[81.9076,23.5328],[81.8773,23.5132],[81.8584,23.5151],[81.8348,23.5099],[81.8202,23.5162],[81.8122,23.5444],[81.764,23.551],[81.7556,23.5639],[81.7436,23.5659],[81.7268,23.5545],[81.714,23.5321],[81.7007,23.5218],[81.6748,23.5304],[81.6621,23.53],[81.6612,23.5124],[81.6552,23.5009],[81.6428,23.4968],[81.6358,23.4889],[81.622,23.4962],[81.6128,23.5093],[81.6133,23.5489],[81.5847,23.5532],[81.5773,23.587],[81.5879,23.5951],[81.6024,23.5938],[81.6103,23.5984],[81.6087,23.6122],[81.6171,23.6313],[81.6209,23.6592],[81.6508,23.6586],[81.6571,23.6817],[81.6809,23.6917],[81.695,23.7196],[81.6798,23.7382],[81.686,23.7471],[81.6818,23.7522],[81.6473,23.7693],[81.6502,23.8027],[81.6358,23.8324],[81.6136,23.8362],[81.6051,23.8599],[81.6192,23.865],[81.6226,23.8708],[81.6046,23.887],[81.6111,23.8904],[81.6183,23.9049],[81.637,23.9056],[81.6694,23.9236],[81.6872,23.9057]]]}},{"type":"Feature","properties":{"district_2011":"Surguja","state_2011":"Chhattisgarh","censuscode_2011":401,"mines":["CG-SUR-20","CG-SUR-30"]},"geometry":{"type":"Polygon","coordinates":[[[83.3313,24.1005],[83.3535,24.0963],[83.365,24.1009],[83.391,24.0991],[83.4108,24.0801],[83.4331,24.0831],[83.439,24.0573],[83.4553,24.0419],[83.4866,24.038],[83.5144,24.0277],[83.5242,24.0101],[83.5152,24.0009],[83.5154,23.979],[83.5201,23.9665],[83.5465,23.9331],[83.5449,23.9142],[83.5504,23.8979],[83.5569,23.8925],[83.5777,23.89],[83.5837,23.8841],[83.5806,23.8768],[83.5652,23.8692],[83.5688,23.8627],[83.5887,23.8616],[83.6375,23.8471],[83.6571,23.8479],[83.6638,23.8434],[83.6658,23.8276],[83.6797,23.8199],[83.6895,23.8256],[83.7029,23.8205],[83.7061,23.8163],[83.7031,23.8075],[83.7183,23.7895],[83.7198,23.7723],[83.7369,23.7547],[83.7422,23.7136],[83.7396,23.7047],[83.7225,23.6903],[83.7222,23.6826],[83.7363,23.6675],[83.7584,23.6535],[83.7595,23.6491],[83.7504,23.6406],[83.7552,23.6268],[83.7723,23.6217],[83.7823,23.5997],[83.7935,23.5984],[83.8078,23.5834],[83.8137,23.5826],[83.8183,23.5891],[83.8903,23.5731],[83.8974,23.5763],[83.9426,23.5634],[83.9369,23.594],[83.9389,23.6117],[83.9452,23.6228],[84.0,23.6334],[84.0143,23.6327],[84.0092,23.6208],[84.0296,23.5978],[84.0324,23.5663],[84.0195,23.5087],[84.016,23.5001],[83.9962,23.4823],[83.9864,23.4612],[83.9768,23.456],[83.9867,23.4273],[83.9731,23.3819],[83.9821,23.3655],[84.0137,23.3536],[84.028,23.3762],[84.0506,23.3748],[84.0572,23.3527],[84.0774,23.3308],[84.0671,23.3091],[84.071,23.2931],[84.0576,23.2419],[84.0612,23.2352],[84.0595,23.2174],[84.0655,23.2046],[84.041,23.1689],[84.0208,23.1876],[84.0007,23.1817],[83.97,23.1806],[83.9656,23.1738],[83.9707,23.165],[83.9489,23.163],[83.941,23.147],[83.9314,23.1474],[83.9295,23.1664],[83.9085,23.1818],[83.8954,23.1827],[83.882,23.203],[83.8318,23.2334],[83.8007,23.2395],[83.7912,23.2453],[83.7827,23.2225],[83.7773,23.2212],[83.7503,23.2376],[83.7257,23.2238],[83.7228,23.2073],[83.7183,23.2049],[83.7077,23.2037],[83.7005,23.2185],[83.6876,23.2229],[83.6589,23.2247],[83.6344,23.2156],[83.6261,23.2166],[83.604,23.1811],[83.5772,23.1889],[83.568,23.1732],[83.5552,23.1739],[83.5605,23.1329],[83.5373,23.1176],[83.5238,23.0982],[83.511,23.0885],[83.5035,23.0715],[83.503,23.0635],[83.5078,23.0591],[83.5258,23.0576],[83.5459,23.0408],[83.5512,23.0303],[83.533,22.9994],[83.5158,22.9839],[83.51,22.9636],[83.5118,22.948],[83.5391,22.9163],[83.5729,22.889],[83.5795,22.8728],[83.5998,22.8654],[83.5961,22.8566],[83.6006,22.8509],[83.6198,22.8425],[83.6312,22.8273],[83.6485,22.8226],[83.6599,22.7784],[83.6525,22.764],[83.6563,22.7517],[83.6499,22.7474],[83.6528,22.7392],[83.6344,22.7289],[83.6329,22.714],[83.6388,22.7027],[83.6866,22.6785],[83.6908,22.6634],[83.6884,22.6472],[83.6743,22.6261],[83.663,22.6338],[83.6546,22.6515],[83.6461,22.6587],[83.5751,22.6924],[83.5682,22.6916],[83.5608,22.6998],[83.5353,22.681],[83.5131,22.6754],[83.5074,22.6592],[83.4816,22.6691],[83.4392,22.6746],[83.4297,22.662],[83.4171,22.6595],[83.4172,22.6436],[83.4115,22.6396],[83.406,22.6483],[83.388,22.6578],[83.3832,22.6822],[83.3816,22.6944],[83.3941,22.6943],[83.402,22.7258],[83.398,22.7367],[83.385,22.743],[83.3666,22.7323],[83.3525,22.7332],[83.3423,22.7534],[83.3285,22.7665],[83.3189,22.7604],[83.2537,22.7692],[83.2477,22.7752],[83.2394,22.7753],[83.2372,22.7857],[83.2253,22.7855],[83.2223,22.7907],[83.2009,22.7827],[83.191,22.7861],[83.1655,22.7725],[83.1548,22.7383],[83.122,22.7274],[83.1259,22.7027],[83.1121,22.6852],[83.1144,22.6769],[83.0604,22.6665],[83.0189,22.6398],[83.014,22.6404],[82.9917,22.6625],[82.972,22.6615],[82.9462,22.6743],[82.9262,22.6994],[82.8683,22.7471],[82.8348,22.7433],[82.7779,22.7696],[82.7691,22.7886],[82.7231,22.8299],[82.6967,22.8314],[82.6648,22.8109],[82.6508,22.8096],[82.6067,22.8293],[82.5733,22.8308],[82.5589,22.8479],[82.5596,22.8616],[82.5713,22.8661],[82.5801,22.8941],[82.5918,22.8935],[82.5967,22.8979],[82.5949,22.9043],[82.5794,22.911],[82.5761,22.9167],[82.5755,22.9426],[82.5864,22.9439],[82.5884,22.9483],[82.581,22.9614],[82.5788,22.9806],[82.5859,22.9919],[82.61,23.0031],[82.5819,23.037],[82.5805,23.0529],[82.5716,23.0696],[82.5727,23.0804],[82.5858,23.0844],[82.5887,23.0908],[82.5811,23.1261],[82.6075,23.1422],[82.6396,23.1414],[82.6539,23.1645],[82.6719,23.2099],[82.6911,23.2279],[82.7132,23.2272],[82.7269,23.2317],[82.7577,23.2552],[82.7597,23.3078],[82.7568,23.3379],[82.7451,23.358],[82.7282,23.3637],[82.7138,23.3602],[82.681,23.3698],[82.6507,23.3878],[82.6566,23.4142],[82.6541,23.4613],[82.6471,23.4883],[82.6281,23.51],[82.6129,23.5135],[82.5817,23.542],[82.5846,23.557],[82.5753,23.6208],[82.5831,23.6387],[82.5933,23.6441],[82.6014,23.6588],[82.598,23.686],[82.5793,23.7154],[82.5522,23.7399],[82.5494,23.7532],[82.5383,23.7594],[82.5176,23.7564],[82.4989,23.7641],[82.4995,23.7846],[82.5239,23.7831],[82.5522,23.7931],[82.5486,23.809],[82.5351,23.8229],[82.556,23.8258],[82.5937,23.8218],[82.6136,23.8351],[82.6373,23.8379],[82.6484,23.8569],[82.6597,23.8554],[82.6679,23.8693],[82.6539,23.8876],[82.6643,23.9067],[82.6849,23.9087],[82.7097,23.9238],[82.7559,23.9212],[82.7615,23.9348],[82.7826,23.9375],[82.8064,23.9611],[82.8285,23.9639],[82.8566,23.9458],[82.8707,23.9246],[82.8889,23.9093],[82.9302,23.8918],[82.9408,23.8785],[82.9572,23.8722],[83.0441,23.8823],[83.0687,23.8745],[83.1351,23.8893],[83.1529,23.9092],[83.1973,23.9204],[83.199,23.9319],[83.2095,23.9398],[83.2189,23.9596],[83.2161,23.9721],[83.2233,23.98],[83.2237,23.9886],[83.2446,24.0006],[83.2431,24.0064],[83.2495,24.013],[83.2667,24.0109],[83.2856,24.0237],[83.2895,24.0352],[83.2871,24.0504],[83.2986,24.0733],[83.3206,24.0931],[83.3241,24.106],[83.3313,24.1005]]]}},{"type":"Feature","properties":{"district_2011":"Raigarh","state_2011":"Chhattisgarh","censuscode_2011":403,"mines":["CG-RAI-36","CG-RAI-38"]},"geometry":{"type":"MultiPolygon","coordinates":[[[[83.2253,22.7855],[83.2372,22.7857],[83.2394,22.7753],[83.2477,22.7752],[83.2537,22.7692],[83.3189,22.7604],[83.3285,22.7665],[83.3423,22.7534],[83.3525,22.7332],[83.3666,22.7323],[83.385,22.743],[83.398,22.7367],[83.402,22.7258],[83.3941,22.6943],[83.3816,22.6944],[83.388,22.6578],[83.406,22.6483],[83.4115,22.6396],[83.4172,22.6436],[83.4171,22.6595],[83.4297,22.662],[83.4377,22.672],[83.4416,22.661],[83.4248,22.6327],[83.4042,22.6157],[83.4134,22.603],[83.414,22.5815],[83.4032,22.557],[83.4356,22.5405],[83.4704,22.5063],[83.4967,22.4929],[83.5067,22.5079],[83.5437,22.5163],[83.575,22.5442],[83.5897,22.5406],[83.5962,22.5328],[83.5928,22.5114],[83.5775,22.4718],[83.5854,22.4555],[83.6177,22.4384],[83.6261,22.4251],[83.642,22.4157],[83.6509,22.3949],[83.6581,22.3908],[83.6941,22.3781],[83.7174,22.383],[83.7411,22.3784],[83.768,22.3245],[83.7855,22.3133],[83.797,22.3112],[83.8051,22.2961],[83.7957,22.2824],[83.7856,22.2767],[83.7784,22.2596],[83.7639,22.2526],[83.7599,22.2451],[83.7001,22.2477],[83.6799,22.2396],[83.6645,22.227],[83.6529,22.2268],[83.6264,22.1985],[83.6095,22.1541],[83.5644,22.1023],[83.6074,22.0679],[83.5906,22.0573],[83.5581,22.058],[83.5501,22.0617],[83.5396,22.0364],[83.5411,22.0247],[83.5557,22.0091],[83.5426,21.9821],[83.5423,21.966],[83.5649,21.9465],[83.5605,21.9347],[83.5949,21.9287],[83.6076,21.9135],[83.5998,21.9034],[83.5886,21.9001],[83.5904,21.8936],[83.5838,21.8888],[83.5852,21.8825],[83.5786,21.8746],[83.5912,21.8555],[83.5916,21.8463],[83.5806,21.8324],[83.5557,21.8379],[83.5384,21.8346],[83.5348,21.8257],[83.5435,21.8211],[83.5437,21.7967],[83.5293,21.7969],[83.5133,21.8031],[83.4981,21.8172],[83.4912,21.7971],[83.4743,21.7855],[83.4831,21.7765],[83.485,21.7674],[83.481,21.7524],[83.4913,21.7444],[83.4635,21.6972],[83.4569,21.6938],[83.4351,21.6952],[83.4283,21.6894],[83.4269,21.6779],[83.4479,21.6581],[83.4902,21.6426],[83.4917,21.6286],[83.477,21.6298],[83.4701,21.6085],[83.4599,21.6082],[83.4559,21.6112],[83.4571,21.62],[83.4485,21.6211],[83.4485,21.6354],[83.4547,21.6475],[83.4484,21.6522],[83.4158,21.6371],[83.3879,21.6157],[83.3754,21.6],[83.3695,21.5755],[83.373,21.5527],[83.3614,21.5384],[83.3531,21.5113],[83.3418,21.4986],[83.3493,21.4885],[83.3575,21.4472],[83.3773,21.4393],[83.3886,21.4129],[83.401,21.4028],[83.4037,21.3756],[83.4004,21.3686],[83.4116,21.3585],[83.4098,21.3518],[83.3952,21.3424],[83.3265,21.3615],[83.2886,21.3784],[83.2729,21.3769],[83.248,21.3825],[83.2288,21.3803],[83.2228,21.3905],[83.2113,21.3965],[83.2059,21.397],[83.193,21.3811],[83.1939,21.3927],[83.1836,21.3996],[83.1485,21.3635],[83.1336,21.3793],[83.1335,21.3974],[83.1225,21.4004],[83.1183,21.4075],[83.1175,21.413],[83.1273,21.4183],[83.111,21.4269],[83.0657,21.4326],[83.0542,21.4414],[83.0549,21.4652],[83.0484,21.4795],[83.0191,21.4866],[83.0171,21.4696],[83.0,21.4576],[82.9813,21.4737],[82.968,21.4709],[82.9576,21.4913],[82.9346,21.4944],[82.9266,21.5429],[82.927,21.5513],[82.9441,21.5683],[82.9455,21.5783],[82.9838,21.6358],[82.9813,21.6571],[82.9689,21.6865],[82.9542,21.6864],[82.9513,21.7218],[82.9728,21.7204],[83.0042,21.7333],[83.028,21.7373],[83.0891,21.7139],[83.1224,21.7193],[83.1695,21.7154],[83.2374,21.7011],[83.3059,21.679],[83.3196,21.6806],[83.3208,21.6905],[83.3127,21.7013],[83.2779,21.7076],[83.2615,21.7245],[83.2698,21.7352],[83.2616,21.7484],[83.2507,21.7511],[83.2409,21.7748],[83.2401,21.7899],[83.2259,21.793],[83.2102,21.8118],[83.214,21.8254],[83.2246,21.8333],[83.1841,21.8452],[83.1867,21.857],[83.2061,21.8646],[83.2088,21.879],[83.2194,21.8832],[83.2178,21.9028],[83.1921,21.9221],[83.1837,21.9224],[83.1748,21.9146],[83.1627,21.917],[83.1519,21.9115],[83.1421,21.9185],[83.1398,21.926],[83.1225,21.9276],[83.0936,21.9726],[83.0654,21.973],[83.0616,21.9664],[83.0378,21.9632],[83.0225,21.9672],[83.0053,21.9655],[83.0042,21.9866],[83.0134,21.9865],[83.0222,21.9996],[83.0502,22.0034],[83.0244,22.0078],[83.0192,22.0218],[83.008,22.0281],[83.0332,22.0545],[83.0303,22.0584],[83.0157,22.055],[83.015,22.0738],[82.9684,22.0988],[82.9409,22.1221],[82.9398,22.1286],[82.9468,22.1455],[82.9619,22.1441],[82.9689,22.1624],[83.0305,22.169],[83.0426,22.1909],[83.053,22.1989],[83.0508,22.2275],[83.036,22.2451],[83.0617,22.262],[83.0543,22.2746],[83.0552,22.284],[83.0828,22.3138],[83.0836,22.3346],[83.0898,22.3474],[83.1109,22.3647],[83.1041,22.3824],[83.1112,22.3881],[83.1117,22.4169],[83.1161,22.4202],[83.0956,22.4306],[83.0929,22.4482],[83.0975,22.4582],[83.089,22.4737],[83.0941,22.4944],[83.1089,22.5111],[83.1088,22.5382],[83.0942,22.5757],[83.1007,22.606],[83.0992,22.6323],[83.1245,22.6514],[83.121,22.6698],[83.1122,22.682],[83.1259,22.7027],[83.1202,22.723],[83.1258,22.7298],[83.1548,22.7383],[83.1655,22.7725],[83.191,22.7861],[83.2009,22.7827],[83.2223,22.7907],[83.2253,22.7855]]],[[[83.0208,22.2348],[82.9894,22.2344],[82.9865,22.2403],[83.0065,22.2563],[83.0216,22.2394],[83.0208,22.2348]]]]}},{"type":"Feature","properties":{"district_2011":"Korba","state_2011":"Chhattisgarh","censuscode_2011":404,"mines":["CG-KOR-31","CG-KOR-32","CG-KRB-03"]},"geometry":{"type":"Polygon","coordinates":[[[82.2643,22.2934],[82.2738,22.3214],[82.2682,22.3346],[82.2409,22.3336],[82.2333,22.3295],[82.2176,22.3373],[82.2085,22.3157],[82.2022,22.313],[82.188,22.3183],[82.1813,22.3257],[82.1698,22.3237],[82.1647,22.3285],[82.1404,22.3309],[82.1553,22.3494],[82.1564,22.3747],[82.1513,22.3836],[82.1681,22.3847],[82.1698,22.3978],[82.1841,22.4118],[82.168,22.4431],[82.1527,22.4473],[82.1439,22.4571],[82.1473,22.486],[82.161,22.5003],[82.1668,22.5301],[82.1566,22.5419],[82.1783,22.5564],[82.2094,22.5953],[82.2355,22.5923],[82.242,22.619],[82.2394,22.6319],[82.2439,22.6557],[82.2067,22.6596],[82.1924,22.6698],[82.1764,22.6675],[82.1757,22.6934],[82.1696,22.6991],[82.1666,22.7278],[82.1524,22.7441],[82.1621,22.8106],[82.1566,22.8191],[82.1579,22.8379],[82.1493,22.8422],[82.2095,22.9101],[82.2241,22.9405],[82.2603,22.9383],[82.2952,22.9602],[82.3314,22.9668],[82.3503,22.9887],[82.3724,22.9969],[82.4077,22.9922],[82.4204,22.9738],[82.4507,22.9665],[82.4849,22.9648],[82.5421,22.9744],[82.5672,22.9725],[82.5759,22.9651],[82.5643,22.9555],[82.574,22.9481],[82.5781,22.9365],[82.577,22.9136],[82.5949,22.9043],[82.5967,22.8979],[82.5918,22.8935],[82.5801,22.8941],[82.5713,22.8661],[82.5596,22.8616],[82.5604,22.8441],[82.5733,22.8308],[82.6067,22.8293],[82.6457,22.8111],[82.6583,22.8093],[82.6967,22.8314],[82.7231,22.8299],[82.7691,22.7886],[82.7779,22.7696],[82.8348,22.7433],[82.8683,22.7471],[82.9262,22.6994],[82.9462,22.6743],[82.972,22.6615],[82.9917,22.6625],[83.014,22.6404],[83.0703,22.6698],[83.1144,22.6769],[83.121,22.6698],[83.1245,22.6514],[83.1015,22.6352],[83.0977,22.6232],[83.1007,22.606],[83.0942,22.5757],[83.1088,22.5382],[83.1089,22.5111],[83.0941,22.4944],[83.089,22.4737],[83.0975,22.4582],[83.0929,22.4482],[83.0956,22.4306],[83.1161,22.4202],[83.1117,22.4169],[83.1112,22.3881],[83.1041,22.3824],[83.1109,22.3647],[83.0898,22.3474],[83.0836,22.3346],[83.0828,22.3138],[83.0552,22.284],[83.0543,22.2746],[83.0617,22.262],[83.036,22.2451],[83.0508,22.2275],[83.053,22.1989],[83.0426,22.1909],[83.0305,22.169],[82.9689,22.1624],[82.9619,22.1441],[82.9468,22.1455],[82.9409,22.122],[82.9285,22.123],[82.9067,22.137],[82.8922,22.1626],[82.8716,22.1715],[82.8591,22.1691],[82.8502,22.1564],[82.8233,22.1557],[82.8101,22.1453],[82.7975,22.1421],[82.8006,22.1329],[82.762,22.1192],[82.7559,22.1095],[82.7577,22.0999],[82.7474,22.0942],[82.7435,22.0971],[82.7375,22.0874],[82.7307,22.0863],[82.7422,22.0435],[82.7373,22.0376],[82.7274,22.0386],[82.7126,22.0498],[82.6999,22.0882],[82.6862,22.0893],[82.6785,22.0805],[82.6731,22.0812],[82.6647,22.0915],[82.6494,22.0992],[82.6365,22.1237],[82.6363,22.1345],[82.652,22.1621],[82.6601,22.1884],[82.6454,22.2118],[82.6443,22.2378],[82.625,22.2527],[82.5941,22.2587],[82.5906,22.2427],[82.5786,22.2223],[82.5492,22.2084],[82.5388,22.2114],[82.5354,22.2299],[82.5205,22.2524],[82.4967,22.2467],[82.4776,22.2238],[82.4629,22.2137],[82.4399,22.2255],[82.4252,22.2473],[82.3973,22.2622],[82.4202,22.2825],[82.4078,22.2988],[82.4001,22.3038],[82.3799,22.3014],[82.3731,22.3151],[82.3562,22.3244],[82.3288,22.3227],[82.2968,22.2857],[82.2643,22.2934]],[[83.0065,22.2563],[82.9865,22.2403],[82.9894,22.2344],[83.0208,22.2348],[83.0216,22.2394],[83.0065,22.2563]]]}},{"type":"Feature","properties":{"district_2011":"Umaria","state_2011":"Madhya Pradesh","censuscode_2011":431,"mines":["MP-UMA-50"]},"geometry":{"type":"Polygon","coordinates":[[[81.0025,24.0708],[81.0608,24.0003],[81.0699,23.9659],[81.0797,23.962],[81.1276,23.9691],[81.1316,23.9596],[81.1284,23.9461],[81.1408,23.9248],[81.146,23.9218],[81.1639,23.925],[81.1773,23.913],[81.177,23.906],[81.1621,23.8964],[81.1646,23.8874],[81.1746,23.8784],[81.2002,23.8843],[81.2097,23.8811],[81.2237,23.8546],[81.2579,23.8538],[81.2693,23.8388],[81.2672,23.8308],[81.2277,23.8217],[81.1924,23.8205],[81.1823,23.8058],[81.1821,23.7956],[81.2054,23.7671],[81.2141,23.745],[81.2425,23.7337],[81.2475,23.7246],[81.2475,23.6947],[81.2336,23.6848],[81.2289,23.6748],[81.2422,23.6602],[81.2381,23.6326],[81.251,23.5996],[81.2512,23.579],[81.272,23.5705],[81.2861,23.5716],[81.2988,23.5618],[81.3005,23.5576],[81.2933,23.5464],[81.2983,23.5343],[81.2933,23.4961],[81.3052,23.453],[81.302,23.4468],[81.3146,23.4302],[81.3097,23.4234],[81.3361,23.4109],[81.3276,23.4023],[81.3348,23.3998],[81.3407,23.3871],[81.3334,23.3709],[81.3435,23.3585],[81.3534,23.354],[81.3462,23.3427],[81.3483,23.3288],[81.3405,23.3211],[81.3409,23.3074],[81.3343,23.2967],[81.3232,23.2956],[81.3132,23.2884],[81.3076,23.2912],[81.2999,23.2859],[81.2869,23.2674],[81.2832,23.229],[81.2645,23.22],[81.2573,23.2088],[81.2383,23.218],[81.2256,23.2354],[81.232,23.2469],[81.2302,23.2558],[81.203,23.2785],[81.1979,23.2895],[81.1851,23.2854],[81.1677,23.2981],[81.1807,23.317],[81.1797,23.3253],[81.1695,23.3309],[81.165,23.3317],[81.1617,23.3182],[81.1378,23.3199],[81.1405,23.2751],[81.1353,23.2298],[81.1069,23.2032],[81.0678,23.1944],[81.0574,23.2069],[81.0336,23.207],[81.0198,23.2226],[80.9947,23.2323],[80.9967,23.242],[80.9823,23.2477],[80.9624,23.264],[80.9596,23.2757],[80.9418,23.2889],[80.9281,23.2855],[80.9152,23.259],[80.8718,23.2369],[80.8626,23.2218],[80.8539,23.2202],[80.8344,23.2305],[80.8338,23.2404],[80.8154,23.2442],[80.8132,23.2528],[80.8083,23.2528],[80.7934,23.2499],[80.7891,23.2226],[80.7773,23.2168],[80.7627,23.2196],[80.7429,23.2343],[80.7447,23.252],[80.7361,23.2616],[80.7249,23.2629],[80.7172,23.2805],[80.7266,23.294],[80.7357,23.2945],[80.7258,23.3029],[80.7549,23.32],[80.7535,23.3302],[80.76,23.3417],[80.7571,23.344],[80.7403,23.3433],[80.7356,23.3521],[80.7115,23.3613],[80.7017,23.3709],[80.6747,23.3624],[80.6309,23.3603],[80.5943,23.347],[80.5405,23.3567],[80.5419,23.364],[80.5577,23.3774],[80.5447,23.3879],[80.5414,23.3975],[80.5332,23.4014],[80.5309,23.416],[80.5418,23.4365],[80.5577,23.4366],[80.5607,23.4406],[80.5653,23.4676],[80.5459,23.4928],[80.5471,23.5148],[80.5537,23.5303],[80.5511,23.5433],[80.5588,23.5499],[80.5623,23.5656],[80.5789,23.5753],[80.5973,23.5758],[80.6035,23.5883],[80.6125,23.5861],[80.6226,23.5925],[80.6213,23.6123],[80.6498,23.6339],[80.6435,23.6487],[80.6597,23.6564],[80.6699,23.6692],[80.6702,23.6923],[80.6837,23.7246],[80.6895,23.7344],[80.7071,23.736],[80.7104,23.7608],[80.721,23.7519],[80.7305,23.7291],[80.7398,23.7275],[80.7557,23.7134],[80.7698,23.7102],[80.778,23.7048],[80.7772,23.6987],[80.7902,23.6978],[80.8136,23.6819],[80.8216,23.6693],[80.8562,23.6715],[80.8809,23.6783],[80.8945,23.6753],[80.9042,23.6821],[80.9063,23.7014],[80.892,23.7659],[80.9077,23.771],[80.9133,23.7866],[80.9062,23.7987],[80.9057,23.8155],[80.8945,23.8321],[80.8946,23.8607],[80.8624,23.8782],[80.8668,23.8905],[80.8775,23.8986],[80.8759,23.9036],[80.8426,23.9075],[80.8356,23.9532],[80.8466,23.9681],[80.8689,23.9655],[80.8769,23.9688],[80.8786,23.9762],[80.8743,23.9829],[80.9106,24.0286],[80.9055,24.0386],[80.9389,24.0462],[80.9379,24.0518],[80.9304,24.0498],[80.9312,24.058],[80.9619,24.0672],[80.9736,24.0664],[80.9951,24.0914],[81.0117,24.0925],[81.0023,24.0851],[81.0025,24.0708]]]}},{"type":"Feature","properties":{"district_2011":"Chhindwara","state_2011":"Madhya Pradesh","censuscode_2011":455,"mines":["MP-CHH-55"]},"geometry":{"type":"Polygon","coordinates":[[[79.3256,22.6156],[79.3266,22.612],[79.3441,22.6156],[79.3674,22.6062],[79.3743,22.5991],[79.3571,22.5898],[79.3506,22.5727],[79.3438,22.5777],[79.3422,22.5671],[79.3349,22.5677],[79.339,22.5544],[79.3309,22.5522],[79.3212,22.539],[79.3209,22.5283],[79.331,22.5226],[79.3313,22.508],[79.3428,22.5059],[79.3451,22.4856],[79.3216,22.4794],[79.2993,22.4827],[79.2664,22.4745],[79.2375,22.4733],[79.2225,22.4529],[79.1997,22.4479],[79.2045,22.4304],[79.2246,22.4236],[79.2288,22.4243],[79.2368,22.4467],[79.2531,22.4468],[79.2662,22.4533],[79.3024,22.4418],[79.3155,22.444],[79.3241,22.4334],[79.3283,22.4342],[79.33,22.4453],[79.3353,22.4429],[79.337,22.423],[79.3213,22.4158],[79.299,22.4146],[79.2853,22.3752],[79.2926,22.3756],[79.3184,22.393],[79.3236,22.3834],[79.3441,22.3844],[79.354,22.3495],[79.3324,22.3463],[79.3242,22.3392],[79.3061,22.3344],[79.2882,22.3228],[79.287,22.3145],[79.2952,22.3173],[79.3015,22.3034],[79.2968,22.2984],[79.3052,22.2898],[79.3316,22.2801],[79.3438,22.2848],[79.3499,22.2699],[79.3638,22.2636],[79.3664,22.2211],[79.3497,22.226],[79.3435,22.2377],[79.3365,22.2403],[79.3305,22.2393],[79.3258,22.2244],[79.3388,22.1957],[79.3432,22.1594],[79.3563,22.1327],[79.3932,22.1021],[79.3805,22.0928],[79.3777,22.0837],[79.3886,22.0632],[79.3901,22.0425],[79.4087,22.0404],[79.3989,22.0163],[79.4031,22.0007],[79.3972,21.9911],[79.3762,21.9915],[79.3744,21.9715],[79.3561,21.9647],[79.3424,21.9522],[79.3413,21.9487],[79.3505,21.9421],[79.3486,21.9238],[79.3283,21.9179],[79.3249,21.9053],[79.3088,21.8886],[79.2981,21.8608],[79.2775,21.8346],[79.2941,21.8096],[79.2837,21.7892],[79.2858,21.7782],[79.2767,21.7732],[79.259,21.7779],[79.2439,21.7623],[79.2295,21.755],[79.2249,21.7184],[79.2339,21.7206],[79.2406,21.7139],[79.2277,21.6993],[79.224,21.68],[79.2342,21.6702],[79.2327,21.6565],[79.2224,21.649],[79.1536,21.6593],[79.1468,21.6383],[79.1334,21.6268],[79.1048,21.6177],[79.1098,21.6081],[79.0937,21.598],[79.0817,21.6064],[79.0151,21.6002],[79.0,21.6174],[78.9803,21.6162],[78.9458,21.5924],[78.9187,21.591],[78.9171,21.5696],[78.9339,21.5631],[78.9333,21.559],[78.9182,21.5618],[78.9099,21.5535],[78.93,21.5374],[78.9289,21.5225],[78.9461,21.5125],[78.9373,21.4862],[78.926,21.4864],[78.9012,21.4993],[78.8959,21.497],[78.8908,21.4843],[78.8853,21.4837],[78.8569,21.4944],[78.8495,21.4887],[78.7899,21.4878],[78.7775,21.4658],[78.7696,21.473],[78.7663,21.4884],[78.7517,21.4925],[78.7441,21.4716],[78.7349,21.47],[78.7294,21.463],[78.7009,21.473],[78.7014,21.476],[78.6896,21.4766],[78.6892,21.4806],[78.6642,21.4775],[78.6425,21.4828],[78.626,21.4761],[78.6104,21.4869],[78.6037,21.4834],[78.5899,21.4854],[78.5703,21.5045],[78.5716,21.5142],[78.5135,21.5268],[78.4957,21.5164],[78.4853,21.5046],[78.4612,21.5029],[78.4566,21.4957],[78.4434,21.5022],[78.4349,21.5002],[78.437,21.5183],[78.4254,21.5471],[78.4271,21.562],[78.4183,21.576],[78.4274,21.6002],[78.3805,21.6157],[78.3768,21.609],[78.3824,21.5939],[78.3708,21.5802],[78.3594,21.5752],[78.3468,21.5811],[78.3415,21.5887],[78.3438,21.6063],[78.3505,21.6279],[78.3673,21.6202],[78.3807,21.6386],[78.3947,21.6394],[78.3986,21.6463],[78.3928,21.6522],[78.3901,21.666],[78.3993,21.6802],[78.4157,21.6833],[78.4219,21.6907],[78.4289,21.7028],[78.4296,21.7182],[78.4585,21.7179],[78.4671,21.7421],[78.4615,21.7597],[78.4645,21.7656],[78.4714,21.7644],[78.4733,21.7851],[78.4915,21.7858],[78.4988,21.7921],[78.4696,21.8152],[78.4774,21.8244],[78.495,21.8319],[78.5259,21.8367],[78.5337,21.8493],[78.5413,21.8531],[78.5409,21.8645],[78.5467,21.867],[78.5394,21.8995],[78.5419,21.9081],[78.5208,21.9092],[78.518,21.9329],[78.4909,21.9406],[78.4674,21.9614],[78.4537,21.9542],[78.4453,21.9603],[78.4348,21.9522],[78.4197,21.9546],[78.4107,21.9381],[78.3989,21.9402],[78.3976,21.9268],[78.3901,21.9264],[78.3855,21.9413],[78.3872,21.9638],[78.4037,21.9911],[78.4022,22.0051],[78.3742,22.035],[78.3587,22.0384],[78.3543,22.0507],[78.3472,22.0547],[78.3469,22.0784],[78.3403,22.0925],[78.3451,22.1102],[78.3009,22.0931],[78.2782,22.0913],[78.2771,22.1308],[78.2703,22.1423],[78.2719,22.1544],[78.2642,22.1923],[78.2673,22.2223],[78.295,22.2532],[78.2877,22.2635],[78.2665,22.2669],[78.2598,22.3012],[78.249,22.3229],[78.2831,22.3523],[78.281,22.3916],[78.2732,22.4021],[78.2775,22.4095],[78.287,22.4164],[78.3086,22.4159],[78.3211,22.4243],[78.3797,22.4193],[78.3952,22.4123],[78.4252,22.3833],[78.4612,22.3799],[78.4874,22.3865],[78.5032,22.4016],[78.5165,22.4058],[78.5276,22.4185],[78.5398,22.4165],[78.5614,22.4232],[78.5511,22.4571],[78.5397,22.4614],[78.5307,22.4584],[78.5294,22.468],[78.5145,22.4799],[78.5206,22.4912],[78.5413,22.5029],[78.5484,22.5321],[78.5447,22.5424],[78.5282,22.5573],[78.5002,22.5958],[78.5007,22.6373],[78.5058,22.6499],[78.5228,22.6642],[78.544,22.6579],[78.5837,22.6613],[78.602,22.651],[78.6112,22.6503],[78.6276,22.6779],[78.6798,22.6994],[78.6867,22.6565],[78.7172,22.6509],[78.7361,22.6267],[78.7602,22.6215],[78.784,22.6291],[78.7799,22.6479],[78.8187,22.6555],[78.832,22.6639],[78.8408,22.6825],[78.8486,22.6843],[78.9109,22.673],[78.9184,22.6658],[78.9212,22.6461],[78.9446,22.6269],[78.9633,22.6198],[78.9726,22.6227],[78.9942,22.6182],[79.0106,22.6289],[79.0075,22.6443],[79.0189,22.6485],[79.0131,22.6573],[79.0182,22.6682],[79.0124,22.681],[79.0174,22.6849],[79.0061,22.6904],[79.0251,22.7025],[79.0271,22.7082],[79.0143,22.7167],[79.0133,22.726],[79.0276,22.7295],[79.0165,22.7342],[79.0171,22.7394],[79.0447,22.7588],[79.0622,22.7574],[79.0767,22.7437],[79.088,22.7434],[79.0997,22.7576],[79.1222,22.7653],[79.1289,22.782],[79.1375,22.7881],[79.1657,22.7917],[79.1781,22.786],[79.193,22.7963],[79.1937,22.8051],[79.2295,22.815],[79.2409,22.799],[79.2459,22.7517],[79.262,22.7395],[79.2609,22.7336],[79.2443,22.7181],[79.2555,22.7066],[79.2658,22.6856],[79.2806,22.6931],[79.2963,22.681],[79.287,22.669],[79.2846,22.654],[79.2887,22.6466],[79.3054,22.6455],[79.2989,22.6181],[79.3256,22.6156]]]}},{"type":"Feature","properties":{"district_2011":"Shahdol","state_2011":"Madhya Pradesh","censuscode_2011":460,"mines":["MP-SHA-52"]},"geometry":{"type":"MultiPolygon","coordinates":[[[[81.4692,24.2689],[81.4825,24.2365],[81.4835,24.2005],[81.4715,24.1863],[81.4724,24.1768],[81.4802,24.1671],[81.4965,24.1673],[81.5027,24.1613],[81.4863,24.148],[81.5104,24.1145],[81.5101,24.0861],[81.5228,24.0781],[81.5465,24.087],[81.5596,24.0762],[81.5577,24.0708],[81.5356,24.0676],[81.5197,24.0444],[81.5069,24.0402],[81.4865,24.0422],[81.4833,24.0342],[81.5134,24.0213],[81.5033,24.0007],[81.5089,23.9805],[81.5367,23.9821],[81.5551,23.9606],[81.5549,23.9539],[81.5402,23.9452],[81.5454,23.9122],[81.5538,23.9098],[81.5643,23.9134],[81.5736,23.9084],[81.6226,23.8708],[81.6192,23.865],[81.6051,23.8599],[81.6136,23.8362],[81.6358,23.8324],[81.6513,23.797],[81.6473,23.7693],[81.6818,23.7522],[81.686,23.7471],[81.6798,23.7382],[81.695,23.7196],[81.6809,23.6917],[81.6571,23.6817],[81.6508,23.6586],[81.6209,23.6592],[81.6171,23.6313],[81.6087,23.6122],[81.6103,23.5984],[81.6024,23.5938],[81.5879,23.5951],[81.5773,23.587],[81.5847,23.5532],[81.6133,23.5489],[81.6128,23.5093],[81.6248,23.4933],[81.6358,23.4889],[81.6428,23.4968],[81.6552,23.5009],[81.6612,23.5124],[81.6621,23.53],[81.6748,23.5304],[81.7007,23.5218],[81.714,23.5321],[81.7268,23.5545],[81.7436,23.5659],[81.7556,23.5639],[81.764,23.551],[81.8122,23.5444],[81.8202,23.5162],[81.8348,23.5099],[81.8584,23.5151],[81.8773,23.5132],[81.9076,23.5328],[81.9214,23.5324],[81.9421,23.5043],[81.9566,23.4955],[81.9552,23.4704],[81.979,23.4463],[81.9827,23.4307],[81.9743,23.4007],[81.9793,23.3957],[81.9703,23.3706],[81.9633,23.3687],[81.9431,23.3863],[81.9315,23.3645],[81.9337,23.3501],[81.903,23.3351],[81.8764,23.2973],[81.8553,23.3186],[81.8365,23.3086],[81.8204,23.3072],[81.8219,23.2953],[81.8357,23.3001],[81.8642,23.2762],[81.8773,23.262],[81.879,23.2578],[81.8748,23.2546],[81.8832,23.2387],[81.8717,23.2388],[81.8285,23.257],[81.7957,23.2599],[81.7682,23.2455],[81.7677,23.2315],[81.7581,23.2136],[81.7439,23.2141],[81.7199,23.2032],[81.6733,23.2132],[81.6555,23.195],[81.6139,23.1969],[81.6176,23.2114],[81.6328,23.2229],[81.6317,23.2297],[81.6102,23.2242],[81.5911,23.2265],[81.5696,23.2128],[81.5731,23.2083],[81.5882,23.2056],[81.6021,23.1928],[81.5926,23.1799],[81.5973,23.1703],[81.5692,23.1489],[81.5603,23.1486],[81.5645,23.134],[81.555,23.1235],[81.5446,23.1255],[81.5385,23.1175],[81.5514,23.1044],[81.5539,23.0895],[81.5774,23.0831],[81.5929,23.0713],[81.6118,23.0716],[81.6172,23.0631],[81.6094,23.0372],[81.5763,23.0333],[81.5569,23.0213],[81.545,23.0278],[81.5493,23.0417],[81.5329,23.0463],[81.5289,23.0517],[81.5408,23.0622],[81.5494,23.0591],[81.5518,23.0619],[81.5376,23.075],[81.5201,23.0814],[81.4991,23.0695],[81.4416,23.0569],[81.3911,23.0614],[81.3793,23.0711],[81.3758,23.0838],[81.369,23.0892],[81.3197,23.1029],[81.3246,23.1328],[81.3327,23.1472],[81.305,23.1532],[81.3123,23.1577],[81.3003,23.1624],[81.2985,23.177],[81.2694,23.1881],[81.2573,23.2088],[81.2645,23.22],[81.2832,23.229],[81.2869,23.2674],[81.2999,23.2859],[81.3076,23.2912],[81.3132,23.2884],[81.3232,23.2956],[81.3343,23.2967],[81.3409,23.3074],[81.3405,23.3211],[81.3483,23.3288],[81.3462,23.3427],[81.3534,23.354],[81.3435,23.3585],[81.3334,23.3709],[81.3407,23.3871],[81.3348,23.3998],[81.3276,23.4023],[81.3361,23.4109],[81.3097,23.4234],[81.3146,23.4302],[81.302,23.4468],[81.3052,23.453],[81.2933,23.4961],[81.2983,23.5343],[81.2933,23.5464],[81.3005,23.5576],[81.2988,23.5618],[81.2861,23.5716],[81.272,23.5705],[81.2512,23.579],[81.251,23.5996],[81.2381,23.6326],[81.2422,23.6602],[81.2289,23.6748],[81.2336,23.6848],[81.2475,23.6947],[81.2475,23.7246],[81.2425,23.7337],[81.2141,23.745],[81.2054,23.7671],[81.1821,23.7956],[81.1823,23.8058],[81.1924,23.8205],[81.2277,23.8217],[81.2672,23.8308],[81.2693,23.8388],[81.2579,23.8538],[81.2237,23.8546],[81.2097,23.8811],[81.2002,23.8843],[81.1746,23.8784],[81.1646,23.8874],[81.1621,23.8964],[81.177,23.906],[81.1773,23.913],[81.1639,23.925],[81.146,23.9218],[81.1408,23.9248],[81.1284,23.9461],[81.1316,23.9596],[81.1276,23.9691],[81.0797,23.962],[81.0699,23.9659],[81.0608,24.0003],[81.0025,24.0708],[81.0013,24.0814],[81.0117,24.0925],[81.0268,24.0993],[81.1284,24.1343],[81.1585,24.1364],[81.1844,24.1133],[81.2013,24.1098],[81.2272,24.1294],[81.2251,24.1529],[81.2487,24.1616],[81.2794,24.1867],[81.3159,24.1912],[81.3392,24.1888],[81.3608,24.1981],[81.3733,24.2147],[81.3831,24.2558],[81.3908,24.2649],[81.4448,24.2592],[81.4583,24.2686],[81.453,24.2771],[81.4574,24.2823],[81.4692,24.2689]]],[[[81.1392,23.2423],[81.1378,23.2351],[81.1387,23.24],[81.1392,23.2423]]]]}},{"type":"Feature","properties":{"district_2011":"Anuppur","state_2011":"Madhya Pradesh","censuscode_2011":461,"mines":["MP-ANU-53","MP-ANU-66","MP-ANU-73","MP-ANU-74"]},"geometry":{"type":"Polygon","coordinates":[[[81.1979,23.2895],[81.203,23.2785],[81.2302,23.2558],[81.232,23.2469],[81.2256,23.2354],[81.2383,23.218],[81.2522,23.2139],[81.2694,23.1881],[81.2985,23.177],[81.3003,23.1624],[81.3123,23.1577],[81.305,23.1532],[81.3327,23.1472],[81.3246,23.1328],[81.3197,23.1029],[81.369,23.0892],[81.3758,23.0838],[81.3793,23.0711],[81.3911,23.0614],[81.4416,23.0569],[81.4991,23.0695],[81.5201,23.0814],[81.5376,23.075],[81.5518,23.0619],[81.5494,23.0591],[81.5408,23.0622],[81.5289,23.0517],[81.5329,23.0463],[81.5493,23.0417],[81.545,23.0278],[81.5569,23.0213],[81.5763,23.0333],[81.6094,23.0372],[81.6172,23.0631],[81.6118,23.0716],[81.5929,23.0713],[81.5774,23.0831],[81.5539,23.0895],[81.5514,23.1044],[81.5385,23.1175],[81.5446,23.1255],[81.555,23.1235],[81.5645,23.134],[81.5603,23.1486],[81.5692,23.1489],[81.5973,23.1703],[81.5926,23.1799],[81.6021,23.1928],[81.5882,23.2056],[81.5731,23.2083],[81.5696,23.2128],[81.5911,23.2265],[81.6102,23.2242],[81.6317,23.2297],[81.6328,23.2229],[81.6176,23.2114],[81.6139,23.1969],[81.6555,23.195],[81.6733,23.2132],[81.7199,23.2032],[81.7439,23.2141],[81.7581,23.2136],[81.7677,23.2315],[81.7682,23.2455],[81.7957,23.2599],[81.8285,23.257],[81.8717,23.2388],[81.8832,23.2387],[81.8748,23.2546],[81.879,23.2578],[81.8773,23.262],[81.8642,23.2762],[81.8357,23.3001],[81.8219,23.2953],[81.8204,23.3072],[81.8365,23.3086],[81.8553,23.3186],[81.8764,23.2973],[81.903,23.3351],[81.9337,23.3501],[81.9315,23.3645],[81.9431,23.3863],[81.9633,23.3687],[81.9703,23.3706],[81.9793,23.3957],[81.9753,23.405],[81.9812,23.4165],[81.9865,23.4104],[81.995,23.4184],[82.0071,23.4117],[82.0236,23.4224],[82.0308,23.4091],[82.0249,23.407],[82.0275,23.3999],[82.0221,23.3869],[82.0308,23.3827],[82.037,23.3865],[82.0446,23.3786],[82.0533,23.3769],[82.0644,23.3925],[82.0875,23.3962],[82.0927,23.3923],[82.1061,23.3967],[82.1127,23.3819],[82.1155,23.3576],[82.126,23.3536],[82.1454,23.3609],[82.1656,23.3325],[82.1934,23.3246],[82.1976,23.3108],[82.1939,23.2769],[82.1774,23.2694],[82.15,23.227],[82.1542,23.2088],[82.1452,23.1875],[82.1492,23.1741],[82.1448,23.1643],[82.1589,23.1599],[82.1616,23.1506],[82.1586,23.1412],[82.1385,23.1284],[82.1357,23.1116],[82.1234,23.1032],[82.0689,23.1153],[82.0316,23.0795],[82.0097,23.0778],[81.9897,23.0856],[81.9768,23.0787],[81.9456,23.0771],[81.9454,23.0689],[81.9336,23.0615],[81.9259,23.0403],[81.9447,23.0089],[81.9499,22.9747],[81.9477,22.9566],[81.9213,22.9477],[81.9089,22.9325],[81.882,22.9128],[81.8674,22.9145],[81.8685,22.8935],[81.8638,22.8904],[81.8388,22.8825],[81.7768,22.873],[81.7767,22.8506],[81.7683,22.8338],[81.7804,22.8087],[81.7818,22.7852],[81.7917,22.7662],[81.7714,22.7464],[81.7699,22.7349],[81.7565,22.7328],[81.754,22.7261],[81.7734,22.6758],[81.7701,22.6633],[81.7563,22.6458],[81.7479,22.6478],[81.7443,22.6688],[81.7303,22.6759],[81.7392,22.6888],[81.7309,22.6972],[81.7017,22.7056],[81.6944,22.713],[81.704,22.7345],[81.7039,22.7456],[81.6929,22.7631],[81.6923,22.7786],[81.646,22.7836],[81.5971,22.7575],[81.5675,22.7561],[81.5588,22.7601],[81.5299,22.7502],[81.5095,22.7638],[81.4762,22.759],[81.4517,22.7792],[81.4476,22.7887],[81.4509,22.7943],[81.4392,22.8047],[81.439,22.8207],[81.4329,22.8306],[81.4063,22.8505],[81.3794,22.8547],[81.3608,22.849],[81.3254,22.861],[81.3166,22.8735],[81.28,22.878],[81.2572,22.8983],[81.2361,22.9014],[81.2195,22.9119],[81.2037,22.9093],[81.199,22.9132],[81.1887,22.9508],[81.2105,23.016],[81.2272,23.0304],[81.2312,23.0524],[81.2384,23.0518],[81.2316,23.0578],[81.2408,23.0605],[81.2552,23.0529],[81.2561,23.0595],[81.2623,23.0624],[81.2585,23.0665],[81.2636,23.0697],[81.2567,23.0736],[81.2511,23.0982],[81.2429,23.1089],[81.2321,23.1083],[81.2138,23.1173],[81.2149,23.1381],[81.21,23.1396],[81.2027,23.1265],[81.1949,23.1298],[81.1963,23.1476],[81.1928,23.1512],[81.1828,23.1498],[81.182,23.1532],[81.1924,23.1659],[81.1611,23.1652],[81.1637,23.1773],[81.1456,23.1779],[81.1249,23.2162],[81.1392,23.2423],[81.1378,23.3199],[81.1617,23.3182],[81.165,23.3317],[81.1695,23.3309],[81.1797,23.3253],[81.1807,23.317],[81.1677,23.2981],[81.1851,23.2854],[81.1979,23.2895]]]}},{"type":"Feature","properties":{"district_2011":"Singrauli","state_2011":"Madhya Pradesh","censuscode_2011":463,"mines":["MP-SGR-02","MP-SIN-21","MP-SIN-25","MP-SIN-42","MP-SIN-48","MP-SIN-54"]},"geometry":{"type":"Polygon","coordinates":[[[82.2116,23.8515],[82.2261,23.8744],[82.2424,23.8897],[82.2259,23.899],[82.2355,23.9178],[82.2176,23.9253],[82.2151,23.9427],[82.2073,23.9488],[82.2175,23.9638],[82.2201,23.9863],[82.195,23.9815],[82.172,24.0003],[82.1674,23.9803],[82.1561,23.9743],[82.127,23.9935],[82.1153,23.9951],[82.095,23.9899],[82.0852,24.0198],[82.0776,24.0057],[82.0533,24.0029],[82.0217,24.0305],[82.0069,24.0116],[81.9954,24.0197],[81.9788,24.0124],[81.9652,24.0171],[81.9597,24.0247],[81.9627,24.046],[81.9559,24.0515],[81.9523,24.0644],[81.9076,24.0848],[81.9065,24.1152],[81.8788,24.1238],[81.8783,24.1334],[81.8875,24.1422],[81.8976,24.1673],[81.8971,24.1872],[81.9132,24.197],[81.9193,24.2155],[81.9356,24.2169],[81.9401,24.237],[81.9504,24.2324],[81.9576,24.235],[81.9565,24.2551],[81.9612,24.2563],[81.9662,24.2435],[81.9847,24.2324],[81.9999,24.2376],[82.0421,24.2863],[82.0316,24.3065],[82.0532,24.3112],[82.0668,24.3045],[82.0923,24.3119],[82.0954,24.318],[82.115,24.3242],[82.108,24.3464],[82.1163,24.3601],[82.1664,24.3606],[82.1513,24.3883],[82.154,24.391],[82.1794,24.3825],[82.2035,24.391],[82.2058,24.403],[82.1923,24.4162],[82.1896,24.4252],[82.2362,24.4431],[82.2411,24.47],[82.2508,24.4653],[82.2558,24.4678],[82.2618,24.4817],[82.2784,24.4825],[82.2915,24.5015],[82.3178,24.5003],[82.3385,24.5111],[82.3791,24.559],[82.3467,24.5697],[82.3416,24.5831],[82.3147,24.5917],[82.302,24.6115],[82.3175,24.6107],[82.3379,24.6215],[82.3541,24.6166],[82.3586,24.606],[82.369,24.5998],[82.4173,24.5957],[82.4227,24.6042],[82.4138,24.6153],[82.4117,24.6339],[82.4199,24.6556],[82.4098,24.6815],[82.4155,24.6929],[82.4283,24.703],[82.4405,24.704],[82.453,24.6941],[82.4566,24.6884],[82.453,24.6779],[82.457,24.6757],[82.4848,24.6814],[82.4949,24.6733],[82.5266,24.6762],[82.5374,24.6498],[82.5821,24.6609],[82.5958,24.6716],[82.6446,24.6858],[82.6661,24.6983],[82.6737,24.6978],[82.7041,24.6737],[82.6998,24.6466],[82.7033,24.6423],[82.7709,24.6437],[82.776,24.6087],[82.7682,24.5979],[82.8045,24.5979],[82.8088,24.5509],[82.7541,24.5397],[82.7534,24.5507],[82.7493,24.5527],[82.7416,24.5498],[82.7206,24.5544],[82.7237,24.5115],[82.7446,24.498],[82.7418,24.4855],[82.7318,24.4746],[82.7386,24.4686],[82.7331,24.443],[82.7353,24.4324],[82.7407,24.431],[82.7337,24.4246],[82.7282,24.428],[82.7151,24.3835],[82.7265,24.3696],[82.7547,24.3709],[82.7624,24.3779],[82.7685,24.3714],[82.7669,24.3615],[82.7725,24.346],[82.7678,24.3175],[82.774,24.3107],[82.772,24.2909],[82.7585,24.2666],[82.7578,24.2347],[82.7349,24.2218],[82.744,24.167],[82.7309,24.1554],[82.7282,24.1376],[82.6962,24.1428],[82.6873,24.1553],[82.6787,24.157],[82.6731,24.1497],[82.6737,24.1414],[82.6653,24.1334],[82.6714,24.1225],[82.7092,24.0957],[82.7162,24.0795],[82.7341,24.0813],[82.7493,24.0738],[82.7559,24.0793],[82.7627,24.072],[82.7684,24.0784],[82.7741,24.0766],[82.7636,24.0424],[82.7477,24.0298],[82.7498,24.0202],[82.7601,24.0073],[82.8051,24.004],[82.8093,23.9999],[82.8067,23.9698],[82.8155,23.962],[82.8046,23.9603],[82.7826,23.9375],[82.7615,23.9348],[82.7559,23.9212],[82.7097,23.9238],[82.6849,23.9087],[82.6643,23.9067],[82.6539,23.8876],[82.6673,23.8735],[82.6597,23.8554],[82.6513,23.8585],[82.6373,23.8379],[82.6136,23.8351],[82.5937,23.8218],[82.556,23.8258],[82.5351,23.8229],[82.5486,23.809],[82.5522,23.7931],[82.5239,23.7831],[82.4928,23.7872],[82.4904,23.7964],[82.4678,23.8102],[82.4535,23.8097],[82.4442,23.8035],[82.396,23.8001],[82.3761,23.8098],[82.3548,23.8024],[82.336,23.8024],[82.3189,23.8099],[82.3028,23.8072],[82.263,23.8205],[82.2339,23.8055],[82.2238,23.8195],[82.207,23.8305],[82.2144,23.8396],[82.2116,23.8515]]]}},{"type":"Feature","properties":{"district_2011":"Nagpur","state_2011":"Maharashtra","censuscode_2011":505,"mines":["MH-NAG-24","MH-NAG-63"]},"geometry":{"type":"Polygon","coordinates":[[[79.5119,21.5894],[79.5167,21.5823],[79.5436,21.5682],[79.54,21.55],[79.5427,21.5434],[79.5142,21.5341],[79.4858,21.502],[79.4593,21.4607],[79.4493,21.4565],[79.4505,21.4349],[79.4604,21.4259],[79.4833,21.4273],[79.4917,21.4048],[79.4879,21.3987],[79.5004,21.3976],[79.5264,21.3547],[79.5477,21.3313],[79.5569,21.3303],[79.556,21.3062],[79.5681,21.299],[79.5767,21.2774],[79.5713,21.2738],[79.5715,21.247],[79.5611,21.2363],[79.5639,21.2256],[79.5532,21.2062],[79.5595,21.2016],[79.563,21.1871],[79.5545,21.1721],[79.5618,21.1555],[79.5343,21.1561],[79.5286,21.1676],[79.5326,21.1745],[79.5196,21.1733],[79.5016,21.1833],[79.4981,21.1717],[79.5105,21.1627],[79.5062,21.1458],[79.4927,21.1394],[79.5118,21.1315],[79.5137,21.1213],[79.5275,21.1175],[79.5332,21.0956],[79.5307,21.0883],[79.523,21.0877],[79.5295,21.0753],[79.5519,21.0864],[79.5731,21.0672],[79.578,21.066],[79.5887,21.0761],[79.5997,21.0725],[79.6126,21.0384],[79.6367,21.0006],[79.6376,20.9909],[79.6596,20.9694],[79.6609,20.9528],[79.6441,20.9165],[79.6166,20.9025],[79.6113,20.8784],[79.6191,20.8647],[79.6042,20.8643],[79.583,20.8424],[79.5689,20.8436],[79.5598,20.8533],[79.5545,20.8481],[79.5416,20.8478],[79.5604,20.8029],[79.5356,20.7728],[79.5355,20.74],[79.5057,20.6999],[79.4963,20.6991],[79.4916,20.704],[79.4674,20.6744],[79.4349,20.6588],[79.399,20.6573],[79.3927,20.6605],[79.3895,20.6724],[79.3755,20.6773],[79.3637,20.6708],[79.3528,20.6713],[79.3504,20.6652],[79.3574,20.6553],[79.3459,20.6443],[79.3474,20.634],[79.3347,20.6136],[79.3271,20.5892],[79.3131,20.5806],[79.2925,20.5888],[79.2247,20.5821],[79.2094,20.5974],[79.1955,20.6006],[79.1926,20.5961],[79.1862,20.6188],[79.1809,20.6167],[79.1707,20.6245],[79.1704,20.643],[79.1494,20.6516],[79.1429,20.6759],[79.1069,20.6857],[79.1091,20.6964],[79.1041,20.7122],[79.0922,20.7079],[79.0767,20.7152],[79.0742,20.7236],[79.0536,20.7263],[79.0528,20.7343],[79.0197,20.7361],[79.0127,20.7423],[79.0,20.7424],[78.9975,20.7539],[78.9737,20.7542],[78.9569,20.7668],[78.9452,20.767],[78.9421,20.78],[78.9484,20.7824],[78.9467,20.7939],[78.928,20.7974],[78.9155,20.8064],[78.9198,20.8131],[78.9149,20.8183],[78.9159,20.8351],[78.8884,20.8418],[78.8837,20.8315],[78.875,20.8267],[78.864,20.8422],[78.8612,20.861],[78.8647,20.8713],[78.8411,20.8804],[78.8425,20.8906],[78.8364,20.8937],[78.8286,20.8911],[78.8205,20.8789],[78.8097,20.8761],[78.7879,20.8903],[78.7785,20.8912],[78.77,20.8989],[78.7737,20.9076],[78.7659,20.9209],[78.7608,20.9192],[78.746,20.9354],[78.7494,20.9432],[78.7351,20.947],[78.7266,20.9718],[78.7309,21.0046],[78.6952,21.0201],[78.6886,21.0294],[78.6521,21.0359],[78.6511,21.0515],[78.6432,21.0595],[78.6344,21.0582],[78.6252,21.067],[78.6155,21.0643],[78.6144,21.0691],[78.6069,21.0692],[78.6107,21.0885],[78.5986,21.0901],[78.5965,21.1086],[78.5897,21.1147],[78.5549,21.1179],[78.5257,21.1529],[78.5185,21.1751],[78.4782,21.2195],[78.4727,21.2168],[78.4466,21.2341],[78.4194,21.2278],[78.407,21.2375],[78.3718,21.2433],[78.3528,21.2509],[78.333,21.2506],[78.3273,21.2562],[78.3262,21.2712],[78.3144,21.2687],[78.3075,21.2738],[78.3113,21.294],[78.295,21.2946],[78.2639,21.3266],[78.2603,21.3294],[78.256,21.325],[78.2513,21.3286],[78.2523,21.337],[78.2706,21.3434],[78.276,21.3508],[78.3108,21.357],[78.3176,21.364],[78.3388,21.3726],[78.3485,21.3849],[78.3548,21.38],[78.367,21.3836],[78.3672,21.3911],[78.3738,21.3945],[78.3841,21.3863],[78.3923,21.3896],[78.4094,21.3837],[78.4224,21.391],[78.4233,21.3969],[78.4487,21.4046],[78.4511,21.4154],[78.444,21.422],[78.4412,21.4396],[78.4445,21.4454],[78.4379,21.4695],[78.4304,21.4797],[78.4321,21.4977],[78.4434,21.5022],[78.4566,21.4957],[78.4612,21.5029],[78.4853,21.5046],[78.4957,21.5164],[78.5135,21.5268],[78.5716,21.5142],[78.5703,21.5045],[78.5899,21.4854],[78.6037,21.4834],[78.6104,21.4869],[78.626,21.4761],[78.6425,21.4828],[78.6642,21.4775],[78.6892,21.4806],[78.6896,21.4766],[78.7014,21.476],[78.7009,21.473],[78.725,21.4633],[78.7441,21.4716],[78.7517,21.4925],[78.7663,21.4884],[78.7696,21.473],[78.7775,21.4658],[78.7899,21.4878],[78.8495,21.4887],[78.8569,21.4944],[78.8853,21.4837],[78.8908,21.4843],[78.8959,21.497],[78.9012,21.4993],[78.926,21.4864],[78.9373,21.4862],[78.9461,21.5125],[78.9289,21.5225],[78.93,21.5374],[78.9099,21.5535],[78.9182,21.5618],[78.9333,21.559],[78.9339,21.5631],[78.9171,21.5696],[78.9187,21.591],[78.9458,21.5924],[78.9803,21.6162],[79.0,21.6174],[79.0151,21.6002],[79.0817,21.6064],[79.0937,21.598],[79.1098,21.6081],[79.1048,21.6177],[79.1334,21.6268],[79.1468,21.6383],[79.1536,21.6593],[79.2257,21.6496],[79.2274,21.6557],[79.2327,21.6565],[79.2342,21.6702],[79.224,21.68],[79.2267,21.6953],[79.2406,21.7139],[79.2345,21.7227],[79.2707,21.7137],[79.2907,21.6927],[79.3232,21.6847],[79.328,21.6872],[79.3543,21.6833],[79.3549,21.6778],[79.4007,21.6735],[79.4218,21.6904],[79.4468,21.6812],[79.4645,21.6863],[79.4946,21.6731],[79.5087,21.6337],[79.5177,21.6302],[79.5185,21.6256],[79.5093,21.6214],[79.5043,21.6115],[79.5129,21.6015],[79.5119,21.5894]]]}},{"type":"Feature","properties":{"district_2011":"Chandrapur","state_2011":"Maharashtra","censuscode_2011":509,"mines":["MH-CHA-58"]},"geometry":{"type":"Polygon","coordinates":[[[79.933,20.6665],[79.941,20.6488],[79.9428,20.6241],[79.9383,20.5824],[79.9276,20.5522],[79.9485,20.5369],[79.9528,20.5282],[79.952,20.5002],[79.9413,20.4468],[79.9431,20.4349],[79.9621,20.415],[79.9603,20.3835],[79.9735,20.3607],[79.9739,20.35],[79.95,20.3269],[79.9456,20.3166],[79.9454,20.294],[79.9568,20.2757],[79.9854,20.2485],[79.9958,20.2198],[79.9895,20.2068],[79.9652,20.2023],[79.9342,20.1869],[79.9122,20.1455],[79.9206,20.1359],[79.9571,20.1254],[79.9724,20.1127],[79.9783,20.1032],[79.9916,20.0453],[79.9505,19.9848],[79.9376,19.9758],[79.9125,19.9676],[79.895,19.9695],[79.8712,19.984],[79.8707,20.0011],[79.8487,20.0325],[79.8142,20.0289],[79.7987,20.0203],[79.7807,20.0004],[79.7722,19.972],[79.7769,19.95],[79.7992,19.913],[79.8052,19.8936],[79.7866,19.8752],[79.7817,19.8634],[79.7585,19.8468],[79.7438,19.8165],[79.7474,19.7791],[79.755,19.7604],[79.7868,19.7174],[79.787,19.6494],[79.7943,19.6175],[79.792,19.596],[79.7468,19.6055],[79.7194,19.5857],[79.6844,19.5789],[79.6461,19.5773],[79.6222,19.5609],[79.6044,19.5061],[79.589,19.5053],[79.5588,19.5223],[79.549,19.5507],[79.5213,19.5441],[79.5197,19.5203],[79.4996,19.5074],[79.4863,19.506],[79.4767,19.4996],[79.4644,19.5211],[79.4474,19.5356],[79.4198,19.5355],[79.3773,19.5635],[79.3751,19.5732],[79.3357,19.5756],[79.3203,19.5674],[79.3108,19.592],[79.2498,19.6143],[79.243,19.6112],[79.2436,19.6013],[79.2546,19.5887],[79.256,19.5795],[79.2457,19.5613],[79.2426,19.5287],[79.2216,19.5125],[79.2128,19.4936],[79.2289,19.4697],[79.1949,19.4606],[79.1837,19.4626],[79.175,19.4697],[79.1461,19.5029],[79.1105,19.5145],[79.1086,19.5297],[79.1024,19.5322],[79.0691,19.5329],[79.0572,19.5469],[79.024,19.5416],[78.9985,19.5636],[78.9841,19.5525],[78.9601,19.5534],[78.9551,19.559],[78.9861,19.5866],[78.9712,19.606],[78.9684,19.6188],[78.9745,19.6506],[78.9598,19.6648],[78.9405,19.6635],[78.9214,19.669],[78.8965,19.6566],[78.8642,19.6576],[78.8689,19.698],[78.8623,19.7325],[78.8497,19.7601],[78.8589,19.7701],[78.875,19.7677],[78.8808,19.7632],[78.883,19.746],[78.9029,19.7371],[78.9489,19.7486],[78.9518,19.7532],[78.9404,19.7783],[78.9586,19.8032],[79.0112,19.8039],[79.0205,19.7991],[79.0293,19.8014],[79.0429,19.8171],[79.0656,19.8148],[79.0802,19.8226],[79.0941,19.8405],[79.103,19.8423],[79.1207,19.8584],[79.1359,19.8656],[79.1517,19.893],[79.1136,19.9038],[79.1091,19.9097],[79.0949,19.9147],[79.0936,19.9456],[79.1054,19.954],[79.1105,19.9646],[79.0937,19.9771],[79.0951,19.9814],[79.1152,19.9884],[79.1086,20.008],[79.1045,20.0151],[79.0833,20.0285],[79.0707,20.0638],[79.0643,20.0694],[79.0545,20.0665],[79.0441,20.0713],[79.0483,20.0841],[79.0167,20.1128],[79.0041,20.1205],[78.9705,20.1232],[78.9704,20.1376],[78.9814,20.1486],[78.9551,20.1683],[78.9574,20.1926],[78.9627,20.2026],[78.9415,20.2156],[78.9346,20.2277],[78.9217,20.2372],[78.9213,20.2524],[78.9054,20.2531],[78.8894,20.2473],[78.8607,20.2522],[78.8201,20.2469],[78.8125,20.2539],[78.8114,20.2598],[78.8198,20.2706],[78.8048,20.2892],[78.8012,20.3014],[78.812,20.3125],[78.83,20.3189],[78.8337,20.3281],[78.8238,20.3494],[78.828,20.3621],[78.8221,20.3703],[78.8194,20.3928],[78.8265,20.4019],[78.8432,20.4014],[78.8557,20.409],[78.8436,20.4217],[78.8418,20.4311],[78.8463,20.4334],[78.8715,20.4217],[78.8992,20.4372],[78.9164,20.4293],[78.9508,20.4284],[78.9637,20.4361],[78.9686,20.4586],[78.9839,20.4564],[78.9897,20.4628],[79.0019,20.4476],[79.024,20.4785],[79.0467,20.4735],[79.0455,20.4666],[79.0519,20.464],[79.0632,20.4661],[79.0964,20.46],[79.0974,20.4552],[79.1137,20.45],[79.1307,20.454],[79.1393,20.4775],[79.1566,20.4767],[79.1717,20.5124],[79.1794,20.5106],[79.1918,20.5327],[79.2144,20.5464],[79.2215,20.5658],[79.2214,20.5795],[79.2264,20.5834],[79.2925,20.5888],[79.3131,20.5806],[79.3218,20.5832],[79.3474,20.634],[79.3459,20.6443],[79.3574,20.6553],[79.3504,20.6652],[79.3528,20.6713],[79.3637,20.6708],[79.3755,20.6773],[79.3895,20.6724],[79.3927,20.6605],[79.399,20.6573],[79.4349,20.6588],[79.4674,20.6744],[79.4916,20.704],[79.4963,20.6991],[79.5057,20.6999],[79.5208,20.7087],[79.5346,20.7017],[79.566,20.7016],[79.5678,20.6942],[79.5809,20.691],[79.6132,20.6912],[79.6231,20.673],[79.6534,20.6676],[79.6633,20.6625],[79.6648,20.6537],[79.6717,20.6484],[79.6957,20.6403],[79.7016,20.6447],[79.6935,20.6687],[79.7135,20.6853],[79.7354,20.6826],[79.7526,20.6858],[79.7609,20.7068],[79.7539,20.7106],[79.7617,20.7311],[79.7893,20.7174],[79.8029,20.6842],[79.8499,20.6776],[79.8791,20.6846],[79.8943,20.6831],[79.933,20.6665]]]}},{"type":"Feature","properties":{"district_2011":"Yavatmal","state_2011":"Maharashtra","censuscode_2011":510,"mines":["MH-YAV-18","MH-YAV-40"]},"geometry":{"type":"Polygon","coordinates":[[[78.2795,20.6964],[78.2682,20.6784],[78.2669,20.6613],[78.2499,20.6431],[78.2528,20.6159],[78.264,20.5794],[78.2799,20.5624],[78.3406,20.5431],[78.3599,20.5267],[78.3695,20.5322],[78.3784,20.5301],[78.3868,20.5198],[78.4126,20.5115],[78.4346,20.5178],[78.4541,20.5118],[78.481,20.5284],[78.5092,20.5196],[78.5231,20.5034],[78.5256,20.4873],[78.5357,20.4795],[78.5374,20.4631],[78.5587,20.4479],[78.5709,20.4324],[78.6039,20.4285],[78.6112,20.4422],[78.6196,20.4318],[78.6478,20.4319],[78.6471,20.4194],[78.6574,20.4137],[78.6689,20.3889],[78.6822,20.3811],[78.6924,20.3568],[78.7113,20.3492],[78.7082,20.3094],[78.7342,20.3048],[78.7382,20.2929],[78.749,20.2968],[78.7694,20.2943],[78.7804,20.2992],[78.792,20.2957],[78.8018,20.2978],[78.8183,20.2751],[78.8198,20.2706],[78.8114,20.2598],[78.8201,20.2469],[78.8607,20.2522],[78.8894,20.2473],[78.9054,20.2531],[78.9213,20.2524],[78.9217,20.2372],[78.9346,20.2277],[78.9415,20.2156],[78.9627,20.2026],[78.9574,20.1926],[78.9551,20.1683],[78.9814,20.1486],[78.9704,20.1376],[78.9705,20.1232],[79.0041,20.1205],[79.0167,20.1128],[79.0483,20.0841],[79.0441,20.0713],[79.0545,20.0665],[79.0643,20.0694],[79.0707,20.0638],[79.0833,20.0285],[79.1045,20.0151],[79.1086,20.008],[79.1152,19.9884],[79.0951,19.9814],[79.0937,19.9771],[79.1105,19.9646],[79.1054,19.954],[79.0936,19.9456],[79.0949,19.9147],[79.1091,19.9097],[79.1136,19.9038],[79.1517,19.893],[79.1495,19.8868],[79.1359,19.8656],[79.1207,19.8584],[79.103,19.8423],[79.0941,19.8405],[79.0802,19.8226],[79.0656,19.8148],[79.0429,19.8171],[79.0293,19.8014],[79.0205,19.7991],[79.0112,19.8039],[78.9586,19.8032],[78.9404,19.7783],[78.9518,19.7532],[78.9489,19.7486],[78.9029,19.7371],[78.883,19.746],[78.8808,19.7632],[78.875,19.7677],[78.8589,19.7701],[78.8497,19.7601],[78.8437,19.7632],[78.813,19.7591],[78.7902,19.7798],[78.7685,19.7766],[78.7483,19.7806],[78.7217,19.7678],[78.7011,19.7906],[78.6403,19.8046],[78.6087,19.8183],[78.59,19.8124],[78.5312,19.8224],[78.5173,19.815],[78.5086,19.7931],[78.4988,19.7939],[78.481,19.817],[78.4334,19.8237],[78.4024,19.8369],[78.3906,19.8532],[78.3888,19.8797],[78.3409,19.8836],[78.3299,19.8909],[78.3276,19.8954],[78.3392,19.9047],[78.3397,19.9105],[78.333,19.9165],[78.3148,19.9131],[78.3025,19.9172],[78.2869,19.9107],[78.2808,19.8852],[78.2673,19.8757],[78.2547,19.873],[78.2423,19.8875],[78.2597,19.9117],[78.2577,19.9258],[78.2528,19.9294],[78.2005,19.9027],[78.1495,19.9159],[78.1421,19.9153],[78.1311,19.902],[78.103,19.8967],[78.0784,19.9006],[78.0632,19.9126],[78.0533,19.9307],[78.0335,19.9285],[78.0119,19.9142],[78.0,19.9178],[77.9715,19.9104],[77.9539,19.9112],[77.9405,19.8929],[77.924,19.8913],[77.92,19.8847],[77.8981,19.878],[77.8862,19.8569],[77.8762,19.8496],[77.8703,19.8239],[77.8491,19.8008],[77.8655,19.7714],[77.859,19.7531],[77.8605,19.7437],[77.8767,19.7444],[77.8784,19.7379],[77.8959,19.7256],[77.8995,19.7349],[77.9144,19.7298],[77.9336,19.7393],[77.9532,19.7294],[77.9649,19.7064],[77.9854,19.6994],[77.9846,19.6866],[77.9885,19.6808],[78.0,19.6815],[78.0318,19.6992],[78.0471,19.6989],[78.0555,19.6852],[78.0567,19.671],[78.067,19.6682],[78.0822,19.6485],[78.0899,19.6452],[78.0954,19.6454],[78.1071,19.6599],[78.1224,19.658],[78.1311,19.6671],[78.1531,19.6647],[78.179,19.655],[78.1957,19.6183],[78.1923,19.5922],[78.1856,19.5841],[78.189,19.5674],[78.1474,19.5529],[78.1316,19.5575],[78.1199,19.5536],[78.1363,19.5312],[78.1234,19.5146],[78.1211,19.5014],[78.1144,19.4914],[78.0955,19.4873],[78.0679,19.467],[78.0632,19.4669],[78.0259,19.4974],[78.0164,19.4907],[78.0132,19.4654],[78.0094,19.4614],[78.0,19.4626],[77.9914,19.4552],[77.987,19.46],[77.9872,19.4786],[77.9742,19.4939],[77.9757,19.5061],[77.9588,19.5109],[77.9435,19.4983],[77.9382,19.5004],[77.9324,19.5086],[77.9166,19.5152],[77.9128,19.5309],[77.9076,19.5332],[77.8899,19.5194],[77.8906,19.5051],[77.8855,19.5003],[77.8774,19.5122],[77.8616,19.5196],[77.8429,19.5098],[77.847,19.4867],[77.8285,19.4803],[77.8275,19.4754],[77.8475,19.4558],[77.8377,19.4488],[77.8347,19.4393],[77.8197,19.4453],[77.8099,19.463],[77.8049,19.4643],[77.7981,19.4505],[77.7562,19.4323],[77.749,19.431],[77.7421,19.4375],[77.7326,19.4337],[77.6989,19.4386],[77.696,19.441],[77.6991,19.4598],[77.7107,19.4672],[77.714,19.4765],[77.7253,19.4747],[77.7403,19.4831],[77.7364,19.4949],[77.7392,19.5017],[77.7528,19.5096],[77.7497,19.5218],[77.7337,19.532],[77.7139,19.5256],[77.7004,19.5379],[77.6463,19.5475],[77.6341,19.5557],[77.6493,19.5555],[77.6406,19.5875],[77.6448,19.6078],[77.6295,19.608],[77.6292,19.6244],[77.616,19.6293],[77.6168,19.6378],[77.6082,19.6408],[77.6075,19.6469],[77.6011,19.6444],[77.597,19.6507],[77.5865,19.6514],[77.5803,19.6577],[77.5684,19.6504],[77.5552,19.6525],[77.555,19.6637],[77.5425,19.6625],[77.5395,19.6687],[77.495,19.6791],[77.4848,19.6753],[77.4766,19.6828],[77.4628,19.6797],[77.4461,19.6877],[77.4446,19.6923],[77.4514,19.6998],[77.4407,19.7221],[77.4133,19.7435],[77.3968,19.7257],[77.3855,19.7263],[77.3864,19.7354],[77.3791,19.746],[77.3871,19.766],[77.4045,19.7641],[77.4099,19.7725],[77.4076,19.778],[77.3899,19.78],[77.3835,19.7881],[77.3952,19.8111],[77.39,19.8209],[77.3707,19.8222],[77.3622,19.815],[77.3468,19.8252],[77.3462,19.8338],[77.3636,19.833],[77.3566,19.8454],[77.3665,19.8515],[77.3653,19.8581],[77.3491,19.8602],[77.3479,19.8734],[77.3361,19.8759],[77.3236,19.885],[77.3065,19.8783],[77.2986,19.8795],[77.2982,19.8926],[77.315,19.8898],[77.3178,19.9062],[77.3108,19.9104],[77.2965,19.9002],[77.2891,19.9007],[77.2853,19.9049],[77.2874,19.9355],[77.3055,19.9465],[77.3076,19.9625],[77.325,19.9562],[77.3324,19.9709],[77.3401,19.9691],[77.341,20.0062],[77.3545,20.0141],[77.3738,20.0462],[77.3552,20.0682],[77.3572,20.0777],[77.368,20.0883],[77.3695,20.101],[77.3904,20.0863],[77.4081,20.0856],[77.4257,20.0769],[77.4558,20.0703],[77.4659,20.0712],[77.4829,20.0839],[77.4911,20.0797],[77.5261,20.094],[77.5405,20.0728],[77.5534,20.0642],[77.5569,20.0483],[77.5688,20.0429],[77.5809,20.0297],[77.5933,20.0324],[77.5971,20.0373],[77.6259,20.0413],[77.6406,20.0592],[77.6402,20.0665],[77.6562,20.0808],[77.6592,20.0965],[77.6717,20.1043],[77.6723,20.1199],[77.6842,20.1444],[77.6769,20.1479],[77.6814,20.1689],[77.6537,20.1736],[77.6466,20.1901],[77.6598,20.202],[77.6546,20.2105],[77.6686,20.2476],[77.6489,20.251],[77.6332,20.2607],[77.6116,20.2639],[77.6093,20.2781],[77.5959,20.2806],[77.5952,20.3012],[77.5867,20.3113],[77.5844,20.3253],[77.5676,20.3333],[77.5713,20.3591],[77.5782,20.371],[77.5755,20.3925],[77.585,20.4116],[77.5964,20.4105],[77.5934,20.4246],[77.6071,20.4361],[77.6014,20.4449],[77.6137,20.4531],[77.6167,20.4608],[77.6476,20.449],[77.654,20.4947],[77.6629,20.4969],[77.6686,20.5149],[77.6868,20.518],[77.6911,20.5233],[77.6904,20.5321],[77.6704,20.5372],[77.656,20.5284],[77.6449,20.5292],[77.6531,20.5642],[77.6592,20.5652],[77.6668,20.5804],[77.6874,20.5797],[77.7028,20.5674],[77.7419,20.5614],[77.7505,20.5479],[77.7716,20.5399],[77.7824,20.5437],[77.7897,20.5564],[77.807,20.5668],[77.8115,20.5872],[77.8376,20.5656],[77.8468,20.5704],[77.8467,20.5877],[77.8658,20.5949],[77.8661,20.6093],[77.8774,20.6094],[77.8931,20.6235],[77.9191,20.6045],[77.9124,20.5654],[77.9222,20.5642],[77.9243,20.5585],[77.9341,20.5771],[77.9513,20.58],[77.9511,20.5753],[77.9738,20.5901],[77.982,20.6079],[77.9961,20.6228],[78.0266,20.6328],[78.0213,20.6423],[78.0387,20.6664],[78.0584,20.668],[78.0636,20.6727],[78.0775,20.6677],[78.0771,20.6638],[78.0849,20.6731],[78.089,20.6721],[78.0891,20.6688],[78.1003,20.666],[78.0933,20.641],[78.1015,20.6439],[78.1119,20.6402],[78.1123,20.649],[78.1314,20.648],[78.1323,20.654],[78.125,20.6608],[78.1322,20.6643],[78.1361,20.6599],[78.159,20.6591],[78.1589,20.6672],[78.1811,20.6705],[78.1829,20.6772],[78.209,20.6765],[78.2134,20.6894],[78.2313,20.691],[78.2366,20.6863],[78.254,20.6839],[78.2596,20.6957],[78.2795,20.6964]]]}},{"type":"Feature","properties":{"district_2011":"Karimnagar","state_2011":"Andhra Pradesh","censuscode_2011":534,"mines":["TS-KAR-29","TS-MAN-14","TS-PED-62","TS-PED-72"]},"geometry":{"type":"Polygon","coordinates":[[[79.9009,18.8346],[79.9232,18.8012],[79.939,18.7883],[80.0194,18.7708],[80.0258,18.7551],[80.04,18.7506],[80.0535,18.7251],[80.069,18.7207],[80.0819,18.7068],[80.0916,18.7051],[80.1138,18.6818],[80.1232,18.6802],[80.1653,18.7003],[80.1782,18.6818],[80.1962,18.68],[80.2092,18.7019],[80.2216,18.7056],[80.2326,18.7006],[80.254,18.7058],[80.2748,18.7224],[80.2852,18.7155],[80.3037,18.6902],[80.3267,18.6264],[80.3441,18.5953],[80.3068,18.5888],[80.2694,18.5883],[80.2294,18.5526],[80.2268,18.428],[80.2189,18.3902],[80.1747,18.3487],[80.1752,18.3414],[80.1472,18.3733],[80.153,18.4134],[80.1435,18.4181],[80.0986,18.4316],[80.0838,18.4224],[80.0796,18.3977],[80.0827,18.3923],[80.0767,18.3871],[80.0598,18.4009],[80.0444,18.4037],[80.0309,18.4008],[80.0247,18.4172],[80.0305,18.4427],[80.0397,18.4311],[80.0617,18.4259],[80.0791,18.4279],[80.105,18.4576],[80.1166,18.4571],[80.119,18.4667],[80.0903,18.4681],[80.0851,18.477],[80.0527,18.482],[80.0664,18.4986],[80.0852,18.5116],[80.0861,18.5181],[80.0407,18.5162],[80.025,18.4688],[80.0088,18.4746],[79.9929,18.4904],[79.9782,18.4833],[79.9756,18.4764],[79.9701,18.4773],[79.9589,18.5072],[79.9548,18.5089],[79.9141,18.5142],[79.8858,18.5106],[79.8881,18.4987],[79.9073,18.47],[79.9256,18.4593],[79.9228,18.4243],[79.8974,18.4335],[79.881,18.4446],[79.857,18.485],[79.8331,18.5006],[79.8171,18.4959],[79.8125,18.489],[79.813,18.4762],[79.8273,18.4357],[79.8287,18.4202],[79.8227,18.4174],[79.792,18.4309],[79.7523,18.4813],[79.7203,18.4952],[79.6854,18.4966],[79.6578,18.4727],[79.6381,18.4773],[79.5971,18.4704],[79.5958,18.4473],[79.5797,18.4255],[79.5858,18.409],[79.5807,18.3755],[79.5867,18.3515],[79.586,18.3401],[79.58,18.331],[79.5846,18.3227],[79.5828,18.3146],[79.5738,18.3114],[79.5726,18.3002],[79.5827,18.2629],[79.5955,18.2446],[79.6227,18.1862],[79.6142,18.1691],[79.6158,18.1548],[79.6098,18.1448],[79.5869,18.1448],[79.594,18.1241],[79.577,18.126],[79.5635,18.1056],[79.5313,18.1036],[79.5233,18.108],[79.5131,18.1013],[79.5039,18.1022],[79.4786,18.1145],[79.4613,18.0782],[79.3751,18.0198],[79.3474,18.0252],[79.2916,18.0173],[79.2572,18.0004],[79.258,17.9807],[79.2547,17.9793],[79.2341,17.9802],[79.1933,17.9946],[79.1509,17.9859],[79.1488,18.0038],[79.1025,18.0189],[79.0962,18.025],[79.1157,18.0266],[79.121,18.0338],[79.1125,18.0531],[79.1206,18.0672],[79.1356,18.0802],[79.0735,18.0828],[79.0368,18.0969],[79.0428,18.1265],[79.0158,18.1427],[79.0215,18.1652],[79.0157,18.1971],[79.0095,18.2037],[78.9655,18.2165],[78.9615,18.2314],[78.9651,18.2524],[78.9608,18.2546],[78.9424,18.2574],[78.9168,18.2534],[78.8978,18.2391],[78.8489,18.2486],[78.8257,18.2582],[78.7797,18.2648],[78.773,18.26],[78.7584,18.2286],[78.7456,18.2184],[78.7308,18.2187],[78.7274,18.2328],[78.698,18.2312],[78.6763,18.2448],[78.6506,18.2509],[78.6025,18.2499],[78.5939,18.2467],[78.5776,18.2247],[78.5686,18.2298],[78.5566,18.261],[78.5226,18.285],[78.5421,18.3027],[78.5511,18.3384],[78.5372,18.3679],[78.5341,18.3857],[78.5376,18.3908],[78.5662,18.3908],[78.5471,18.4113],[78.545,18.4194],[78.5538,18.4377],[78.5511,18.4462],[78.5426,18.4582],[78.5245,18.4703],[78.5264,18.4773],[78.564,18.5425],[78.5732,18.5474],[78.5945,18.5471],[78.604,18.5781],[78.6585,18.5999],[78.6792,18.6253],[78.6651,18.6355],[78.6522,18.6598],[78.643,18.6909],[78.6422,18.7278],[78.6255,18.7368],[78.6042,18.7345],[78.5849,18.7382],[78.5609,18.7637],[78.5682,18.7853],[78.5596,18.7972],[78.5514,18.8242],[78.5459,18.8761],[78.5404,18.8914],[78.5233,18.9093],[78.5224,18.9152],[78.5338,18.9436],[78.5625,18.9744],[78.5823,18.987],[78.5914,18.9879],[78.6234,18.9778],[78.6364,18.981],[78.6624,19.0142],[78.6871,19.0274],[78.7058,19.0257],[78.7421,19.0109],[78.7593,19.0143],[78.836,19.0582],[78.9025,19.0309],[78.9108,19.0334],[78.9449,19.0669],[78.9762,19.0733],[78.9908,19.0711],[79.0349,19.0562],[79.0699,19.0343],[79.0923,18.9919],[79.1066,18.9773],[79.1117,18.9539],[79.1552,18.9171],[79.1912,18.8761],[79.2447,18.8729],[79.2876,18.8322],[79.3196,18.823],[79.3617,18.8331],[79.3792,18.8507],[79.3891,18.8711],[79.4126,18.8698],[79.4499,18.8527],[79.4629,18.8389],[79.488,18.8246],[79.5193,18.793],[79.5357,18.7961],[79.5595,18.7866],[79.6258,18.7428],[79.6363,18.743],[79.6555,18.7308],[79.6683,18.7072],[79.691,18.6841],[79.7151,18.6937],[79.75,18.6923],[79.7626,18.6956],[79.8103,18.726],[79.8258,18.7655],[79.8362,18.7796],[79.8509,18.7899],[79.8539,18.8012],[79.8328,18.8308],[79.8309,18.8406],[79.8363,18.8688],[79.8424,18.8785],[79.8483,18.8824],[79.8618,18.8721],[79.8698,18.8363],[79.891,18.8319],[79.9009,18.8346]]]}},{"type":"Feature","properties":{"district_2011":"Khammam","state_2011":"Andhra Pradesh","censuscode_2011":541,"mines":["TS-KHA-51","TS-KHA-71"]},"geometry":{"type":"Polygon","coordinates":[[[80.9818,18.1737],[80.9807,18.15],[80.9575,18.1297],[80.958,18.1048],[80.9521,18.0876],[80.9742,18.0501],[80.9705,18.0382],[80.9929,17.9298],[81.0026,17.9212],[81.0127,17.8454],[81.0209,17.8238],[81.046,17.7935],[81.0644,17.7901],[81.082,17.7936],[81.0975,17.8181],[81.168,17.8599],[81.2004,17.8544],[81.2288,17.8368],[81.2718,17.818],[81.3345,17.82],[81.366,17.8181],[81.3926,17.8112],[81.4028,17.8158],[81.4178,17.8126],[81.428,17.8283],[81.4461,17.823],[81.4754,17.8327],[81.4873,17.8125],[81.4944,17.8105],[81.5625,17.8243],[81.5773,17.8358],[81.6083,17.8234],[81.6197,17.8234],[81.6514,17.8473],[81.6576,17.8704],[81.6716,17.8849],[81.6863,17.8855],[81.6968,17.8928],[81.7065,17.8835],[81.7118,17.8692],[81.7669,17.9014],[81.7961,17.8707],[81.803,17.8523],[81.791,17.8402],[81.7726,17.8381],[81.7616,17.8265],[81.7475,17.8298],[81.732,17.8234],[81.7126,17.8077],[81.7069,17.7927],[81.6934,17.7787],[81.6317,17.7709],[81.6178,17.7518],[81.5853,17.7342],[81.5798,17.6961],[81.5689,17.6848],[81.5429,17.6387],[81.5206,17.6181],[81.5117,17.5982],[81.5325,17.5781],[81.5082,17.5399],[81.5023,17.4574],[81.4425,17.3835],[81.429,17.3808],[81.4245,17.3702],[81.3941,17.3637],[81.3807,17.3657],[81.3587,17.377],[81.3521,17.3842],[81.3518,17.3939],[81.3392,17.4005],[81.3335,17.3991],[81.298,17.346],[81.276,17.3285],[81.2276,17.3301],[81.1991,17.3357],[81.1904,17.3305],[81.1794,17.3048],[81.18,17.2751],[81.1894,17.2631],[81.1717,17.2411],[81.127,17.233],[81.071,17.2125],[81.0554,17.2222],[81.0527,17.2129],[81.035,17.195],[80.994,17.1877],[80.9648,17.1965],[80.9394,17.2132],[80.9141,17.2094],[80.9173,17.1862],[80.9237,17.1781],[80.9221,17.1542],[80.905,17.149],[80.8791,17.1545],[80.8756,17.1328],[80.8639,17.1196],[80.873,17.1041],[80.8653,17.0768],[80.8677,17.0592],[80.8537,17.0412],[80.8414,17.0341],[80.8321,17.0461],[80.7554,17.0631],[80.7345,17.0727],[80.6927,17.0768],[80.6844,17.0693],[80.6483,17.0631],[80.6427,17.0669],[80.6465,17.0799],[80.6654,17.0957],[80.6339,17.1096],[80.6384,17.1179],[80.6216,17.1245],[80.6125,17.1233],[80.5821,17.143],[80.5688,17.1458],[80.5577,17.1314],[80.544,17.1275],[80.528,17.1159],[80.5047,17.1155],[80.4954,17.0906],[80.4908,17.058],[80.4804,17.0459],[80.4615,17.0448],[80.4549,17.0248],[80.4291,17.0326],[80.4229,17.0495],[80.4094,17.0618],[80.4036,17.0851],[80.3827,17.0707],[80.3763,17.0603],[80.3869,17.0418],[80.3864,17.031],[80.3973,17.0218],[80.3965,17.015],[80.3951,17.0106],[80.3798,17.0035],[80.3783,16.9907],[80.3668,16.9783],[80.4512,16.9528],[80.4965,16.9255],[80.4943,16.935],[80.5,16.9561],[80.5294,16.9444],[80.5405,16.9582],[80.5783,16.935],[80.593,16.9347],[80.5991,16.9198],[80.59,16.905],[80.5956,16.8822],[80.5738,16.8773],[80.5728,16.8508],[80.5635,16.8331],[80.5649,16.8267],[80.5759,16.8254],[80.5948,16.815],[80.613,16.7962],[80.5782,16.7792],[80.5717,16.7712],[80.5199,16.7783],[80.4984,16.7841],[80.4799,16.7965],[80.4652,16.7982],[80.4614,16.8234],[80.4316,16.8374],[80.4274,16.8504],[80.4084,16.8577],[80.4079,16.8396],[80.3817,16.8191],[80.3673,16.8628],[80.3436,16.8636],[80.346,16.875],[80.3279,16.8788],[80.324,16.9201],[80.3164,16.9315],[80.3099,16.9635],[80.2975,16.9844],[80.2706,17.0181],[80.2442,17.0098],[80.2263,17.027],[80.2097,17.0205],[80.204,17.0254],[80.2026,17.0498],[80.1905,17.0522],[80.1756,17.0309],[80.1508,17.0088],[80.1422,16.9927],[80.1285,16.9941],[80.1141,16.9886],[80.096,16.9947],[80.0926,16.9705],[80.0542,16.9725],[80.0516,17.0001],[80.0622,17.0173],[80.0578,17.0264],[79.9999,17.0694],[79.9793,17.1004],[79.9473,17.1301],[79.9137,17.1355],[79.914,17.1532],[79.8778,17.1785],[79.8756,17.1866],[79.8803,17.2092],[79.8996,17.2184],[79.8975,17.253],[79.8908,17.2629],[79.826,17.2762],[79.7929,17.3198],[79.8194,17.3366],[79.8408,17.3288],[79.8523,17.3357],[79.8722,17.3334],[79.8783,17.3421],[79.8795,17.3593],[79.8918,17.3548],[79.8964,17.3719],[79.9062,17.3763],[79.9315,17.3752],[79.9386,17.3792],[79.9357,17.391],[79.9402,17.3945],[79.9698,17.4046],[79.9867,17.4007],[79.99,17.374],[80.0,17.3629],[80.0485,17.3525],[80.0545,17.3472],[80.0761,17.3603],[80.0807,17.3675],[80.1031,17.3597],[80.1114,17.3642],[80.1208,17.3814],[80.1366,17.3921],[80.1433,17.3932],[80.1621,17.3785],[80.162,17.4077],[80.1695,17.455],[80.1288,17.4466],[80.1281,17.4821],[80.1069,17.4907],[80.0901,17.5137],[80.0842,17.5278],[80.087,17.5483],[80.0801,17.5557],[80.0872,17.5756],[80.0542,17.596],[80.0759,17.652],[80.0901,17.6595],[80.085,17.6733],[80.0755,17.6817],[80.0445,17.6971],[80.0464,17.7068],[80.0516,17.7151],[80.0652,17.7095],[80.0763,17.7112],[80.1258,17.7293],[80.1364,17.7342],[80.1437,17.7456],[80.1642,17.753],[80.1707,17.7277],[80.1776,17.7244],[80.1731,17.712],[80.2388,17.7521],[80.2457,17.7365],[80.2518,17.7394],[80.2599,17.7495],[80.2624,17.7686],[80.2539,17.8278],[80.2777,17.8712],[80.2837,17.9091],[80.2754,17.9205],[80.273,17.9335],[80.2774,17.9681],[80.2943,17.9667],[80.3099,17.9734],[80.3317,18.0057],[80.3454,18.0172],[80.349,18.0366],[80.3953,18.0819],[80.4356,18.059],[80.4481,18.0652],[80.4601,18.0601],[80.4572,18.079],[80.4801,18.122],[80.4682,18.1347],[80.4902,18.1423],[80.5003,18.1392],[80.5377,18.0991],[80.5444,18.0963],[80.5536,18.104],[80.5657,18.1028],[80.5983,18.0824],[80.6098,18.0904],[80.6181,18.1126],[80.6392,18.1109],[80.6445,18.1253],[80.6269,18.1272],[80.6284,18.1351],[80.6319,18.14],[80.6565,18.1341],[80.6584,18.1432],[80.6505,18.1547],[80.6612,18.1557],[80.6664,18.1711],[80.634,18.1919],[80.6289,18.2045],[80.6179,18.2051],[80.6023,18.2212],[80.5382,18.2612],[80.5046,18.2664],[80.4777,18.3007],[80.4699,18.3241],[80.4724,18.341],[80.4675,18.3552],[80.4755,18.3855],[80.4579,18.4046],[80.4666,18.4377],[80.4653,18.4474],[80.454,18.4572],[80.4411,18.4605],[80.3959,18.4611],[80.3811,18.4736],[80.3793,18.501],[80.3838,18.5055],[80.3767,18.5335],[80.381,18.5432],[80.3969,18.5568],[80.4024,18.5718],[80.389,18.5984],[80.4007,18.6078],[80.4235,18.6136],[80.4577,18.6312],[80.4753,18.6277],[80.491,18.633],[80.5057,18.6226],[80.5182,18.6206],[80.5396,18.5911],[80.5654,18.5779],[80.5756,18.5666],[80.6032,18.5543],[80.6215,18.5313],[80.6404,18.5242],[80.6423,18.504],[80.6585,18.4777],[80.6883,18.459],[80.6909,18.4501],[80.7067,18.4416],[80.6988,18.4249],[80.7208,18.4113],[80.7344,18.4146],[80.7366,18.4094],[80.7241,18.3886],[80.7321,18.3777],[80.7342,18.356],[80.7508,18.328],[80.7525,18.308],[80.7962,18.2558],[80.7922,18.2493],[80.7412,18.2248],[80.7425,18.1778],[80.753,18.1709],[80.7704,18.1691],[80.8059,18.1725],[80.8259,18.1933],[80.8252,18.2313],[80.8269,18.2371],[80.8376,18.2402],[80.8476,18.2342],[80.8671,18.2321],[80.8755,18.2135],[80.8693,18.2049],[80.8562,18.2039],[80.8638,18.1492],[80.8701,18.139],[80.9088,18.1411],[80.9401,18.1558],[80.9623,18.1734],[80.9818,18.1737]],[[80.6795,18.1082],[80.699,18.1265],[80.6843,18.1462],[80.6745,18.113],[80.6795,18.1082]]]}}]}
