{"type":"FeatureCollection","source":"DataMeet maps, States/Admin2 (https://github.com/datameet/maps), CC BY 4.0; simplified","features":[{"type":"Feature","properties":{"state":"Andaman & Nicobar","mines":0},"geometry":{"type":"MultiPolygon","coordinates":[[[[93.9,7.082],[93.898,7.082],[93.898,7.083],[93.9,7.082]]],[[[93.837,7.291],[93.834,7.29],[93.837,7.292],[93.837,7.291]]],[[[93.698,7.232],[93.71,7.214],[93.707,7.208],[93.698,7.232]]],[[[93.617,7.331],[93.623,7.328],[93.619,7.326],[93.617,7.331]]],[[[93.75,7.401],[93.759,7.401],[93.757,7.397],[93.75,7.401]]],[[[93.678,7.412],[93.675,7.401],[93.671,7.41],[93.678,7.412]]],[[[93.837,7.24],[93.88,7.09],[93.943,6.999],[93.909,7.001],[93.94,6.954],[93.888,6.903],[93.897,6.814],[93.844,6.816],[93.824,6.754],[93.738,6.964],[93.693,7.014],[93.656,7.007],[93.645,7.127],[93.675,7.191],[93.778,7.196],[93.837,7.24]]],[[[93.7,7.446],[93.743,7.362],[93.636,7.244],[93.621,7.373],[93.707,7.385],[93.7,7.446]]],[[[93.632,7.474],[93.64,7.476],[93.64,7.473],[93.632,7.474]]],[[[93.622,7.479],[93.622,7.479],[93.622,7.479],[93.622,7.479]]],[[[93.622,7.482],[93.62,7.481],[93.62,7.483],[93.622,7.482]]],[[[93.521,7.527],[93.534,7.52],[93.529,7.515],[93.521,7.527]]],[[[93.455,8.13],[93.455,8.13],[93.455,8.13],[93.455,8.13]]],[[[93.515,8.07],[93.514,8.07],[93.514,8.07],[93.515,8.07]]],[[[93.514,8.076],[93.513,8.076],[93.514,8.076],[93.514,8.076]]],[[[93.579,8.096],[93.578,8.096],[93.578,8.096],[93.579,8.096]]],[[[93.58,8.098],[93.579,8.097],[93.58,8.098],[93.58,8.098]]],[[[93.578,8.098],[93.578,8.097],[93.578,8.098],[93.578,8.098]]],[[[93.455,8.131],[93.455,8.131],[93.455,8.131],[93.455,8.131]]],[[[93.457,8.132],[93.457,8.131],[93.457,8.132],[93.457,8.132]]],[[[93.454,8.132],[93.454,8.132],[93.454,8.132],[93.454,8.132]]],[[[93.456,8.132],[93.457,8.132],[93.456,8.132],[93.456,8.132]]],[[[93.454,8.133],[93.453,8.133],[93.454,8.134],[93.454,8.133]]],[[[93.456,8.133],[93.456,8.133],[93.456,8.133],[93.456,8.133]]],[[[93.454,8.14],[93.453,8.139],[93.452,8.139],[93.454,8.14]]],[[[93.456,8.14],[93.454,8.14],[93.456,8.141],[93.456,8.14]]],[[[93.371,8.022],[93.452,7.936],[93.454,7.875],[93.416,7.908],[93.342,7.893],[93.332,7.919],[93.353,7.934],[93.353,7.959],[93.35,7.961],[93.31,7.933],[93.318,8.004],[93.371,8.022]]],[[[93.537,8.028],[93.572,7.994],[93.567,7.931],[93.498,7.986],[93.522,8.027],[93.544,7.99],[93.537,8.028]]],[[[93.493,8.049],[93.495,8.049],[93.493,8.047],[93.493,8.049]]],[[[93.514,8.065],[93.513,8.065],[93.513,8.065],[93.514,8.065]]],[[[93.553,8.12],[93.578,8.114],[93.581,8.099],[93.572,8.097],[93.59,8.051],[93.584,8.04],[93.553,8.12]]],[[[93.117,8.357],[93.116,8.276],[93.19,8.197],[93.077,8.274],[93.117,8.357]]],[[[93.634,8.396],[93.643,8.39],[93.633,8.395],[93.634,8.396]]],[[[93.229,8.224],[93.229,8.224],[93.229,8.225],[93.229,8.224]]],[[[93.211,8.249],[93.241,8.231],[93.229,8.225],[93.211,8.249]]],[[[93.624,8.398],[93.625,8.398],[93.625,8.397],[93.624,8.398]]],[[[93.047,8.46],[93.026,8.451],[93.033,8.472],[93.047,8.46]]],[[[93.608,8.572],[93.632,8.468],[93.612,8.424],[93.62,8.489],[93.608,8.572]]],[[[93.631,8.395],[93.632,8.395],[93.633,8.395],[93.631,8.395]]],[[[93.597,8.583],[93.599,8.582],[93.598,8.581],[93.597,8.583]]],[[[92.773,9.259],[92.826,9.14],[92.728,9.127],[92.72,9.219],[92.763,9.216],[92.773,9.259]]],[[[92.521,10.898],[92.586,10.788],[92.597,10.681],[92.539,10.611],[92.569,10.578],[92.513,10.514],[92.433,10.551],[92.389,10.533],[92.421,10.616],[92.378,10.783],[92.521,10.898]]],[[[92.618,10.932],[92.607,10.931],[92.605,10.938],[92.618,10.932]]],[[[92.211,10.981],[92.224,10.978],[92.213,10.976],[92.211,10.981]]],[[[92.668,10.986],[92.658,10.99],[92.666,10.992],[92.668,10.986]]],[[[92.725,11.143],[92.722,11.144],[92.724,11.144],[92.725,11.143]]],[[[92.731,11.149],[92.729,11.142],[92.725,11.145],[92.731,11.149]]],[[[92.675,11.185],[92.675,11.178],[92.674,11.19],[92.675,11.185]]],[[[92.691,11.244],[92.692,11.281],[92.704,11.29],[92.705,11.264],[92.691,11.244]]],[[[92.721,11.334],[92.708,11.3],[92.695,11.31],[92.721,11.334]]],[[[92.55,11.395],[92.545,11.396],[92.55,11.397],[92.55,11.395]]],[[[92.557,11.397],[92.559,11.393],[92.555,11.392],[92.557,11.397]]],[[[93.512,8.235],[93.536,8.203],[93.488,8.145],[93.539,8.083],[93.54,8.038],[93.497,8.036],[93.491,8.0],[93.476,8.047],[93.501,8.039],[93.525,8.082],[93.502,8.087],[93.475,8.053],[93.48,8.093],[93.445,8.168],[93.512,8.235]]],[[[92.214,11.595],[92.268,11.586],[92.268,11.523],[92.211,11.53],[92.214,11.595]]],[[[93.085,11.785],[93.078,11.786],[93.085,11.789],[93.085,11.785]]],[[[93.017,11.845],[93.062,11.845],[93.07,11.836],[93.048,11.813],[93.017,11.845]]],[[[92.599,11.918],[92.596,11.912],[92.595,11.906],[92.594,11.915],[92.599,11.918]]],[[[92.715,11.926],[92.724,11.91],[92.718,11.903],[92.715,11.926]]],[[[92.605,11.935],[92.601,11.936],[92.603,11.936],[92.605,11.935]]],[[[92.732,11.96],[92.724,11.942],[92.725,11.956],[92.732,11.96]]],[[[92.595,11.976],[92.608,11.943],[92.605,11.937],[92.602,11.937],[92.598,11.928],[92.595,11.976]]],[[[92.724,11.953],[92.722,11.954],[92.724,11.954],[92.724,11.953]]],[[[92.58,11.978],[92.583,11.978],[92.581,11.977],[92.58,11.978]]],[[[92.742,11.962],[92.759,11.949],[92.735,11.952],[92.742,11.962]]],[[[92.743,11.966],[92.741,11.966],[92.743,11.968],[92.743,11.966]]],[[[92.723,11.992],[92.726,11.988],[92.722,11.983],[92.723,11.992]]],[[[92.726,11.996],[92.725,11.996],[92.725,11.996],[92.726,11.996]]],[[[92.77,12.017],[92.774,12.013],[92.771,12.014],[92.77,12.017]]],[[[92.628,11.547],[92.626,11.545],[92.628,11.548],[92.628,11.547]]],[[[92.601,11.538],[92.605,11.533],[92.605,11.522],[92.601,11.538]]],[[[92.695,11.663],[92.7,11.659],[92.692,11.661],[92.695,11.663]]],[[[92.76,11.677],[92.762,11.67],[92.761,11.669],[92.76,11.677]]],[[[92.726,11.687],[92.722,11.687],[92.722,11.688],[92.726,11.687]]],[[[92.609,11.532],[92.617,11.56],[92.616,11.536],[92.609,11.532]]],[[[92.576,11.571],[92.574,11.563],[92.572,11.563],[92.576,11.571]]],[[[92.567,11.57],[92.564,11.569],[92.566,11.571],[92.567,11.57]]],[[[92.591,11.578],[92.597,11.549],[92.594,11.533],[92.583,11.549],[92.591,11.578]]],[[[92.601,11.586],[92.614,11.563],[92.6,11.568],[92.601,11.586]]],[[[92.531,11.596],[92.564,11.574],[92.529,11.555],[92.531,11.596]]],[[[92.578,11.584],[92.576,11.584],[92.578,11.585],[92.578,11.584]]],[[[92.594,11.59],[92.592,11.59],[92.592,11.591],[92.594,11.59]]],[[[93.109,12.142],[93.123,12.141],[93.115,12.13],[93.109,12.142]]],[[[93.098,12.137],[93.096,12.135],[93.097,12.137],[93.098,12.137]]],[[[93.093,12.221],[93.092,12.219],[93.093,12.224],[93.093,12.221]]],[[[93.092,12.225],[93.091,12.225],[93.09,12.226],[93.092,12.225]]],[[[92.966,12.041],[93.008,12.02],[93.044,11.885],[92.925,11.996],[92.966,12.041]]],[[[92.985,12.111],[93.005,12.048],[92.995,12.042],[92.954,12.08],[92.958,12.111],[92.971,12.107],[92.977,12.107],[92.985,12.111]]],[[[92.682,12.217],[92.679,12.219],[92.681,12.224],[92.682,12.217]]],[[[92.73,12.188],[92.724,12.185],[92.729,12.19],[92.73,12.188]]],[[[92.741,12.112],[92.738,12.111],[92.74,12.113],[92.741,12.112]]],[[[92.956,12.102],[92.948,12.091],[92.947,12.117],[92.956,12.102]]],[[[93.026,12.146],[93.05,12.08],[93.044,12.046],[93.006,12.08],[93.026,12.146]]],[[[93.049,12.117],[93.058,12.117],[93.053,12.109],[93.049,12.117]]],[[[92.757,12.146],[92.753,12.146],[92.756,12.15],[92.757,12.146]]],[[[92.987,12.16],[93.003,12.112],[92.984,12.112],[92.977,12.108],[92.952,12.147],[92.987,12.16]]],[[[92.762,12.179],[92.758,12.167],[92.758,12.165],[92.758,12.166],[92.758,12.177],[92.754,12.181],[92.762,12.179]]],[[[92.924,12.215],[92.939,12.216],[92.932,12.196],[92.924,12.215]]],[[[93.072,12.21],[93.094,12.143],[93.074,12.084],[93.067,12.132],[93.048,12.119],[93.036,12.132],[93.072,12.21]]],[[[93.02,12.224],[93.018,12.224],[93.02,12.224],[93.02,12.224]]],[[[92.612,11.509],[92.608,11.507],[92.614,11.511],[92.612,11.509]]],[[[92.644,11.514],[92.643,11.514],[92.644,11.515],[92.644,11.514]]],[[[92.639,11.511],[92.684,11.436],[92.646,11.407],[92.69,11.375],[92.598,11.347],[92.586,11.401],[92.622,11.405],[92.639,11.511]]],[[[92.551,11.532],[92.567,11.528],[92.565,11.517],[92.551,11.532]]],[[[93.068,12.328],[93.073,12.325],[93.064,12.326],[93.068,12.328]]],[[[92.668,12.534],[92.684,12.539],[92.677,12.522],[92.668,12.534]]],[[[92.829,12.426],[92.84,12.423],[92.842,12.416],[92.829,12.426]]],[[[92.72,12.619],[92.723,12.621],[92.723,12.62],[92.723,12.621],[92.72,12.619]]],[[[92.702,12.64],[92.7,12.64],[92.701,12.641],[92.702,12.64]]],[[[92.725,12.656],[92.725,12.655],[92.725,12.654],[92.725,12.656]]],[[[92.925,12.404],[92.958,12.418],[92.93,12.359],[92.925,12.404]]],[[[92.845,12.417],[92.842,12.416],[92.843,12.418],[92.845,12.417]]],[[[92.868,12.414],[92.858,12.417],[92.867,12.421],[92.868,12.414]]],[[[92.887,12.408],[92.884,12.377],[92.844,12.395],[92.851,12.409],[92.887,12.408]]],[[[92.898,12.412],[92.897,12.41],[92.897,12.412],[92.898,12.412]]],[[[92.901,12.426],[92.898,12.422],[92.898,12.426],[92.901,12.426]]],[[[92.912,12.334],[92.91,12.334],[92.911,12.336],[92.912,12.334]]],[[[92.905,12.34],[92.904,12.339],[92.904,12.341],[92.905,12.34]]],[[[92.909,12.351],[92.917,12.351],[92.91,12.338],[92.909,12.351]]],[[[92.655,12.774],[92.654,12.772],[92.655,12.774],[92.655,12.774]]],[[[92.708,12.692],[92.715,12.69],[92.71,12.68],[92.708,12.692]]],[[[92.719,12.697],[92.721,12.69],[92.716,12.686],[92.719,12.697]]],[[[92.722,12.738],[92.729,12.731],[92.727,12.727],[92.722,12.738]]],[[[92.727,12.837],[92.724,12.832],[92.726,12.839],[92.727,12.837]]],[[[92.767,12.852],[92.78,12.85],[92.78,12.84],[92.785,12.832],[92.783,12.825],[92.767,12.852]]],[[[92.762,12.852],[92.765,12.85],[92.765,12.848],[92.765,12.842],[92.766,12.838],[92.765,12.836],[92.762,12.852]]],[[[92.707,12.83],[92.711,12.777],[92.725,12.748],[92.716,12.719],[92.693,12.798],[92.707,12.83]]],[[[92.716,12.788],[92.723,12.768],[92.724,12.762],[92.716,12.788]]],[[[92.76,12.869],[92.765,12.857],[92.763,12.856],[92.76,12.869]]],[[[92.713,12.856],[92.72,12.84],[92.711,12.832],[92.713,12.856]]],[[[92.728,12.856],[92.731,12.856],[92.729,12.855],[92.728,12.856]]],[[[92.695,13.096],[92.705,13.071],[92.7,13.071],[92.695,13.096]]],[[[92.731,13.095],[92.728,13.093],[92.73,13.096],[92.731,13.095]]],[[[92.796,13.171],[92.793,13.169],[92.793,13.171],[92.796,13.171]]],[[[93.058,13.226],[93.057,13.224],[93.057,13.227],[93.058,13.226]]],[[[93.061,13.228],[93.059,13.227],[93.059,13.228],[93.061,13.228]]],[[[92.917,13.06],[92.913,13.061],[92.915,13.063],[92.917,13.06]]],[[[92.914,13.064],[92.912,13.064],[92.913,13.067],[92.914,13.064]]],[[[93.069,13.3],[93.077,13.301],[93.071,13.298],[93.069,13.3]]],[[[92.966,13.335],[92.964,13.336],[92.967,13.338],[92.966,13.335]]],[[[93.008,13.316],[92.996,13.3],[93.008,13.321],[93.008,13.316]]],[[[93.014,13.309],[93.02,13.317],[93.021,13.304],[93.014,13.309]]],[[[93.007,13.336],[93.007,13.337],[93.008,13.337],[93.007,13.336]]],[[[93.013,13.339],[93.014,13.337],[93.012,13.337],[93.013,13.339]]],[[[93.015,13.343],[93.019,13.338],[93.017,13.337],[93.015,13.343]]],[[[92.988,13.0],[92.986,13.0],[92.988,13.001],[92.988,13.0]]],[[[92.918,13.043],[92.913,13.043],[92.916,13.048],[92.918,13.043]]],[[[92.932,13.052],[92.931,13.052],[92.931,13.054],[92.932,13.052]]],[[[92.916,13.008],[92.939,13.025],[92.942,12.997],[92.916,13.008]]],[[[93.097,13.432],[93.101,13.435],[93.102,13.431],[93.097,13.432]]],[[[93.094,13.416],[93.09,13.412],[93.094,13.419],[93.094,13.42],[93.094,13.416]]],[[[93.042,13.638],[93.055,13.645],[93.046,13.621],[93.042,13.638]]],[[[93.019,13.671],[93.028,13.629],[93.012,13.649],[92.986,13.643],[92.976,13.654],[93.019,13.671]]],[[[93.055,13.379],[93.089,13.336],[93.064,13.304],[93.039,13.323],[93.055,13.379]]],[[[93.074,13.366],[93.076,13.364],[93.073,13.365],[93.074,13.366]]],[[[93.081,13.368],[93.08,13.369],[93.081,13.369],[93.081,13.368]]],[[[93.078,13.377],[93.079,13.377],[93.079,13.377],[93.078,13.377]]],[[[93.062,13.386],[93.06,13.385],[93.062,13.387],[93.062,13.386]]],[[[92.811,13.42],[92.818,13.417],[92.813,13.404],[92.811,13.42]]],[[[92.865,13.505],[92.873,13.506],[92.871,13.502],[92.866,13.504],[92.865,13.505]]],[[[93.076,13.433],[93.077,13.433],[93.076,13.433],[93.076,13.433]]],[[[92.873,13.539],[92.877,13.538],[92.875,13.536],[92.873,13.539]]],[[[93.055,13.563],[93.051,13.565],[93.055,13.566],[93.055,13.563]]],[[[92.909,13.532],[92.906,13.537],[92.911,13.534],[92.909,13.532]]],[[[92.917,13.516],[92.916,13.508],[92.913,13.507],[92.917,13.516]]],[[[93.093,13.417],[93.086,13.416],[93.092,13.42],[93.093,13.417]]],[[[93.066,13.423],[93.069,13.423],[93.069,13.413],[93.066,13.423]]],[[[92.825,13.439],[92.834,13.421],[92.822,13.421],[92.825,13.439]]],[[[93.002,13.571],[92.998,13.57],[93.0,13.573],[93.002,13.571]]],[[[92.89,13.598],[92.902,13.597],[92.884,13.575],[92.89,13.598]]],[[[92.752,12.894],[92.748,12.894],[92.749,12.897],[92.752,12.894]]],[[[92.754,12.915],[92.755,12.893],[92.752,12.89],[92.754,12.915]]],[[[92.695,12.991],[92.718,12.875],[92.671,12.838],[92.667,12.783],[92.647,12.862],[92.695,12.991]]],[[[92.91,12.915],[92.908,12.915],[92.911,12.917],[92.91,12.915]]],[[[92.934,12.92],[92.934,12.911],[92.929,12.917],[92.934,12.92]]],[[[92.893,12.899],[92.891,12.898],[92.891,12.899],[92.893,12.899]]],[[[92.79,12.89],[92.781,12.884],[92.782,12.893],[92.791,12.891],[92.79,12.89]]],[[[92.863,12.914],[92.863,12.914],[92.863,12.914],[92.863,12.914]]],[[[92.767,12.917],[92.766,12.917],[92.767,12.918],[92.767,12.917]]],[[[92.766,12.922],[92.761,12.922],[92.765,12.926],[92.766,12.922]]],[[[92.773,12.911],[92.8,12.898],[92.791,12.892],[92.773,12.911]]],[[[92.864,12.918],[92.873,12.932],[92.885,12.924],[92.864,12.918]]],[[[92.769,12.925],[92.775,12.928],[92.772,12.918],[92.769,12.925]]],[[[92.668,12.956],[92.668,12.953],[92.666,12.953],[92.668,12.956]]],[[[92.666,12.95],[92.668,12.951],[92.668,12.95],[92.666,12.95]]],[[[92.669,12.952],[92.671,12.95],[92.669,12.951],[92.669,12.952]]],[[[92.671,12.948],[92.67,12.948],[92.671,12.948],[92.671,12.948]]],[[[92.674,12.95],[92.675,12.948],[92.672,12.949],[92.674,12.95]]],[[[92.669,12.949],[92.672,12.95],[92.672,12.949],[92.669,12.949]]],[[[92.667,12.952],[92.668,12.952],[92.668,12.952],[92.667,12.952]]],[[[92.67,12.953],[92.669,12.953],[92.669,12.953],[92.67,12.953]]],[[[92.759,12.935],[92.766,12.929],[92.763,12.926],[92.759,12.935]]],[[[92.889,12.938],[92.891,12.937],[92.888,12.934],[92.889,12.938]]],[[[92.957,12.949],[92.969,12.945],[92.95,12.941],[92.957,12.949]]],[[[93.005,12.997],[92.969,12.962],[92.986,12.957],[92.978,12.933],[92.951,12.981],[93.005,12.997]]],[[[93.03,13.568],[93.039,13.492],[93.005,13.463],[93.033,13.436],[92.991,13.438],[92.989,13.428],[93.067,13.397],[93.025,13.373],[92.999,13.396],[93.032,13.345],[92.945,13.351],[92.952,13.327],[92.961,13.323],[92.949,13.321],[92.948,13.32],[92.948,13.318],[92.997,13.315],[92.974,13.282],[93.002,13.265],[93.002,13.304],[93.043,13.254],[93.064,13.272],[93.031,13.178],[93.033,13.082],[92.959,13.016],[92.945,13.122],[92.922,13.057],[92.898,13.096],[92.887,13.093],[92.892,13.101],[92.889,13.114],[92.883,13.128],[92.876,13.136],[92.875,13.136],[92.873,13.104],[92.912,13.067],[92.895,13.059],[92.886,13.045],[92.858,13.08],[92.846,13.075],[92.843,13.051],[92.86,13.066],[92.863,13.044],[92.869,13.055],[92.872,13.044],[92.886,13.044],[92.897,13.058],[92.912,13.055],[92.894,13.011],[92.937,12.975],[92.91,12.947],[92.895,12.996],[92.87,12.935],[92.851,12.961],[92.842,12.957],[92.847,12.912],[92.875,12.906],[92.841,12.877],[92.843,12.888],[92.841,12.893],[92.801,12.9],[92.79,12.962],[92.799,12.992],[92.822,12.977],[92.837,13.023],[92.788,13.02],[92.809,13.127],[92.847,13.118],[92.848,13.15],[92.809,13.153],[92.849,13.161],[92.818,13.185],[92.831,13.243],[92.853,13.235],[92.851,13.229],[92.855,13.219],[92.848,13.213],[92.848,13.209],[92.849,13.208],[92.854,13.209],[92.858,13.206],[92.861,13.207],[92.858,13.201],[92.859,13.2],[92.863,13.197],[92.857,13.196],[92.856,13.195],[92.855,13.191],[92.856,13.189],[92.858,13.188],[92.859,13.189],[92.859,13.192],[92.86,13.192],[92.861,13.186],[92.861,13.184],[92.863,13.185],[92.861,13.192],[92.859,13.193],[92.858,13.188],[92.856,13.191],[92.864,13.196],[92.862,13.207],[92.854,13.21],[92.849,13.209],[92.856,13.22],[92.851,13.261],[92.821,13.28],[92.869,13.391],[92.842,13.403],[92.871,13.413],[92.873,13.402],[92.878,13.397],[92.882,13.395],[92.879,13.392],[92.88,13.389],[92.886,13.399],[92.889,13.395],[92.89,13.394],[92.892,13.396],[92.895,13.392],[92.898,13.391],[92.898,13.389],[92.902,13.391],[92.902,13.388],[92.906,13.383],[92.915,13.382],[92.918,13.385],[92.918,13.386],[92.919,13.386],[92.919,13.386],[92.918,13.385],[92.919,13.383],[92.921,13.383],[92.924,13.385],[92.897,13.413],[92.896,13.402],[92.884,13.407],[92.885,13.4],[92.882,13.396],[92.874,13.403],[92.87,13.424],[92.886,13.432],[92.888,13.429],[92.889,13.427],[92.889,13.424],[92.889,13.423],[92.891,13.423],[92.893,13.425],[92.897,13.426],[92.898,13.426],[92.898,13.427],[92.897,13.428],[92.899,13.429],[92.871,13.472],[92.918,13.501],[92.921,13.472],[92.931,13.472],[92.915,13.533],[92.984,13.527],[92.987,13.574],[93.013,13.539],[93.03,13.568]]],[[[92.698,12.248],[92.695,12.247],[92.696,12.25],[92.698,12.248]]],[[[92.882,12.241],[92.88,12.24],[92.881,12.242],[92.882,12.241]]],[[[92.735,12.24],[92.729,12.215],[92.742,12.205],[92.761,12.229],[92.763,12.183],[92.728,12.198],[92.722,12.189],[92.735,12.24]]],[[[92.795,12.304],[92.853,12.281],[92.849,12.302],[92.872,12.302],[92.891,12.267],[92.862,12.264],[92.857,12.245],[92.87,12.213],[92.884,12.198],[92.833,12.215],[92.855,12.159],[92.823,12.167],[92.815,12.106],[92.763,12.064],[92.738,12.098],[92.766,12.152],[92.775,12.243],[92.741,12.246],[92.787,12.28],[92.771,12.313],[92.795,12.304]]],[[[92.9,12.256],[92.914,12.22],[92.878,12.208],[92.87,12.246],[92.883,12.238],[92.9,12.256]]],[[[93.084,12.229],[93.085,12.227],[93.082,12.225],[93.084,12.229]]],[[[93.104,12.251],[93.103,12.239],[93.098,12.232],[93.099,12.205],[93.091,12.214],[93.093,12.219],[93.094,12.222],[93.092,12.228],[93.089,12.231],[93.099,12.235],[93.102,12.246],[93.08,12.226],[93.062,12.234],[93.104,12.251]]],[[[92.868,12.249],[92.86,12.243],[92.864,12.251],[92.868,12.249]]],[[[92.696,12.239],[92.703,12.138],[92.719,12.18],[92.756,12.177],[92.734,12.103],[92.734,12.084],[92.782,12.048],[92.76,12.02],[92.727,12.045],[92.768,11.997],[92.734,11.977],[92.738,11.997],[92.721,12.006],[92.713,11.994],[92.711,11.821],[92.745,11.932],[92.783,11.936],[92.791,11.886],[92.754,11.701],[92.706,11.701],[92.661,11.654],[92.673,11.607],[92.718,11.682],[92.755,11.665],[92.71,11.478],[92.646,11.522],[92.633,11.59],[92.616,11.563],[92.608,11.621],[92.639,11.612],[92.647,11.646],[92.607,11.634],[92.592,11.735],[92.56,11.695],[92.552,11.849],[92.514,11.848],[92.562,11.947],[92.614,11.831],[92.622,12.102],[92.696,12.239]]],[[[92.724,12.256],[92.721,12.256],[92.721,12.257],[92.724,12.256]]],[[[93.028,12.279],[93.021,12.276],[93.028,12.28],[93.028,12.279]]],[[[92.9,12.262],[92.898,12.26],[92.899,12.263],[92.9,12.262]]],[[[92.881,12.248],[92.879,12.246],[92.878,12.251],[92.881,12.248]]],[[[92.739,12.283],[92.741,12.256],[92.733,12.247],[92.739,12.283]]],[[[92.767,12.286],[92.752,12.278],[92.761,12.294],[92.767,12.286]]],[[[92.737,12.291],[92.734,12.288],[92.736,12.293],[92.737,12.291]]],[[[92.771,12.294],[92.766,12.29],[92.77,12.295],[92.771,12.294]]],[[[92.753,12.295],[92.752,12.293],[92.751,12.293],[92.753,12.295]]],[[[92.699,12.275],[92.723,12.291],[92.71,12.23],[92.699,12.275]]],[[[92.858,12.335],[92.871,12.329],[92.886,12.332],[92.9,12.324],[92.858,12.314],[92.862,12.321],[92.86,12.32],[92.861,12.324],[92.857,12.328],[92.858,12.33],[92.855,12.332],[92.856,12.333],[92.857,12.34],[92.858,12.339],[92.857,12.337],[92.858,12.335]]],[[[92.934,12.303],[92.941,12.277],[92.922,12.229],[92.901,12.288],[92.934,12.303]]],[[[92.863,12.305],[92.865,12.304],[92.863,12.303],[92.863,12.305]]],[[[92.879,12.297],[92.876,12.297],[92.879,12.298],[92.879,12.297]]],[[[92.765,12.298],[92.762,12.298],[92.765,12.3],[92.765,12.298]]],[[[92.897,12.927],[92.952,12.808],[92.926,12.775],[92.979,12.71],[92.941,12.626],[92.968,12.497],[92.906,12.478],[92.957,12.473],[92.912,12.451],[92.91,12.406],[92.898,12.452],[92.853,12.458],[92.835,12.501],[92.816,12.487],[92.834,12.489],[92.842,12.479],[92.84,12.472],[92.841,12.477],[92.833,12.482],[92.832,12.481],[92.831,12.48],[92.833,12.476],[92.829,12.475],[92.828,12.472],[92.825,12.473],[92.825,12.473],[92.825,12.472],[92.829,12.472],[92.83,12.475],[92.83,12.472],[92.83,12.471],[92.831,12.469],[92.833,12.47],[92.835,12.48],[92.839,12.465],[92.884,12.436],[92.899,12.417],[92.816,12.455],[92.796,12.438],[92.799,12.465],[92.786,12.475],[92.789,12.477],[92.79,12.481],[92.79,12.483],[92.79,12.484],[92.786,12.484],[92.772,12.471],[92.787,12.437],[92.829,12.428],[92.815,12.425],[92.834,12.411],[92.816,12.417],[92.804,12.412],[92.803,12.405],[92.802,12.405],[92.802,12.406],[92.801,12.406],[92.799,12.404],[92.799,12.401],[92.838,12.409],[92.823,12.374],[92.842,12.392],[92.899,12.334],[92.879,12.345],[92.871,12.33],[92.857,12.345],[92.848,12.344],[92.831,12.303],[92.77,12.334],[92.764,12.302],[92.719,12.3],[92.684,12.609],[92.718,12.644],[92.72,12.619],[92.722,12.616],[92.773,12.671],[92.762,12.625],[92.779,12.58],[92.799,12.661],[92.787,12.667],[92.797,12.675],[92.789,12.704],[92.777,12.717],[92.783,12.72],[92.779,12.728],[92.782,12.733],[92.781,12.735],[92.776,12.736],[92.774,12.734],[92.773,12.73],[92.783,12.693],[92.768,12.673],[92.732,12.675],[92.746,12.723],[92.722,12.826],[92.73,12.836],[92.735,12.807],[92.737,12.805],[92.772,12.843],[92.783,12.763],[92.79,12.89],[92.822,12.896],[92.841,12.891],[92.839,12.877],[92.847,12.876],[92.896,12.898],[92.897,12.927]]]]}},{"type":"Feature","properties":{"state":"Andhra Pradesh","mines":0},"geometry":{"type":"MultiPolygon","coordinates":[[[[80.775,15.863],[80.778,15.864],[80.784,15.858],[80.775,15.863]]],[[[80.792,15.83],[80.79,15.828],[80.79,15.832],[80.792,15.83]]],[[[80.789,15.839],[80.787,15.841],[80.787,15.843],[80.789,15.839]]],[[[80.784,15.855],[80.788,15.853],[80.787,15.845],[80.784,15.855]]],[[[80.931,15.716],[80.929,15.717],[80.931,15.718],[80.931,15.716]]],[[[80.813,15.732],[80.811,15.732],[80.811,15.733],[80.813,15.732]]],[[[80.796,15.755],[80.794,15.754],[80.796,15.755],[80.796,15.755]]],[[[80.793,15.77],[80.794,15.77],[80.793,15.769],[80.793,15.77]]],[[[81.008,15.795],[81.006,15.791],[81.008,15.796],[81.008,15.795]]],[[[80.794,15.757],[80.792,15.757],[80.794,15.758],[80.794,15.757]]],[[[80.794,15.759],[80.793,15.758],[80.794,15.759],[80.794,15.759]]],[[[81.012,15.814],[81.019,15.793],[81.005,15.816],[81.012,15.814]]],[[[84.676,19.168],[84.763,19.074],[84.128,18.313],[83.569,18.01],[83.213,17.591],[82.594,17.281],[82.319,17.057],[82.248,16.93],[82.248,16.876],[82.355,16.851],[82.326,16.991],[82.36,16.959],[82.366,16.707],[82.317,16.662],[82.314,16.559],[81.721,16.307],[81.487,16.355],[81.305,16.304],[81.214,16.208],[81.148,15.974],[81.001,15.832],[81.009,15.755],[80.939,15.717],[80.928,15.722],[80.821,15.71],[80.78,15.836],[80.801,15.806],[80.807,15.841],[80.774,15.868],[80.68,15.886],[80.429,15.805],[80.282,15.686],[80.206,15.473],[80.111,15.346],[80.047,15.081],[80.097,14.781],[80.196,14.587],[80.127,14.15],[80.255,13.783],[80.242,13.471],[80.078,13.489],[80.081,13.55],[80.003,13.544],[80.047,13.494],[79.972,13.469],[79.938,13.356],[79.734,13.289],[79.795,13.242],[79.755,13.207],[79.684,13.244],[79.683,13.296],[79.579,13.258],[79.535,13.275],[79.537,13.339],[79.435,13.352],[79.382,13.308],[79.445,13.301],[79.408,13.265],[79.453,13.238],[79.438,13.188],[79.374,13.189],[79.36,13.124],[79.307,13.106],[79.235,13.171],[79.21,13.148],[79.234,13.105],[79.181,13.084],[79.163,13.02],[79.081,13.026],[78.995,13.087],[78.924,13.081],[78.904,13.048],[78.929,13.046],[78.941,13.036],[78.937,13.03],[78.892,13.033],[78.892,13.097],[78.714,13.069],[78.705,13.015],[78.656,13.031],[78.621,12.991],[78.657,12.932],[78.556,12.7],[78.493,12.747],[78.52,12.712],[78.468,12.676],[78.465,12.624],[78.379,12.625],[78.272,12.705],[78.238,12.686],[78.199,12.695],[78.241,12.73],[78.252,12.861],[78.312,12.859],[78.354,12.94],[78.446,12.912],[78.465,12.867],[78.467,12.905],[78.411,12.945],[78.467,12.975],[78.462,13.043],[78.538,13.106],[78.517,13.132],[78.58,13.167],[78.55,13.2],[78.587,13.281],[78.566,13.312],[78.532,13.267],[78.483,13.321],[78.377,13.332],[78.409,13.343],[78.365,13.362],[78.401,13.588],[78.236,13.599],[78.193,13.565],[78.204,13.628],[78.168,13.656],[78.087,13.643],[78.066,13.676],[78.121,13.716],[78.092,13.742],[78.127,13.787],[78.115,13.863],[78.049,13.896],[78.046,13.862],[78.0,13.873],[77.953,13.827],[77.988,13.956],[77.927,13.905],[77.827,13.945],[77.837,13.87],[77.719,13.8],[77.717,13.741],[77.651,13.784],[77.631,13.736],[77.561,13.722],[77.526,13.753],[77.528,13.693],[77.485,13.715],[77.455,13.682],[77.465,13.806],[77.423,13.799],[77.433,13.843],[77.257,13.847],[77.236,13.904],[77.2,13.863],[77.185,13.925],[77.169,13.865],[77.128,13.856],[77.169,13.83],[77.173,13.762],[77.065,13.744],[77.024,13.779],[76.999,13.746],[76.978,13.827],[77.042,13.933],[76.931,14.03],[76.978,14.071],[76.886,14.138],[76.895,14.168],[76.948,14.198],[77.023,14.177],[77.028,14.062],[77.127,14.047],[77.149,14.001],[77.322,14.03],[77.371,13.953],[77.348,13.916],[77.399,13.888],[77.438,13.976],[77.382,13.976],[77.39,14.017],[77.332,14.031],[77.401,14.119],[77.347,14.104],[77.352,14.131],[77.394,14.174],[77.504,14.157],[77.517,14.183],[77.498,14.279],[77.45,14.281],[77.406,14.338],[77.377,14.308],[77.418,14.226],[77.393,14.199],[77.364,14.276],[77.284,14.283],[77.287,14.34],[77.139,14.34],[77.101,14.217],[76.94,14.245],[76.925,14.274],[76.957,14.294],[76.885,14.348],[76.885,14.396],[76.916,14.421],[76.943,14.4],[76.975,14.485],[76.868,14.474],[76.765,14.602],[76.803,14.742],[76.783,14.786],[76.854,14.809],[76.87,14.938],[76.867,14.97],[76.767,14.976],[76.777,15.078],[76.836,15.079],[76.877,15.03],[77.05,15.033],[77.082,15.006],[77.169,15.171],[77.125,15.227],[77.167,15.269],[77.113,15.334],[77.064,15.328],[76.974,15.5],[77.03,15.503],[77.03,15.635],[77.083,15.659],[77.121,15.631],[77.129,15.666],[77.046,15.74],[77.065,15.828],[77.025,15.838],[77.075,15.912],[77.249,15.965],[77.804,15.874],[77.888,15.906],[78.009,15.862],[78.032,15.907],[78.084,15.841],[78.134,15.836],[78.184,15.91],[78.252,15.935],[78.261,16.026],[78.312,16.012],[78.408,16.075],[78.552,16.043],[78.627,16.088],[78.736,16.008],[78.783,16.02],[78.838,16.072],[78.834,16.145],[78.872,16.144],[78.896,16.086],[78.922,16.104],[78.905,16.184],[79.01,16.24],[79.217,16.227],[79.215,16.488],[79.257,16.566],[79.419,16.58],[79.447,16.62],[79.774,16.731],[79.817,16.692],[79.878,16.697],[79.91,16.634],[79.963,16.644],[80.071,16.802],[79.999,16.865],[80.017,16.915],[80.055,16.971],[80.196,17.044],[80.211,17.01],[80.294,16.996],[80.322,16.88],[80.38,16.817],[80.408,16.848],[80.379,16.852],[80.383,16.865],[80.464,16.82],[80.464,16.795],[80.57,16.768],[80.613,16.794],[80.563,16.833],[80.602,16.919],[80.535,16.961],[80.493,16.927],[80.363,16.976],[80.407,17.016],[80.409,17.092],[80.465,17.03],[80.514,17.122],[80.58,17.153],[80.671,17.101],[80.654,17.069],[80.739,17.08],[80.845,17.04],[80.879,17.161],[80.924,17.158],[80.919,17.22],[81.031,17.19],[81.055,17.225],[81.174,17.23],[81.19,17.325],[81.274,17.317],[81.323,17.375],[81.312,17.409],[81.148,17.464],[81.127,17.526],[81.02,17.52],[80.969,17.598],[80.855,17.602],[80.861,17.634],[80.911,17.638],[80.886,17.736],[80.928,17.762],[80.973,17.78],[81.058,17.733],[81.166,17.858],[81.393,17.795],[81.476,17.838],[81.492,17.813],[81.617,17.823],[81.672,17.888],[81.726,17.879],[82.031,18.07],[82.167,18.053],[82.265,17.996],[82.26,18.043],[82.339,18.056],[82.338,18.151],[82.371,18.149],[82.309,18.205],[82.343,18.281],[82.391,18.299],[82.387,18.329],[82.337,18.327],[82.384,18.368],[82.363,18.422],[82.481,18.549],[82.561,18.449],[82.536,18.406],[82.621,18.36],[82.58,18.316],[82.636,18.237],[82.641,18.303],[82.773,18.341],[82.801,18.45],[82.895,18.424],[82.894,18.382],[82.938,18.362],[83.053,18.381],[83.065,18.431],[83.019,18.457],[83.093,18.548],[83.043,18.545],[83.011,18.647],[83.137,18.786],[83.211,18.732],[83.223,18.776],[83.269,18.765],[83.404,18.843],[83.366,18.963],[83.332,18.926],[83.309,19.0],[83.399,19.01],[83.46,18.956],[83.466,19.094],[83.535,19.012],[83.547,19.081],[83.583,19.059],[83.624,19.164],[83.73,19.022],[83.71,19.002],[83.753,18.926],[83.786,18.917],[83.746,18.997],[83.793,19.019],[83.891,18.815],[84.036,18.817],[84.089,18.758],[84.342,18.803],[84.363,18.84],[84.331,18.883],[84.372,18.863],[84.358,18.896],[84.39,18.878],[84.377,18.905],[84.436,18.922],[84.419,19.023],[84.474,18.99],[84.571,19.075],[84.599,19.026],[84.669,19.077],[84.593,19.133],[84.665,19.131],[84.676,19.168]],[[82.226,16.759],[82.193,16.722],[82.267,16.695],[82.31,16.719],[82.305,16.748],[82.217,16.733],[82.226,16.759]]]]}},{"type":"Feature","properties":{"state":"Arunachal Pradesh","mines":0},"geometry":{"type":"Polygon","coordinates":[[[96.089,29.46],[96.244,29.233],[96.364,29.283],[96.393,29.254],[96.347,29.168],[96.115,29.075],[96.185,28.985],[96.145,28.934],[96.166,28.903],[96.347,29.029],[96.525,29.076],[96.477,28.99],[96.615,28.774],[96.585,28.717],[96.472,28.684],[96.493,28.634],[96.324,28.529],[96.372,28.482],[96.262,28.409],[96.369,28.389],[96.398,28.339],[96.457,28.414],[96.663,28.46],[96.772,28.368],[96.896,28.38],[96.994,28.31],[97.09,28.363],[97.397,28.192],[97.328,28.155],[97.304,28.069],[97.411,28.015],[97.374,27.977],[97.385,27.887],[97.317,27.881],[97.305,27.921],[97.253,27.901],[97.099,27.785],[97.088,27.734],[97.032,27.749],[96.89,27.606],[96.935,27.508],[96.903,27.453],[97.164,27.142],[97.138,27.091],[97.063,27.092],[96.86,27.19],[96.885,27.259],[96.797,27.346],[96.606,27.366],[96.524,27.286],[96.306,27.294],[96.09,27.223],[95.946,27.051],[95.802,27.015],[95.745,26.896],[95.667,26.903],[95.608,26.813],[95.543,26.835],[95.507,26.809],[95.431,26.7],[95.26,26.655],[95.21,26.729],[95.242,26.783],[95.181,26.856],[95.232,26.903],[95.197,27.037],[95.246,27.024],[95.453,27.13],[95.457,27.209],[95.509,27.262],[95.587,27.223],[95.801,27.284],[95.892,27.255],[96.018,27.365],[95.941,27.437],[95.886,27.398],[95.883,27.435],[95.844,27.422],[95.877,27.544],[95.791,27.6],[95.752,27.721],[95.971,27.963],[95.605,27.955],[95.515,27.876],[95.379,27.839],[95.249,27.85],[94.852,27.728],[94.462,27.555],[94.432,27.6],[94.364,27.574],[94.237,27.633],[94.209,27.605],[94.268,27.521],[94.157,27.475],[93.806,27.149],[93.829,27.067],[93.771,27.062],[93.665,26.969],[93.489,26.936],[93.324,26.96],[93.022,26.914],[92.887,27.0],[92.672,27.032],[92.583,26.96],[92.12,26.889],[92.104,27.007],[92.023,27.114],[92.071,27.223],[92.041,27.266],[92.122,27.287],[92.06,27.327],[92.02,27.479],[91.655,27.483],[91.569,27.575],[91.56,27.633],[91.642,27.758],[91.555,27.859],[91.826,27.81],[91.863,27.737],[91.921,27.715],[92.212,27.859],[92.266,27.858],[92.318,27.778],[92.503,27.841],[92.562,27.82],[92.741,27.989],[92.665,28.062],[92.689,28.125],[92.966,28.261],[93.002,28.23],[93.026,28.303],[93.221,28.333],[93.233,28.4],[93.185,28.44],[93.278,28.504],[93.339,28.64],[93.448,28.676],[93.476,28.653],[93.493,28.684],[93.777,28.668],[93.846,28.707],[93.928,28.671],[94.003,28.775],[93.997,28.841],[94.157,28.954],[94.217,29.084],[94.434,29.227],[94.56,29.229],[94.631,29.348],[94.78,29.241],[94.8,29.164],[94.874,29.184],[95.024,29.13],[94.999,29.172],[95.123,29.115],[95.252,29.109],[95.268,29.056],[95.448,29.034],[95.498,29.139],[95.548,29.127],[95.539,29.212],[95.587,29.216],[95.6,29.26],[95.639,29.248],[95.779,29.355],[95.958,29.381],[96.089,29.46]]]}},{"type":"Feature","properties":{"state":"Assam","mines":1},"geometry":{"type":"Polygon","coordinates":[[[95.972,27.963],[95.752,27.721],[95.791,27.6],[95.877,27.544],[95.844,27.422],[95.883,27.435],[95.886,27.398],[95.941,27.437],[96.018,27.365],[95.892,27.255],[95.801,27.284],[95.587,27.223],[95.509,27.262],[95.457,27.209],[95.453,27.13],[95.246,27.024],[95.193,27.036],[95.017,26.921],[94.923,26.946],[94.758,26.766],[94.62,26.712],[94.597,26.735],[94.594,26.697],[94.46,26.662],[94.465,26.633],[94.403,26.611],[94.401,26.534],[94.316,26.458],[94.285,26.561],[94.256,26.541],[94.172,26.43],[94.174,26.341],[94.105,26.32],[94.001,26.172],[93.953,26.003],[93.979,25.917],[93.795,25.809],[93.796,25.907],[93.777,25.968],[93.765,25.97],[93.681,25.904],[93.714,25.845],[93.646,25.822],[93.496,25.655],[93.327,25.546],[93.458,25.431],[93.47,25.305],[93.381,25.24],[93.332,25.094],[93.244,25.018],[93.263,24.961],[93.197,24.811],[93.149,24.787],[93.109,24.812],[93.071,24.601],[93.104,24.582],[93.058,24.574],[93.042,24.413],[92.909,24.413],[92.829,24.374],[92.763,24.521],[92.685,24.347],[92.625,24.334],[92.612,24.254],[92.551,24.247],[92.534,24.18],[92.465,24.136],[92.422,24.255],[92.22,24.234],[92.192,24.243],[92.26,24.359],[92.212,24.504],[92.296,24.737],[92.234,24.901],[92.3,24.915],[92.4,24.849],[92.488,24.871],[92.488,24.947],[92.449,24.939],[92.468,24.963],[92.416,24.99],[92.481,25.108],[92.539,25.099],[92.522,25.139],[92.621,25.115],[92.663,25.177],[92.803,25.216],[92.762,25.247],[92.787,25.314],[92.738,25.379],[92.654,25.434],[92.607,25.413],[92.599,25.468],[92.565,25.466],[92.653,25.591],[92.572,25.557],[92.554,25.615],[92.506,25.616],[92.384,25.755],[92.156,25.672],[92.151,25.817],[92.225,25.909],[92.155,25.911],[92.152,25.944],[92.275,26.066],[92.169,26.078],[91.919,25.998],[91.867,26.042],[91.879,26.098],[91.825,26.12],[91.731,26.059],[91.72,25.954],[91.671,25.904],[91.609,25.937],[91.631,26.022],[91.58,26.033],[91.475,25.874],[91.527,25.891],[91.53,25.871],[91.335,25.841],[91.222,25.723],[91.178,25.777],[91.196,25.861],[91.006,25.82],[91.03,25.886],[90.969,25.885],[90.947,25.948],[90.917,25.914],[90.884,25.95],[90.809,25.953],[90.766,25.908],[90.718,25.955],[90.622,25.898],[90.588,25.958],[90.515,25.896],[90.535,25.95],[90.476,26.01],[90.372,26.011],[90.187,25.944],[90.151,25.967],[90.019,25.892],[90.004,25.839],[89.948,25.826],[89.938,25.746],[89.895,25.745],[90.02,25.608],[89.878,25.55],[89.851,25.466],[89.882,25.626],[89.817,25.815],[89.887,25.945],[89.825,25.946],[89.873,25.977],[89.836,26.013],[89.821,25.987],[89.809,26.044],[89.797,26.023],[89.788,26.019],[89.795,26.089],[89.699,26.191],[89.734,26.21],[89.726,26.218],[89.709,26.211],[89.7,26.218],[89.732,26.237],[89.702,26.259],[89.738,26.27],[89.718,26.296],[89.72,26.308],[89.757,26.289],[89.781,26.353],[89.856,26.384],[89.828,26.395],[89.869,26.454],[89.862,26.737],[90.14,26.754],[90.195,26.774],[90.231,26.859],[90.301,26.849],[90.357,26.901],[90.418,26.904],[90.695,26.771],[91.054,26.781],[91.098,26.822],[91.337,26.781],[91.408,26.84],[91.495,26.791],[91.721,26.812],[91.892,26.919],[92.056,26.847],[92.114,26.894],[92.583,26.96],[92.672,27.032],[92.887,27.0],[93.022,26.914],[93.323,26.96],[93.587,26.951],[93.829,27.067],[93.806,27.149],[94.157,27.475],[94.268,27.521],[94.209,27.605],[94.237,27.633],[94.364,27.574],[94.432,27.6],[94.462,27.555],[94.852,27.728],[95.249,27.85],[95.379,27.839],[95.515,27.876],[95.605,27.955],[95.972,27.963]]]}},{"type":"Feature","properties":{"state":"Bihar","mines":0},"geometry":{"type":"Polygon","coordinates":[[[84.109,27.521],[84.211,27.443],[84.259,27.451],[84.294,27.382],[84.62,27.339],[84.691,27.215],[84.643,27.046],[84.962,26.961],[84.969,26.916],[85.061,26.887],[85.023,26.855],[85.191,26.87],[85.212,26.758],[85.334,26.742],[85.635,26.872],[85.729,26.809],[85.732,26.654],[85.851,26.609],[85.85,26.568],[86.027,26.666],[86.218,26.589],[86.333,26.619],[86.73,26.422],[86.766,26.459],[86.893,26.462],[87.071,26.587],[87.091,26.451],[87.162,26.405],[87.259,26.41],[87.266,26.374],[87.34,26.348],[87.368,26.408],[87.464,26.44],[87.605,26.381],[87.677,26.436],[87.767,26.411],[87.792,26.469],[87.848,26.437],[87.888,26.487],[88.019,26.364],[88.099,26.456],[88.098,26.548],[88.146,26.522],[88.231,26.572],[88.183,26.504],[88.273,26.419],[88.238,26.381],[88.3,26.349],[88.073,26.175],[87.975,26.143],[87.982,26.073],[87.927,26.084],[87.855,26.035],[87.811,25.928],[87.83,25.872],[87.916,25.853],[87.904,25.773],[88.05,25.702],[88.021,25.571],[88.073,25.484],[87.927,25.539],[87.824,25.437],[87.787,25.449],[87.765,25.384],[87.853,25.29],[87.818,25.242],[87.711,25.258],[87.692,25.312],[87.61,25.313],[87.584,25.349],[87.543,25.281],[87.487,25.297],[87.478,25.194],[87.328,25.224],[87.296,25.089],[87.241,25.117],[87.146,25.019],[87.157,24.881],[87.074,24.818],[87.051,24.609],[86.94,24.653],[86.916,24.545],[86.802,24.57],[86.787,24.616],[86.669,24.566],[86.603,24.608],[86.5,24.51],[86.445,24.368],[86.276,24.466],[86.323,24.587],[86.125,24.611],[86.129,24.699],[86.094,24.745],[86.037,24.741],[86.055,24.78],[85.945,24.733],[85.867,24.805],[85.737,24.821],[85.707,24.725],[85.649,24.685],[85.668,24.579],[85.581,24.601],[85.524,24.521],[85.371,24.555],[85.392,24.53],[85.288,24.523],[85.226,24.463],[85.153,24.455],[85.174,24.421],[85.123,24.402],[85.104,24.377],[85.089,24.372],[85.08,24.433],[84.904,24.372],[84.887,24.463],[84.84,24.452],[84.839,24.513],[84.802,24.531],[84.686,24.457],[84.665,24.391],[84.568,24.409],[84.496,24.286],[84.505,24.331],[84.424,24.33],[84.297,24.449],[84.328,24.5],[84.297,24.56],[84.257,24.527],[84.188,24.553],[84.178,24.505],[84.146,24.538],[84.108,24.477],[84.008,24.643],[83.937,24.55],[83.873,24.532],[83.719,24.503],[83.503,24.525],[83.548,24.623],[83.5,24.651],[83.489,24.736],[83.393,24.783],[83.351,25.009],[83.32,25.017],[83.357,25.2],[83.702,25.396],[83.769,25.386],[83.846,25.434],[83.817,25.463],[84.081,25.636],[84.104,25.721],[84.155,25.729],[84.206,25.67],[84.276,25.659],[84.324,25.67],[84.337,25.744],[84.499,25.675],[84.54,25.727],[84.557,25.68],[84.56,25.737],[84.635,25.728],[84.603,25.762],[84.625,25.792],[84.531,25.832],[84.534,25.876],[84.428,25.891],[84.354,25.959],[84.17,25.988],[84.118,26.08],[84.056,26.1],[84.012,26.232],[84.166,26.241],[84.177,26.371],[84.079,26.383],[84.017,26.448],[83.908,26.447],[83.908,26.519],[84.048,26.536],[84.087,26.639],[84.281,26.6],[84.42,26.626],[84.411,26.67],[84.33,26.684],[84.306,26.75],[84.241,26.739],[84.254,26.857],[84.22,26.872],[84.166,26.834],[84.146,26.885],[84.06,26.888],[84.05,27.043],[84.0,27.069],[84.03,27.098],[83.947,27.091],[83.994,27.175],[83.905,27.257],[83.933,27.311],[83.837,27.322],[83.884,27.371],[83.848,27.449],[84.016,27.437],[84.109,27.521]],[[88.276,26.332],[88.274,26.331],[88.274,26.331],[88.276,26.332]]]}},{"type":"Feature","properties":{"state":"Chandigarh","mines":0},"geometry":{"type":"Polygon","coordinates":[[[76.772,30.795],[76.848,30.73],[76.807,30.667],[76.705,30.743],[76.772,30.795]]]}},{"type":"Feature","properties":{"state":"Chhattisgarh","mines":11},"geometry":{"type":"Polygon","coordinates":[[[83.325,24.104],[83.516,24.027],[83.571,23.862],[83.705,23.821],[83.746,23.72],[83.723,23.686],[83.775,23.609],[83.938,23.569],[83.932,23.62],[84.017,23.634],[84.028,23.546],[83.962,23.385],[84.006,23.354],[84.051,23.375],[84.075,23.333],[84.037,23.14],[84.133,23.083],[84.149,22.965],[84.186,23.027],[84.219,22.979],[84.375,22.978],[84.381,22.877],[84.232,22.742],[84.22,22.667],[84.084,22.638],[84.012,22.576],[84.012,22.527],[83.975,22.512],[84.047,22.438],[84.01,22.372],[83.864,22.343],[83.758,22.24],[83.627,22.204],[83.562,22.099],[83.607,22.067],[83.537,22.043],[83.539,21.966],[83.606,21.914],[83.591,21.851],[83.532,21.832],[83.542,21.798],[83.493,21.818],[83.469,21.787],[83.491,21.744],[83.418,21.68],[83.49,21.631],[83.456,21.61],[83.443,21.655],[83.383,21.62],[83.338,21.502],[83.407,21.352],[83.379,21.344],[83.284,21.38],[83.269,21.379],[83.279,21.289],[83.222,21.266],[83.192,21.139],[83.078,21.112],[82.99,21.14],[82.965,21.193],[82.882,21.148],[82.64,21.155],[82.629,21.038],[82.488,20.909],[82.465,20.828],[82.351,20.89],[82.377,20.632],[82.332,20.562],[82.438,20.434],[82.4,20.341],[82.438,20.293],[82.387,20.145],[82.399,20.057],[82.597,19.99],[82.715,19.995],[82.718,19.854],[82.592,19.776],[82.597,19.873],[82.446,19.91],[82.345,19.836],[82.237,20.004],[82.184,19.984],[82.07,20.057],[82.033,20.016],[81.946,20.105],[81.876,20.052],[81.853,19.918],[81.968,19.86],[81.986,19.801],[82.066,19.791],[82.029,19.508],[82.1,19.517],[82.126,19.429],[82.189,19.428],[82.147,19.365],[82.194,19.326],[82.158,19.265],[82.166,19.133],[82.218,19.097],[82.246,18.919],[82.176,18.903],[82.165,18.799],[82.092,18.766],[82.085,18.719],[81.971,18.699],[81.949,18.644],[81.894,18.657],[81.964,18.59],[81.77,18.419],[81.75,18.354],[81.659,18.347],[81.525,18.258],[81.483,17.977],[81.445,17.886],[81.399,17.892],[81.393,17.795],[81.166,17.858],[81.039,17.784],[81.008,17.798],[80.949,18.086],[80.979,18.179],[80.867,18.14],[80.873,18.214],[80.837,18.242],[80.799,18.172],[80.745,18.17],[80.737,18.222],[80.794,18.259],[80.749,18.308],[80.735,18.413],[80.515,18.619],[80.346,18.595],[80.244,18.756],[80.353,18.819],[80.271,18.938],[80.273,18.991],[80.33,19.07],[80.333,19.145],[80.394,19.188],[80.394,19.245],[80.573,19.402],[80.613,19.309],[80.68,19.33],[80.69,19.287],[80.757,19.29],[80.853,19.364],[80.813,19.434],[80.898,19.482],[80.836,19.566],[80.665,19.612],[80.676,19.699],[80.553,19.765],[80.546,19.818],[80.481,19.828],[80.489,19.77],[80.402,19.796],[80.506,19.871],[80.491,19.902],[80.414,19.907],[80.411,19.938],[80.53,19.939],[80.557,20.072],[80.506,20.144],[80.402,20.147],[80.395,20.245],[80.519,20.266],[80.626,20.333],[80.591,20.393],[80.632,20.598],[80.521,20.581],[80.481,20.618],[80.588,20.685],[80.546,20.935],[80.464,20.929],[80.424,21.008],[80.445,21.122],[80.464,21.175],[80.614,21.226],[80.68,21.299],[80.66,21.334],[80.738,21.473],[80.726,21.714],[80.756,21.762],[80.82,21.748],[80.852,21.854],[80.826,21.958],[80.908,22.11],[80.948,22.118],[80.969,22.058],[81.006,22.063],[80.978,22.123],[81.022,22.133],[81.019,22.221],[81.119,22.291],[81.111,22.438],[81.173,22.488],[81.232,22.452],[81.281,22.503],[81.314,22.483],[81.327,22.526],[81.382,22.51],[81.407,22.441],[81.522,22.539],[81.622,22.538],[81.683,22.647],[81.769,22.664],[81.776,22.874],[81.862,22.889],[81.946,22.957],[81.942,23.079],[82.126,23.104],[82.161,23.143],[82.145,23.227],[82.194,23.324],[82.117,23.355],[82.103,23.398],[82.056,23.377],[82.025,23.425],[81.985,23.415],[81.923,23.533],[81.836,23.511],[81.747,23.57],[81.627,23.482],[81.577,23.585],[81.696,23.721],[81.603,23.854],[81.609,23.903],[81.669,23.925],[81.791,23.809],[81.929,23.871],[82.053,23.819],[82.171,23.818],[82.21,23.853],[82.232,23.805],[82.466,23.812],[82.524,23.784],[82.533,23.822],[82.66,23.855],[82.662,23.908],[82.802,23.962],[82.948,23.871],[83.141,23.885],[83.208,23.921],[83.325,24.104]]]}},{"type":"Feature","properties":{"state":"Dadra and Nagar Haveli and Daman and Diu","mines":0},"geometry":{"type":"MultiPolygon","coordinates":[[[[73.186,20.156],[73.192,20.049],[73.064,20.099],[73.04,20.067],[73.011,20.135],[72.964,20.126],[72.966,20.224],[72.912,20.275],[72.973,20.27],[73.008,20.312],[73.035,20.291],[73.097,20.36],[73.101,20.303],[73.151,20.317],[73.167,20.288],[73.064,20.228],[73.06,20.162],[73.115,20.152],[73.133,20.206],[73.169,20.208],[73.218,20.186],[73.186,20.156]]],[[[72.867,20.463],[72.897,20.38],[72.821,20.368],[72.832,20.446],[72.867,20.463]]],[[[70.876,20.709],[70.981,20.723],[70.999,20.742],[71.007,20.737],[70.977,20.702],[70.876,20.709]]]]}},{"type":"Feature","properties":{"state":"Delhi","mines":0},"geometry":{"type":"Polygon","coordinates":[[[77.083,28.884],[77.144,28.838],[77.214,28.856],[77.203,28.793],[77.292,28.706],[77.331,28.713],[77.342,28.609],[77.297,28.566],[77.347,28.518],[77.243,28.479],[77.217,28.41],[77.128,28.441],[77.095,28.514],[77.007,28.541],[77.01,28.515],[76.884,28.501],[76.842,28.556],[76.888,28.632],[76.944,28.628],[76.948,28.815],[77.04,28.832],[77.083,28.884]]]}},{"type":"Feature","properties":{"state":"Goa","mines":0},"geometry":{"type":"Polygon","coordinates":[[[73.856,15.801],[73.875,15.751],[73.939,15.743],[73.991,15.611],[74.181,15.682],[74.252,15.654],[74.245,15.567],[74.283,15.531],[74.251,15.492],[74.336,15.295],[74.251,15.259],[74.317,15.186],[74.273,15.098],[74.297,15.041],[74.201,14.925],[74.165,14.958],[74.162,14.912],[74.044,14.918],[74.035,14.997],[73.912,15.086],[73.95,15.145],[73.884,15.354],[73.784,15.409],[73.94,15.41],[73.935,15.437],[73.897,15.419],[73.788,15.462],[73.815,15.492],[73.766,15.495],[73.675,15.727],[73.823,15.74],[73.856,15.801]]]}},{"type":"Feature","properties":{"state":"Gujarat","mines":0},"geometry":{"type":"MultiPolygon","coordinates":[[[[69.335,22.386],[69.333,22.373],[69.323,22.381],[69.335,22.386]]],[[[71.154,20.76],[71.151,20.76],[71.151,20.763],[71.154,20.76]]],[[[72.362,22.029],[72.445,21.963],[72.354,21.797],[72.311,21.841],[72.293,21.967],[72.362,22.029]]],[[[71.526,20.904],[71.528,20.904],[71.533,20.903],[71.526,20.904]]],[[[71.513,20.911],[71.525,20.905],[71.51,20.904],[71.513,20.911]]],[[[69.629,22.459],[69.657,22.427],[69.637,22.406],[69.59,22.431],[69.629,22.459]]],[[[72.059,24.712],[72.165,24.621],[72.347,24.628],[72.246,24.585],[72.295,24.547],[72.354,24.564],[72.389,24.508],[72.441,24.515],[72.457,24.415],[72.5,24.417],[72.539,24.52],[72.576,24.479],[72.683,24.464],[72.731,24.364],[72.85,24.372],[72.911,24.337],[72.975,24.369],[72.949,24.398],[72.991,24.478],[73.09,24.496],[73.077,24.397],[73.152,24.354],[73.219,24.364],[73.169,24.3],[73.135,24.308],[73.067,24.195],[73.214,24.078],[73.193,24.041],[73.243,24.002],[73.317,24.054],[73.326,24.11],[73.362,24.105],[73.421,23.931],[73.361,23.873],[73.352,23.791],[73.507,23.703],[73.523,23.607],[73.573,23.654],[73.656,23.621],[73.627,23.448],[73.697,23.457],[73.721,23.41],[73.756,23.454],[73.829,23.448],[73.892,23.334],[73.962,23.381],[74.038,23.293],[74.107,23.294],[74.139,23.266],[74.128,23.176],[74.181,23.152],[74.203,23.19],[74.247,23.184],[74.364,22.981],[74.34,22.953],[74.393,22.897],[74.447,22.921],[74.477,22.855],[74.379,22.635],[74.264,22.644],[74.151,22.521],[74.038,22.535],[74.033,22.49],[74.083,22.507],[74.119,22.419],[74.191,22.476],[74.202,22.434],[74.291,22.394],[74.204,22.366],[74.19,22.32],[74.105,22.372],[74.065,22.354],[74.072,22.219],[74.122,22.212],[74.125,22.098],[74.179,22.085],[74.092,22.015],[74.151,21.987],[74.147,21.948],[73.796,21.825],[73.892,21.692],[73.888,21.653],[73.78,21.628],[73.852,21.498],[74.005,21.553],[74.176,21.569],[74.197,21.532],[74.295,21.569],[74.33,21.553],[74.321,21.498],[74.101,21.448],[74.063,21.475],[74.045,21.419],[73.939,21.405],[73.942,21.299],[73.823,21.271],[73.816,21.174],[73.719,21.14],[73.577,21.171],[73.618,21.118],[73.744,21.115],[73.73,21.082],[73.78,21.064],[73.808,21.085],[73.8,21.039],[73.901,20.982],[73.942,20.742],[73.812,20.692],[73.838,20.621],[73.745,20.565],[73.652,20.564],[73.6,20.637],[73.521,20.679],[73.489,20.656],[73.45,20.718],[73.392,20.646],[73.494,20.538],[73.38,20.393],[73.413,20.361],[73.421,20.206],[73.299,20.209],[73.249,20.123],[73.188,20.129],[73.218,20.186],[73.169,20.208],[73.133,20.206],[73.115,20.152],[73.06,20.162],[73.064,20.228],[73.167,20.288],[73.151,20.317],[73.101,20.303],[73.096,20.36],[73.035,20.291],[73.008,20.312],[72.973,20.27],[72.917,20.281],[72.919,20.257],[72.958,20.234],[72.963,20.209],[72.859,20.225],[72.824,20.142],[72.737,20.135],[72.778,20.337],[72.897,20.38],[72.904,20.415],[72.857,20.419],[72.888,20.461],[72.856,20.467],[72.904,20.576],[72.84,20.804],[72.728,21.007],[72.721,21.048],[72.755,21.052],[72.696,21.063],[72.702,21.096],[72.624,21.091],[72.657,21.225],[72.598,21.317],[72.654,21.346],[72.698,21.465],[72.653,21.46],[72.737,21.539],[72.635,21.535],[72.612,21.585],[72.7,21.645],[72.807,21.658],[72.528,21.678],[72.543,21.734],[72.597,21.75],[72.578,21.774],[72.667,21.956],[72.558,21.879],[72.515,21.885],[72.508,21.934],[72.58,22.197],[72.648,22.216],[72.758,22.174],[72.809,22.224],[72.913,22.24],[72.94,22.309],[72.911,22.267],[72.842,22.282],[72.756,22.232],[72.737,22.275],[72.516,22.321],[72.427,22.21],[72.419,22.302],[72.373,22.316],[72.324,22.144],[72.269,22.06],[72.225,22.057],[72.248,22.008],[72.204,21.891],[72.242,21.824],[72.162,21.807],[72.309,21.625],[72.235,21.456],[72.108,21.302],[72.083,21.245],[72.112,21.199],[72.01,21.135],[72.009,21.186],[71.974,21.123],[71.849,21.077],[71.823,21.097],[71.805,21.04],[71.752,21.059],[71.744,21.032],[71.782,21.032],[71.53,20.943],[71.552,20.959],[71.557,20.97],[71.437,20.869],[71.381,20.875],[71.071,20.735],[70.813,20.718],[70.827,20.691],[70.447,20.848],[70.159,21.055],[69.722,21.539],[69.217,21.958],[68.966,22.234],[68.999,22.209],[69.003,22.225],[68.958,22.238],[68.937,22.305],[68.984,22.412],[69.068,22.481],[69.036,22.39],[69.111,22.41],[69.121,22.375],[69.195,22.422],[69.134,22.222],[69.157,22.195],[69.19,22.243],[69.238,22.223],[69.333,22.328],[69.423,22.316],[69.54,22.377],[69.655,22.359],[69.731,22.484],[69.754,22.416],[69.765,22.475],[69.779,22.416],[69.824,22.473],[69.871,22.428],[69.871,22.471],[69.914,22.452],[69.926,22.464],[69.89,22.495],[69.971,22.5],[69.947,22.528],[69.985,22.541],[69.977,22.527],[69.982,22.513],[69.992,22.524],[69.979,22.525],[69.986,22.541],[69.984,22.543],[69.976,22.543],[70.125,22.553],[70.376,22.908],[70.411,22.927],[70.4,22.889],[70.419,22.919],[70.412,22.892],[70.383,22.872],[70.407,22.883],[70.417,22.902],[70.42,22.918],[70.427,22.904],[70.388,22.85],[70.412,22.872],[70.397,22.846],[70.427,22.842],[70.391,22.839],[70.383,22.795],[70.462,22.84],[70.483,22.935],[70.498,22.914],[70.519,22.935],[70.432,22.967],[70.541,22.96],[70.561,23.029],[70.689,23.117],[70.712,23.214],[70.505,23.177],[70.431,23.215],[70.312,23.215],[70.309,23.181],[70.242,23.174],[70.228,23.16],[70.108,22.978],[70.036,22.953],[70.073,22.943],[70.08,22.92],[69.682,22.8],[69.418,22.812],[69.472,22.774],[69.305,22.838],[69.196,22.838],[68.759,23.08],[68.584,23.224],[68.634,23.3],[68.54,23.248],[68.544,23.301],[68.621,23.328],[68.559,23.338],[68.581,23.371],[68.487,23.35],[68.45,23.437],[68.4,23.42],[68.48,23.518],[68.436,23.539],[68.416,23.487],[68.326,23.496],[68.299,23.593],[68.142,23.601],[68.095,23.653],[68.172,23.696],[68.208,23.875],[68.28,23.931],[68.332,23.924],[68.358,23.98],[68.753,23.971],[68.765,24.296],[68.808,24.314],[68.865,24.213],[68.946,24.303],[69.003,24.223],[69.095,24.274],[69.194,24.236],[69.313,24.281],[69.594,24.293],[69.732,24.171],[70.025,24.171],[70.11,24.295],[70.573,24.422],[70.603,24.408],[70.562,24.354],[70.571,24.251],[70.806,24.221],[70.907,24.259],[70.874,24.295],[70.947,24.348],[71.049,24.356],[71.122,24.406],[70.998,24.444],[70.987,24.543],[71.008,24.636],[71.097,24.689],[71.288,24.616],[71.348,24.661],[71.377,24.626],[71.503,24.683],[71.608,24.677],[71.655,24.639],[71.792,24.677],[71.852,24.609],[71.872,24.682],[71.94,24.634],[72.059,24.712]],[[72.953,20.315],[72.983,20.319],[72.979,20.332],[72.953,20.315]]],[[[69.143,22.476],[69.145,22.45],[69.115,22.467],[69.085,22.422],[69.094,22.461],[69.143,22.476]]],[[[69.819,22.505],[69.802,22.477],[69.785,22.489],[69.819,22.505]]],[[[70.002,22.552],[70.004,22.549],[69.996,22.549],[70.002,22.552]]],[[[68.498,23.333],[68.554,23.329],[68.52,23.289],[68.498,23.333]]],[[[69.945,22.568],[69.979,22.571],[69.973,22.579],[69.973,22.582],[70.001,22.554],[69.945,22.568]]],[[[69.985,22.588],[70.039,22.574],[70.002,22.554],[69.985,22.588]]]]}},{"type":"Feature","properties":{"state":"Haryana","mines":0},"geometry":{"type":"Polygon","coordinates":[[[76.823,30.928],[76.87,30.873],[76.917,30.901],[76.943,30.817],[77.012,30.81],[77.028,30.735],[77.096,30.739],[77.167,30.684],[77.172,30.601],[77.123,30.563],[77.196,30.523],[77.211,30.465],[77.354,30.458],[77.405,30.409],[77.456,30.456],[77.443,30.395],[77.523,30.444],[77.604,30.369],[77.424,30.157],[77.421,30.102],[77.278,30.042],[77.186,29.908],[77.179,29.813],[77.12,29.76],[77.157,29.693],[77.084,29.587],[77.127,29.559],[77.096,29.52],[77.157,29.387],[77.123,29.37],[77.161,29.332],[77.134,29.096],[77.228,28.881],[77.157,28.837],[77.082,28.884],[77.04,28.832],[76.951,28.818],[76.944,28.628],[76.888,28.632],[76.839,28.573],[76.884,28.501],[77.01,28.515],[77.007,28.541],[77.095,28.514],[77.174,28.405],[77.249,28.424],[77.243,28.479],[77.345,28.513],[77.478,28.419],[77.493,28.252],[77.55,28.242],[77.53,28.199],[77.497,28.206],[77.55,28.18],[77.502,28.161],[77.474,28.087],[77.545,27.954],[77.475,27.929],[77.458,27.875],[77.419,27.889],[77.422,27.854],[77.348,27.856],[77.242,27.784],[77.202,27.825],[77.135,27.776],[77.045,27.822],[77.027,27.779],[77.086,27.738],[77.0,27.737],[76.979,27.654],[76.911,27.655],[76.889,27.697],[76.924,27.7],[76.892,27.732],[76.942,27.843],[76.971,28.138],[76.868,28.22],[76.808,28.211],[76.795,28.148],[76.657,28.089],[76.668,28.014],[76.548,27.964],[76.544,28.034],[76.455,28.042],[76.502,28.06],[76.448,28.089],[76.499,28.1],[76.476,28.149],[76.381,28.133],[76.292,28.179],[76.36,28.125],[76.301,28.098],[76.356,28.071],[76.342,28.031],[76.299,28.023],[76.261,28.068],[76.18,28.055],[76.215,28.027],[76.158,27.989],[76.217,27.817],[76.175,27.798],[76.089,27.861],[75.971,27.852],[75.987,27.904],[75.932,27.93],[75.973,27.933],[76.0,27.978],[75.966,27.984],[75.973,28.024],[76.041,28.074],[75.984,28.047],[75.946,28.107],[76.032,28.168],[76.095,28.151],[75.918,28.372],[75.777,28.4],[75.788,28.454],[75.633,28.544],[75.622,28.602],[75.561,28.613],[75.473,28.923],[75.522,29.004],[75.446,29.008],[75.371,29.138],[75.414,29.184],[75.41,29.256],[75.35,29.224],[75.323,29.289],[75.238,29.23],[75.188,29.268],[75.076,29.23],[75.05,29.286],[74.961,29.281],[74.938,29.362],[74.851,29.404],[74.762,29.354],[74.658,29.372],[74.654,29.333],[74.599,29.327],[74.535,29.448],[74.622,29.522],[74.575,29.564],[74.616,29.752],[74.48,29.743],[74.474,29.768],[74.561,29.87],[74.51,29.908],[74.532,29.949],[74.647,29.904],[74.707,29.977],[74.811,29.992],[74.927,29.95],[74.991,29.868],[75.099,29.913],[75.101,29.807],[75.151,29.776],[75.166,29.826],[75.21,29.833],[75.241,29.75],[75.168,29.67],[75.235,29.603],[75.235,29.542],[75.309,29.561],[75.296,29.625],[75.46,29.808],[75.58,29.739],[75.642,29.775],[75.706,29.753],[75.721,29.814],[75.779,29.822],[75.838,29.813],[75.87,29.749],[76.043,29.743],[76.098,29.811],[76.124,29.791],[76.244,29.852],[76.172,29.926],[76.253,30.089],[76.208,30.157],[76.322,30.095],[76.35,30.147],[76.4,30.117],[76.387,30.171],[76.423,30.192],[76.463,30.101],[76.546,30.076],[76.575,30.101],[76.546,30.125],[76.599,30.113],[76.642,30.15],[76.6,30.185],[76.614,30.204],[76.636,30.169],[76.656,30.185],[76.596,30.256],[76.563,30.226],[76.548,30.222],[76.557,30.262],[76.623,30.265],[76.746,30.35],[76.713,30.39],[76.741,30.426],[76.823,30.412],[76.847,30.438],[76.898,30.359],[76.938,30.387],[76.886,30.43],[76.931,30.501],[76.886,30.55],[76.926,30.61],[76.871,30.642],[76.876,30.681],[76.832,30.665],[76.857,30.795],[76.777,30.897],[76.823,30.928]]]}},{"type":"Feature","properties":{"state":"Himachal Pradesh","mines":0},"geometry":{"type":"Polygon","coordinates":[[[76.793,33.257],[76.843,33.247],[76.817,33.16],[76.885,33.122],[76.933,33.028],[77.15,32.978],[77.157,32.912],[77.188,32.929],[77.339,32.817],[77.405,32.883],[77.469,32.858],[77.682,32.989],[77.811,32.907],[77.781,32.866],[77.926,32.772],[77.919,32.691],[78.016,32.62],[78.047,32.645],[78.087,32.624],[78.143,32.682],[78.246,32.672],[78.388,32.757],[78.405,32.619],[78.313,32.574],[78.295,32.504],[78.326,32.472],[78.399,32.526],[78.455,32.501],[78.454,32.452],[78.535,32.414],[78.455,32.242],[78.609,32.214],[78.613,32.118],[78.781,31.993],[78.705,31.776],[78.75,31.681],[78.799,31.682],[78.847,31.608],[78.722,31.513],[78.798,31.443],[78.75,31.366],[78.792,31.305],[78.875,31.304],[79.008,31.115],[78.885,31.099],[78.81,31.198],[78.658,31.185],[78.609,31.229],[78.484,31.199],[78.37,31.286],[78.03,31.151],[77.901,31.152],[77.811,31.059],[77.838,30.953],[77.749,30.954],[77.763,30.918],[77.813,30.922],[77.806,30.853],[77.758,30.877],[77.704,30.765],[77.793,30.659],[77.796,30.614],[77.743,30.593],[77.827,30.528],[77.586,30.422],[77.581,30.378],[77.523,30.444],[77.443,30.395],[77.456,30.456],[77.405,30.409],[77.354,30.458],[77.211,30.465],[77.196,30.523],[77.123,30.563],[77.172,30.601],[77.161,30.691],[77.096,30.739],[77.021,30.74],[77.012,30.81],[76.943,30.817],[76.917,30.901],[76.87,30.873],[76.822,30.929],[76.777,30.904],[76.625,30.999],[76.639,31.108],[76.6,31.179],[76.642,31.223],[76.593,31.212],[76.588,31.274],[76.524,31.258],[76.48,31.308],[76.44,31.279],[76.464,31.301],[76.375,31.437],[76.323,31.322],[76.18,31.307],[76.147,31.359],[76.169,31.41],[76.018,31.632],[75.937,31.815],[75.986,31.818],[75.91,31.95],[75.658,32.078],[75.595,32.07],[75.673,32.159],[75.618,32.237],[75.771,32.289],[75.873,32.396],[75.936,32.397],[75.833,32.513],[75.937,32.648],[75.889,32.653],[75.925,32.748],[75.801,32.886],[75.837,32.924],[75.954,32.873],[76.112,33.006],[76.278,33.038],[76.292,33.103],[76.41,33.186],[76.567,33.21],[76.646,33.162],[76.747,33.179],[76.793,33.257]]]}},{"type":"Feature","properties":{"state":"Jammu & Kashmir","mines":0},"geometry":{"type":"Polygon","coordinates":[[[74.473,35.116],[74.587,35.01],[74.576,34.899],[74.666,34.902],[74.744,34.829],[74.796,34.844],[74.928,34.775],[75.014,34.838],[75.071,34.828],[75.076,34.904],[75.232,34.802],[75.257,34.687],[75.208,34.639],[75.363,34.538],[75.329,34.437],[75.372,34.413],[75.395,34.293],[75.599,34.195],[75.687,34.197],[75.669,34.145],[75.738,34.057],[75.844,34.004],[75.833,33.957],[76.025,33.981],[76.033,33.92],[76.124,33.886],[76.162,33.8],[76.265,33.746],[76.284,33.661],[76.229,33.63],[76.225,33.548],[76.31,33.572],[76.306,33.61],[76.415,33.539],[76.449,33.564],[76.582,33.426],[76.628,33.435],[76.779,33.239],[76.747,33.179],[76.65,33.162],[76.567,33.21],[76.41,33.186],[76.292,33.103],[76.278,33.038],[76.112,33.006],[75.954,32.873],[75.842,32.929],[75.801,32.886],[75.926,32.746],[75.889,32.653],[75.937,32.648],[75.93,32.632],[75.821,32.492],[75.729,32.453],[75.722,32.405],[75.551,32.349],[75.533,32.278],[75.489,32.346],[75.431,32.316],[75.327,32.328],[75.191,32.426],[75.132,32.409],[75.108,32.474],[75.027,32.496],[74.952,32.446],[74.877,32.493],[74.688,32.486],[74.638,32.613],[74.695,32.661],[74.653,32.697],[74.705,32.842],[74.641,32.819],[74.635,32.75],[74.513,32.744],[74.46,32.789],[74.37,32.759],[74.177,32.883],[73.987,32.935],[73.957,32.987],[73.829,33.007],[73.786,32.965],[73.734,33.066],[73.627,33.09],[73.657,33.208],[73.558,33.368],[73.632,33.533],[73.561,33.621],[73.589,33.884],[73.516,34.0],[73.478,34.29],[73.453,34.278],[73.39,34.374],[73.442,34.565],[73.557,34.593],[73.65,34.568],[73.695,34.654],[73.667,34.684],[73.749,34.787],[73.917,34.814],[74.029,34.876],[74.06,34.993],[74.107,35.019],[74.066,35.048],[74.094,35.097],[74.222,35.086],[74.269,35.035],[74.473,35.116]]]}},{"type":"Feature","properties":{"state":"Jharkhand","mines":11},"geometry":{"type":"Polygon","coordinates":[[[87.584,25.349],[87.61,25.313],[87.692,25.312],[87.711,25.258],[87.779,25.251],[87.796,25.087],[87.94,24.991],[87.962,24.938],[87.869,24.774],[87.836,24.79],[87.818,24.761],[87.908,24.721],[87.914,24.637],[87.875,24.614],[87.909,24.586],[87.852,24.554],[87.772,24.584],[87.809,24.547],[87.794,24.501],[87.828,24.499],[87.801,24.383],[87.706,24.26],[87.639,24.255],[87.695,24.149],[87.576,24.161],[87.61,24.132],[87.559,24.081],[87.498,24.118],[87.512,24.036],[87.438,24.013],[87.46,23.984],[87.245,24.045],[87.295,23.902],[87.269,23.874],[87.246,23.909],[87.241,23.826],[87.234,23.857],[87.129,23.869],[87.167,23.825],[87.123,23.796],[86.916,23.883],[86.89,23.82],[86.875,23.848],[86.827,23.814],[86.805,23.838],[86.828,23.753],[86.799,23.689],[86.713,23.699],[86.462,23.63],[86.388,23.574],[86.379,23.474],[86.31,23.412],[86.247,23.412],[86.246,23.46],[86.148,23.465],[86.159,23.559],[86.042,23.586],[86.017,23.548],[86.054,23.487],[85.871,23.476],[85.903,23.399],[85.82,23.268],[85.894,23.155],[86.044,23.145],[86.186,23.005],[86.547,22.989],[86.525,22.947],[86.436,22.926],[86.467,22.901],[86.419,22.791],[86.511,22.705],[86.548,22.721],[86.635,22.666],[86.659,22.576],[86.766,22.576],[86.801,22.488],[86.751,22.456],[86.846,22.4],[86.833,22.326],[86.888,22.297],[86.887,22.258],[86.792,22.266],[86.802,22.218],[86.751,22.211],[86.497,22.347],[86.44,22.303],[86.283,22.448],[86.118,22.487],[86.045,22.568],[85.957,22.465],[86.027,22.395],[85.998,22.342],[86.049,22.308],[85.974,22.247],[86.031,22.19],[85.908,21.971],[85.766,21.995],[85.796,22.081],[85.838,22.08],[85.81,22.116],[85.685,22.055],[85.654,22.095],[85.545,22.09],[85.398,22.163],[85.31,22.118],[85.237,22.009],[85.098,22.106],[84.984,22.086],[85.028,22.122],[85.071,22.275],[85.117,22.294],[85.067,22.484],[84.886,22.42],[84.88,22.449],[84.81,22.453],[84.75,22.419],[84.535,22.427],[84.429,22.352],[84.291,22.343],[84.156,22.408],[84.141,22.474],[84.009,22.525],[84.009,22.573],[84.084,22.638],[84.233,22.681],[84.232,22.742],[84.372,22.865],[84.396,22.939],[84.374,22.979],[84.219,22.979],[84.186,23.027],[84.149,22.965],[84.133,23.083],[84.037,23.14],[84.075,23.333],[84.051,23.375],[84.006,23.354],[83.962,23.385],[84.028,23.546],[84.017,23.634],[83.932,23.62],[83.938,23.569],[83.775,23.609],[83.723,23.686],[83.746,23.72],[83.705,23.821],[83.571,23.862],[83.516,24.027],[83.33,24.102],[83.409,24.266],[83.38,24.313],[83.457,24.365],[83.387,24.448],[83.402,24.503],[83.873,24.532],[83.937,24.55],[84.008,24.643],[84.108,24.477],[84.146,24.538],[84.178,24.505],[84.188,24.553],[84.257,24.527],[84.297,24.56],[84.328,24.5],[84.297,24.449],[84.424,24.33],[84.505,24.331],[84.496,24.286],[84.568,24.409],[84.665,24.391],[84.686,24.457],[84.802,24.531],[84.839,24.513],[84.84,24.452],[84.887,24.463],[84.904,24.372],[85.08,24.433],[85.089,24.372],[85.174,24.421],[85.153,24.455],[85.226,24.463],[85.288,24.523],[85.392,24.53],[85.371,24.555],[85.524,24.521],[85.581,24.601],[85.668,24.579],[85.649,24.685],[85.707,24.725],[85.737,24.821],[85.867,24.805],[85.945,24.733],[86.055,24.78],[86.037,24.741],[86.094,24.745],[86.129,24.699],[86.125,24.611],[86.323,24.587],[86.276,24.466],[86.445,24.368],[86.5,24.51],[86.603,24.608],[86.669,24.566],[86.787,24.616],[86.802,24.57],[86.916,24.545],[86.94,24.653],[87.051,24.609],[87.074,24.818],[87.157,24.881],[87.15,25.026],[87.241,25.117],[87.296,25.089],[87.328,25.224],[87.478,25.194],[87.487,25.297],[87.543,25.281],[87.584,25.349]]]}},{"type":"Feature","properties":{"state":"Karnataka","mines":0},"geometry":{"type":"Polygon","coordinates":[[[77.326,18.459],[77.414,18.393],[77.366,18.307],[77.438,18.31],[77.465,18.263],[77.513,18.31],[77.605,18.281],[77.564,18.196],[77.599,18.093],[77.548,18.056],[77.656,17.969],[77.507,17.786],[77.569,17.749],[77.452,17.695],[77.443,17.584],[77.507,17.542],[77.528,17.575],[77.594,17.565],[77.597,17.534],[77.692,17.497],[77.513,17.431],[77.53,17.371],[77.454,17.374],[77.459,17.279],[77.38,17.223],[77.404,17.21],[77.364,17.159],[77.464,17.11],[77.503,17.014],[77.454,16.914],[77.477,16.788],[77.44,16.789],[77.426,16.723],[77.474,16.717],[77.47,16.687],[77.419,16.669],[77.476,16.65],[77.467,16.599],[77.393,16.57],[77.419,16.522],[77.369,16.489],[77.236,16.473],[77.349,16.384],[77.49,16.385],[77.594,16.344],[77.598,16.293],[77.49,16.255],[77.513,15.927],[77.185,15.957],[77.085,15.919],[77.033,15.857],[77.066,15.827],[77.049,15.73],[77.129,15.666],[77.121,15.631],[77.083,15.659],[77.03,15.635],[77.03,15.503],[76.974,15.498],[77.064,15.328],[77.113,15.334],[77.167,15.269],[77.125,15.227],[77.169,15.171],[77.082,15.006],[77.05,15.033],[76.877,15.03],[76.836,15.079],[76.777,15.078],[76.767,14.976],[76.867,14.97],[76.87,14.938],[76.854,14.809],[76.783,14.786],[76.803,14.742],[76.765,14.602],[76.868,14.474],[76.975,14.485],[76.943,14.4],[76.916,14.421],[76.885,14.396],[76.885,14.348],[76.957,14.294],[76.925,14.274],[76.94,14.245],[77.108,14.22],[77.157,14.342],[77.238,14.317],[77.287,14.34],[77.284,14.283],[77.364,14.276],[77.392,14.199],[77.419,14.212],[77.393,14.336],[77.504,14.264],[77.504,14.157],[77.394,14.174],[77.351,14.13],[77.347,14.104],[77.401,14.119],[77.332,14.031],[77.39,14.017],[77.382,13.976],[77.438,13.976],[77.4,13.888],[77.348,13.916],[77.371,13.953],[77.322,14.03],[77.149,14.001],[77.127,14.047],[77.028,14.062],[77.023,14.177],[76.948,14.198],[76.895,14.168],[76.886,14.138],[76.978,14.071],[76.931,14.03],[77.042,13.933],[76.978,13.827],[76.999,13.746],[77.024,13.779],[77.065,13.744],[77.173,13.762],[77.169,13.83],[77.128,13.856],[77.169,13.865],[77.185,13.925],[77.2,13.863],[77.236,13.904],[77.257,13.847],[77.433,13.843],[77.423,13.799],[77.465,13.806],[77.455,13.682],[77.485,13.715],[77.525,13.691],[77.527,13.754],[77.561,13.722],[77.628,13.735],[77.621,13.768],[77.68,13.787],[77.672,13.761],[77.717,13.741],[77.719,13.8],[77.837,13.87],[77.827,13.945],[77.927,13.905],[77.983,13.958],[77.953,13.827],[78.0,13.873],[78.021,13.864],[78.041,13.86],[78.046,13.862],[78.049,13.896],[78.124,13.845],[78.092,13.742],[78.113,13.693],[78.069,13.698],[78.087,13.643],[78.168,13.656],[78.204,13.628],[78.193,13.565],[78.236,13.599],[78.402,13.587],[78.366,13.359],[78.408,13.346],[78.378,13.337],[78.401,13.316],[78.483,13.321],[78.532,13.267],[78.57,13.309],[78.579,13.216],[78.55,13.19],[78.58,13.167],[78.517,13.132],[78.538,13.106],[78.462,13.043],[78.467,12.975],[78.411,12.945],[78.467,12.905],[78.465,12.867],[78.446,12.912],[78.356,12.941],[78.312,12.859],[78.252,12.861],[78.231,12.761],[78.134,12.782],[78.053,12.854],[78.024,12.857],[78.01,12.806],[77.952,12.857],[77.921,12.828],[77.929,12.891],[77.836,12.87],[77.792,12.843],[77.809,12.797],[77.74,12.673],[77.599,12.667],[77.58,12.552],[77.616,12.509],[77.584,12.479],[77.635,12.488],[77.617,12.368],[77.551,12.291],[77.479,12.271],[77.472,12.208],[77.733,12.178],[77.776,12.112],[77.676,11.952],[77.495,11.944],[77.427,11.761],[77.25,11.813],[77.111,11.774],[77.118,11.721],[77.067,11.788],[77.035,11.77],[77.03,11.805],[76.983,11.812],[76.97,11.777],[76.9,11.784],[76.835,11.656],[76.854,11.597],[76.614,11.608],[76.56,11.623],[76.512,11.705],[76.417,11.672],[76.427,11.726],[76.414,11.76],[76.34,11.739],[76.28,11.812],[76.224,11.808],[76.19,11.871],[76.12,11.85],[76.112,11.979],[76.003,11.931],[75.859,11.959],[75.803,12.08],[75.662,12.099],[75.636,12.148],[75.533,12.2],[75.485,12.29],[75.414,12.29],[75.422,12.373],[75.372,12.4],[75.366,12.457],[75.413,12.459],[75.417,12.499],[75.336,12.464],[75.273,12.537],[75.272,12.57],[75.315,12.574],[75.326,12.594],[75.276,12.62],[75.22,12.568],[75.202,12.629],[75.138,12.645],[75.152,12.682],[75.085,12.705],[75.047,12.667],[75.05,12.719],[74.982,12.738],[75.009,12.768],[75.003,12.792],[74.865,12.76],[74.698,13.347],[74.61,13.867],[74.515,13.987],[74.395,14.419],[74.355,14.509],[74.31,14.521],[74.263,14.719],[74.234,14.748],[74.202,14.72],[74.093,14.804],[74.125,14.841],[74.086,14.901],[74.162,14.912],[74.163,14.958],[74.201,14.925],[74.252,14.959],[74.297,15.041],[74.273,15.098],[74.317,15.186],[74.251,15.259],[74.336,15.295],[74.251,15.492],[74.283,15.531],[74.245,15.567],[74.251,15.657],[74.088,15.672],[74.221,15.786],[74.24,15.743],[74.358,15.775],[74.383,15.849],[74.338,15.855],[74.363,15.875],[74.365,15.894],[74.369,15.894],[74.406,15.855],[74.387,15.905],[74.463,16.039],[74.361,16.054],[74.428,16.112],[74.491,16.104],[74.508,16.202],[74.481,16.25],[74.411,16.283],[74.373,16.262],[74.355,16.293],[74.325,16.272],[74.317,16.381],[74.353,16.366],[74.364,16.405],[74.289,16.463],[74.291,16.505],[74.247,16.497],[74.278,16.504],[74.271,16.548],[74.306,16.504],[74.316,16.554],[74.38,16.529],[74.397,16.583],[74.467,16.607],[74.469,16.664],[74.489,16.63],[74.545,16.635],[74.569,16.554],[74.687,16.607],[74.654,16.639],[74.691,16.716],[74.92,16.772],[74.902,16.863],[74.96,16.881],[74.964,16.91],[74.932,16.945],[75.089,16.952],[75.137,16.874],[75.214,16.842],[75.282,16.88],[75.28,16.957],[75.466,16.988],[75.489,16.944],[75.568,16.966],[75.573,17.01],[75.67,16.962],[75.67,17.038],[75.641,17.038],[75.672,17.116],[75.625,17.174],[75.658,17.263],[75.574,17.383],[75.614,17.392],[75.633,17.477],[75.691,17.409],[75.734,17.42],[75.793,17.37],[75.822,17.421],[75.861,17.386],[75.884,17.418],[75.931,17.323],[76.014,17.354],[76.079,17.332],[76.119,17.371],[76.176,17.301],[76.17,17.353],[76.243,17.379],[76.276,17.335],[76.345,17.354],[76.383,17.315],[76.409,17.371],[76.363,17.378],[76.372,17.436],[76.333,17.434],[76.331,17.47],[76.376,17.49],[76.346,17.493],[76.367,17.519],[76.341,17.542],[76.331,17.597],[76.42,17.604],[76.429,17.645],[76.49,17.66],[76.523,17.76],[76.573,17.761],[76.582,17.706],[76.615,17.77],[76.691,17.681],[76.714,17.781],[76.79,17.826],[76.739,17.857],[76.74,17.9],[76.807,17.871],[76.919,17.916],[76.906,18.01],[76.966,18.098],[76.921,18.118],[76.952,18.188],[77.112,18.156],[77.098,18.197],[77.152,18.217],[77.175,18.285],[77.213,18.28],[77.242,18.413],[77.326,18.459]]]}},{"type":"Feature","properties":{"state":"Kerala","mines":0},"geometry":{"type":"Polygon","coordinates":[[[74.99,12.796],[75.009,12.768],[74.982,12.738],[75.05,12.719],[75.047,12.667],[75.085,12.705],[75.152,12.682],[75.138,12.645],[75.202,12.629],[75.22,12.568],[75.276,12.62],[75.326,12.594],[75.27,12.55],[75.336,12.464],[75.416,12.5],[75.423,12.467],[75.366,12.457],[75.372,12.4],[75.422,12.373],[75.414,12.29],[75.485,12.29],[75.577,12.157],[75.636,12.148],[75.662,12.099],[75.703,12.108],[75.715,12.071],[75.803,12.08],[75.87,11.952],[76.003,11.931],[76.112,11.979],[76.12,11.85],[76.19,11.871],[76.224,11.808],[76.28,11.812],[76.34,11.739],[76.414,11.76],[76.403,11.708],[76.443,11.644],[76.234,11.571],[76.247,11.468],[76.419,11.442],[76.508,11.354],[76.548,11.359],[76.546,11.3],[76.453,11.239],[76.458,11.188],[76.629,11.194],[76.706,11.24],[76.735,11.218],[76.7,11.154],[76.748,11.135],[76.746,11.057],[76.801,11.054],[76.7,11.027],[76.659,10.931],[76.828,10.873],[76.907,10.783],[76.868,10.694],[76.882,10.639],[76.81,10.624],[76.843,10.537],[76.83,10.303],[76.984,10.22],[77.091,10.315],[77.235,10.353],[77.259,10.23],[77.295,10.219],[77.268,10.122],[77.201,10.107],[77.273,9.964],[77.218,9.905],[77.247,9.798],[77.166,9.613],[77.27,9.573],[77.361,9.602],[77.365,9.535],[77.412,9.509],[77.283,9.301],[77.268,9.153],[77.147,9.021],[77.258,8.875],[77.23,8.785],[77.17,8.742],[77.284,8.547],[77.262,8.506],[77.201,8.501],[77.227,8.447],[77.151,8.384],[77.176,8.32],[77.098,8.292],[76.98,8.382],[76.545,8.908],[76.34,9.41],[76.241,9.982],[75.91,10.793],[75.83,11.117],[75.698,11.425],[75.618,11.477],[75.544,11.705],[75.525,11.708],[75.473,11.769],[75.454,11.772],[75.386,11.856],[75.356,11.86],[75.25,12.01],[75.201,12.006],[74.961,12.534],[74.976,12.571],[74.954,12.551],[74.95,12.636],[74.928,12.612],[74.868,12.751],[74.99,12.796]],[[75.538,11.763],[75.542,11.739],[75.527,11.726],[75.531,11.708],[75.556,11.722],[75.538,11.763]]]}},{"type":"Feature","properties":{"state":"Ladakh","mines":0},"geometry":{"type":"Polygon","coordinates":[[[75.209,34.636],[75.257,34.687],[75.245,34.79],[75.096,34.901],[75.071,34.828],[75.014,34.838],[74.914,34.776],[74.796,34.844],[74.741,34.83],[74.665,34.902],[74.576,34.899],[74.587,35.01],[74.498,35.107],[74.44,35.118],[74.38,35.058],[74.269,35.035],[74.113,35.151],[74.038,35.147],[73.796,35.245],[73.726,35.218],[73.7,35.358],[73.794,35.46],[73.784,35.525],[73.635,35.571],[73.406,35.563],[73.272,35.629],[73.136,35.719],[73.153,35.841],[73.1,35.878],[72.929,35.845],[72.83,35.887],[72.69,35.832],[72.533,35.917],[72.595,36.027],[72.53,36.074],[72.595,36.262],[72.693,36.249],[72.883,36.387],[72.879,36.443],[72.991,36.457],[72.995,36.514],[73.112,36.609],[73.085,36.699],[73.441,36.744],[73.632,36.689],[73.883,36.699],[73.899,36.749],[73.723,36.834],[73.689,36.911],[73.878,36.894],[74.055,36.806],[74.142,36.839],[74.168,36.902],[74.26,36.886],[74.429,36.989],[74.531,36.986],[74.578,36.948],[74.581,37.043],[74.693,37.077],[74.749,37.011],[74.839,37.022],[74.921,36.905],[75.018,36.976],[75.095,36.942],[75.208,37.036],[75.332,37.055],[75.354,36.977],[75.425,36.955],[75.413,36.891],[75.473,36.81],[75.615,36.761],[75.768,36.573],[76.076,36.474],[76.254,36.347],[76.351,36.359],[76.431,36.308],[76.432,36.251],[76.562,36.173],[76.643,36.183],[76.718,36.083],[76.801,36.047],[76.722,35.953],[76.811,35.844],[76.934,35.784],[77.114,35.797],[77.227,35.712],[77.357,35.717],[77.485,35.532],[77.321,35.536],[77.381,35.476],[77.722,35.475],[77.732,35.524],[77.981,35.455],[77.93,35.515],[77.951,35.606],[78.136,35.538],[78.198,35.669],[78.254,35.645],[78.272,35.721],[78.385,35.735],[78.422,35.785],[78.52,35.763],[78.663,35.857],[78.959,35.892],[79.131,35.836],[79.193,35.886],[79.214,35.978],[79.377,35.995],[79.421,35.896],[79.736,35.802],[79.869,35.783],[79.998,35.837],[80.104,35.683],[80.273,35.622],[80.311,35.549],[80.326,35.469],[80.279,35.44],[80.182,35.166],[80.173,35.002],[80.072,34.828],[80.067,34.714],[79.859,34.688],[79.774,34.627],[79.792,34.485],[79.592,34.5],[79.507,34.474],[79.56,34.41],[79.584,34.244],[79.506,34.205],[79.493,34.136],[79.419,34.078],[79.425,34.017],[79.17,34.073],[79.111,34.019],[79.021,34.051],[78.951,34.029],[78.904,33.976],[79.015,33.778],[79.059,33.78],[79.019,33.705],[79.09,33.687],[79.106,33.617],[78.915,33.632],[78.952,33.381],[79.096,33.294],[79.452,33.26],[79.376,33.084],[79.392,33.036],[79.33,33.012],[79.626,32.739],[79.447,32.532],[79.319,32.593],[79.236,32.506],[79.136,32.477],[79.114,32.384],[79.032,32.386],[78.984,32.338],[78.826,32.438],[78.768,32.697],[78.661,32.654],[78.619,32.596],[78.572,32.617],[78.458,32.58],[78.326,32.472],[78.295,32.504],[78.313,32.574],[78.405,32.619],[78.388,32.757],[78.246,32.672],[78.143,32.682],[78.147,32.654],[78.017,32.62],[77.919,32.69],[77.926,32.772],[77.785,32.861],[77.811,32.907],[77.713,32.983],[77.469,32.858],[77.405,32.883],[77.35,32.816],[77.188,32.929],[77.17,32.911],[77.157,32.912],[77.15,32.978],[76.966,33.004],[76.818,33.158],[76.843,33.247],[76.737,33.261],[76.626,33.437],[76.582,33.426],[76.45,33.563],[76.38,33.553],[76.357,33.605],[76.306,33.61],[76.31,33.572],[76.246,33.546],[76.205,33.568],[76.284,33.661],[76.265,33.746],[76.162,33.8],[76.124,33.886],[76.033,33.92],[76.025,33.981],[75.833,33.957],[75.844,34.004],[75.738,34.057],[75.669,34.145],[75.687,34.197],[75.599,34.195],[75.395,34.293],[75.372,34.413],[75.329,34.437],[75.363,34.538],[75.209,34.636]]]}},{"type":"Feature","properties":{"state":"Lakshadweep","mines":0},"geometry":{"type":"MultiPolygon","coordinates":[[[[73.011,8.277],[73.012,8.277],[73.012,8.276],[73.011,8.277]]],[[[73.078,8.324],[73.043,8.264],[73.021,8.268],[73.018,8.275],[73.078,8.324]]],[[[72.289,10.046],[72.286,10.046],[72.291,10.053],[72.289,10.046]]],[[[73.014,8.302],[73.014,8.302],[73.014,8.302],[73.014,8.302]]],[[[73.648,10.081],[73.641,10.057],[73.651,10.102],[73.648,10.081]]],[[[72.336,10.108],[72.336,10.102],[72.334,10.101],[72.336,10.108]]],[[[73.653,10.109],[73.652,10.109],[73.652,10.11],[73.653,10.109]]],[[[73.66,10.129],[73.664,10.141],[73.661,10.13],[73.66,10.129]]],[[[72.641,10.579],[72.65,10.564],[72.617,10.542],[72.641,10.579]]],[[[73.672,10.804],[73.7,10.816],[73.702,10.814],[73.672,10.804]]],[[[72.167,10.815],[72.169,10.813],[72.165,10.813],[72.167,10.815]]],[[[72.17,10.818],[72.203,10.869],[72.18,10.829],[72.17,10.818]]],[[[72.285,10.938],[72.294,10.946],[72.29,10.936],[72.285,10.938]]],[[[72.317,10.95],[72.321,10.946],[72.315,10.944],[72.317,10.95]]],[[[72.333,10.953],[72.331,10.951],[72.33,10.952],[72.333,10.953]]],[[[72.333,10.955],[72.334,10.953],[72.334,10.953],[72.333,10.955]]],[[[72.335,10.958],[72.334,10.956],[72.334,10.959],[72.335,10.958]]],[[[72.731,11.126],[72.719,11.127],[72.734,11.136],[72.731,11.126]]],[[[72.762,11.183],[72.78,11.243],[72.79,11.26],[72.777,11.217],[72.762,11.183]]],[[[73.01,11.487],[72.998,11.497],[72.999,11.498],[73.01,11.487]]],[[[72.188,11.601],[72.187,11.599],[72.185,11.602],[72.188,11.601]]],[[[72.717,11.695],[72.706,11.683],[72.717,11.704],[72.717,11.695]]],[[[72.332,10.133],[72.327,10.13],[72.328,10.139],[72.332,10.133]]],[[[73.631,10.068],[73.631,10.068],[73.631,10.068],[73.631,10.068]]],[[[73.63,10.068],[73.631,10.068],[73.63,10.068],[73.63,10.068]]],[[[73.635,10.072],[73.634,10.071],[73.634,10.072],[73.635,10.072]]],[[[73.629,10.074],[73.628,10.073],[73.626,10.072],[73.628,10.074],[73.629,10.074]]],[[[73.631,10.075],[73.63,10.074],[73.631,10.075],[73.631,10.075]]],[[[73.632,10.069],[73.632,10.069],[73.632,10.069],[73.632,10.069]]],[[[73.632,10.069],[73.632,10.069],[73.631,10.069],[73.632,10.069]]],[[[73.631,10.069],[73.631,10.069],[73.63,10.069],[73.631,10.069]]],[[[73.633,10.07],[73.633,10.069],[73.632,10.069],[73.633,10.07]]],[[[73.632,10.068],[73.632,10.068],[73.632,10.069],[73.632,10.068]]],[[[73.63,10.069],[73.63,10.068],[73.63,10.068],[73.63,10.069]]],[[[73.631,10.068],[73.63,10.069],[73.632,10.069],[73.631,10.068]]]]}},{"type":"Feature","properties":{"state":"Madhya Pradesh","mines":13},"geometry":{"type":"Polygon","coordinates":[[[78.359,26.869],[78.395,26.817],[78.576,26.749],[78.726,26.796],[78.872,26.698],[78.956,26.692],[78.945,26.655],[79.005,26.673],[78.99,26.578],[79.068,26.497],[79.053,26.454],[79.135,26.44],[79.084,26.359],[79.139,26.338],[79.046,26.26],[79.063,26.226],[78.992,26.239],[79.027,26.191],[78.994,26.197],[79.005,26.148],[78.949,26.129],[79.012,26.083],[78.948,26.028],[78.939,25.943],[78.885,25.914],[78.851,25.811],[78.818,25.829],[78.829,25.796],[78.753,25.751],[78.817,25.676],[78.812,25.621],[78.658,25.56],[78.618,25.584],[78.588,25.557],[78.444,25.563],[78.431,25.474],[78.355,25.452],[78.305,25.377],[78.344,25.328],[78.312,25.303],[78.355,25.292],[78.395,25.188],[78.458,25.165],[78.427,25.154],[78.448,25.126],[78.339,25.087],[78.334,24.995],[78.169,24.863],[78.277,24.663],[78.264,24.552],[78.225,24.521],[78.366,24.386],[78.348,24.299],[78.412,24.272],[78.519,24.388],[78.669,24.24],[78.749,24.233],[78.762,24.259],[78.793,24.177],[78.882,24.217],[78.971,24.348],[78.994,24.423],[78.914,24.46],[78.921,24.5],[78.938,24.479],[78.972,24.494],[78.883,24.641],[78.752,24.6],[78.79,24.811],[78.632,24.958],[78.653,25.051],[78.556,25.209],[78.578,25.253],[78.435,25.284],[78.498,25.32],[78.533,25.301],[78.53,25.353],[78.585,25.347],[78.566,25.391],[78.635,25.401],[78.658,25.441],[78.711,25.428],[78.66,25.384],[78.775,25.353],[78.748,25.41],[78.821,25.423],[78.762,25.427],[78.735,25.491],[78.841,25.462],[78.847,25.429],[78.866,25.466],[78.833,25.503],[78.884,25.516],[78.883,25.554],[78.952,25.549],[78.909,25.442],[78.967,25.434],[78.989,25.374],[78.939,25.347],[78.896,25.374],[78.938,25.375],[78.953,25.4],[78.88,25.386],[78.788,25.296],[78.829,25.303],[78.809,25.271],[78.85,25.229],[78.882,25.344],[78.961,25.345],[78.98,25.279],[78.881,25.254],[78.88,25.158],[78.954,25.219],[79.006,25.195],[78.975,25.24],[79.013,25.274],[79.064,25.222],[79.029,25.141],[79.091,25.191],[79.131,25.109],[79.192,25.146],[79.217,25.111],[79.26,25.153],[79.278,25.118],[79.314,25.136],[79.279,25.245],[79.338,25.198],[79.351,25.264],[79.264,25.269],[79.3,25.338],[79.352,25.33],[79.363,25.262],[79.369,25.292],[79.409,25.256],[79.467,25.283],[79.495,25.267],[79.39,25.17],[79.405,25.106],[79.477,25.127],[79.492,25.08],[79.569,25.172],[79.6,25.128],[79.749,25.14],[79.862,25.096],[79.851,25.236],[79.918,25.227],[79.948,25.269],[80.005,25.267],[80.033,25.342],[80.131,25.334],[80.202,25.414],[80.264,25.424],[80.315,25.389],[80.311,25.286],[80.403,25.244],[80.432,25.178],[80.355,25.138],[80.355,25.056],[80.291,25.06],[80.274,25.026],[80.387,25.004],[80.374,25.056],[80.45,25.079],[80.502,25.037],[80.433,25.024],[80.479,24.974],[80.55,25.002],[80.501,25.042],[80.483,25.1],[80.613,25.066],[80.592,25.09],[80.607,25.15],[80.638,25.117],[80.608,25.098],[80.685,25.077],[80.68,25.049],[80.776,25.055],[80.704,25.128],[80.808,25.137],[80.83,25.1],[80.838,25.181],[80.885,25.188],[80.913,25.159],[80.832,25.033],[80.852,24.989],[80.792,24.965],[80.812,24.923],[80.947,24.966],[80.957,24.918],[81.085,24.95],[81.14,24.888],[81.168,24.955],[81.22,24.929],[81.209,24.993],[81.264,25.053],[81.278,25.166],[81.313,25.164],[81.321,25.113],[81.335,25.169],[81.4,25.119],[81.438,25.131],[81.448,25.107],[81.407,25.105],[81.491,25.072],[81.518,25.101],[81.48,25.132],[81.537,25.161],[81.515,25.184],[81.579,25.191],[81.626,25.161],[81.612,25.056],[81.667,25.075],[81.793,25.004],[81.907,25.006],[81.903,24.892],[81.965,24.827],[82.017,24.846],[82.116,24.784],[82.204,24.819],[82.184,24.796],[82.218,24.777],[82.177,24.732],[82.221,24.722],[82.207,24.747],[82.251,24.77],[82.23,24.682],[82.303,24.667],[82.297,24.606],[82.416,24.591],[82.43,24.703],[82.539,24.648],[82.671,24.697],[82.707,24.636],[82.774,24.642],[82.765,24.596],[82.803,24.597],[82.719,24.552],[82.744,24.496],[82.713,24.38],[82.77,24.371],[82.773,24.308],[82.728,24.136],[82.683,24.155],[82.664,24.128],[82.714,24.075],[82.774,24.076],[82.751,24.013],[82.804,24.004],[82.81,23.962],[82.662,23.908],[82.635,23.838],[82.497,23.785],[82.466,23.812],[82.232,23.805],[82.21,23.853],[82.171,23.818],[82.053,23.819],[81.921,23.871],[81.816,23.806],[81.725,23.84],[81.669,23.925],[81.608,23.902],[81.603,23.854],[81.696,23.721],[81.577,23.585],[81.627,23.482],[81.747,23.57],[81.836,23.511],[81.923,23.533],[81.985,23.415],[82.025,23.425],[82.056,23.377],[82.103,23.398],[82.196,23.32],[82.137,23.112],[81.942,23.079],[81.946,22.957],[81.862,22.889],[81.776,22.874],[81.769,22.664],[81.683,22.647],[81.622,22.538],[81.522,22.539],[81.407,22.441],[81.382,22.51],[81.327,22.526],[81.314,22.483],[81.281,22.503],[81.232,22.452],[81.173,22.488],[81.111,22.438],[81.119,22.291],[81.019,22.221],[81.022,22.133],[80.978,22.123],[81.005,22.062],[80.97,22.057],[80.922,22.12],[80.826,21.958],[80.852,21.854],[80.82,21.748],[80.756,21.762],[80.716,21.674],[80.735,21.461],[80.671,21.338],[80.621,21.32],[80.528,21.395],[80.408,21.38],[80.422,21.44],[80.376,21.523],[80.253,21.625],[80.193,21.635],[80.067,21.554],[79.936,21.556],[79.891,21.518],[79.738,21.604],[79.541,21.543],[79.496,21.674],[79.231,21.722],[79.224,21.649],[79.155,21.66],[79.168,21.637],[79.094,21.598],[78.998,21.619],[78.914,21.589],[78.937,21.486],[78.776,21.464],[78.751,21.493],[78.728,21.462],[78.512,21.529],[78.451,21.497],[78.427,21.599],[78.387,21.615],[78.363,21.575],[78.266,21.592],[78.274,21.569],[78.182,21.557],[78.176,21.499],[77.941,21.386],[77.801,21.41],[77.737,21.362],[77.692,21.398],[77.587,21.363],[77.532,21.419],[77.489,21.374],[77.426,21.538],[77.612,21.539],[77.577,21.555],[77.544,21.704],[77.479,21.77],[77.29,21.76],[77.287,21.722],[77.21,21.69],[77.176,21.726],[77.073,21.719],[76.902,21.597],[76.795,21.594],[76.763,21.521],[76.786,21.465],[76.621,21.332],[76.663,21.276],[76.623,21.185],[76.493,21.194],[76.456,21.108],[76.279,21.07],[76.166,21.079],[76.112,21.155],[76.176,21.184],[76.096,21.371],[76.048,21.349],[75.89,21.395],[75.3,21.385],[75.295,21.414],[75.126,21.449],[75.052,21.566],[74.902,21.629],[74.783,21.611],[74.554,21.681],[74.505,21.726],[74.524,21.911],[74.439,21.977],[74.443,22.023],[74.387,22.034],[74.283,21.934],[74.205,21.926],[74.097,21.999],[74.179,22.085],[74.125,22.098],[74.122,22.212],[74.072,22.219],[74.065,22.354],[74.105,22.372],[74.19,22.32],[74.204,22.366],[74.291,22.394],[74.202,22.434],[74.191,22.476],[74.119,22.419],[74.083,22.507],[74.03,22.508],[74.057,22.55],[74.151,22.521],[74.264,22.644],[74.379,22.635],[74.477,22.855],[74.447,22.921],[74.393,22.897],[74.34,22.953],[74.365,22.979],[74.319,23.059],[74.386,23.111],[74.506,23.085],[74.671,23.2],[74.742,23.208],[74.692,23.219],[74.7,23.268],[74.547,23.277],[74.514,23.328],[74.604,23.457],[74.847,23.552],[74.937,23.629],[74.9,23.682],[74.94,23.765],[74.904,23.794],[74.902,23.873],[74.982,24.026],[74.903,24.109],[74.897,24.227],[74.747,24.253],[74.854,24.444],[74.709,24.486],[74.814,24.65],[74.772,24.661],[74.8,24.779],[74.889,24.634],[74.943,24.638],[75.016,24.732],[75.001,24.775],[74.849,24.776],[74.834,24.96],[74.903,24.93],[74.924,24.878],[75.034,24.845],[75.117,24.878],[75.114,24.967],[75.167,25.003],[75.166,25.048],[75.334,25.041],[75.318,24.894],[75.261,24.963],[75.294,24.909],[75.263,24.875],[75.426,24.869],[75.311,24.801],[75.224,24.844],[75.252,24.813],[75.184,24.748],[75.219,24.702],[75.455,24.681],[75.583,24.713],[75.611,24.681],[75.757,24.762],[75.836,24.728],[75.825,24.613],[75.915,24.572],[75.909,24.455],[75.839,24.414],[75.789,24.472],[75.728,24.39],[75.83,24.233],[75.751,24.143],[75.837,24.057],[75.718,23.967],[75.671,24.018],[75.596,23.99],[75.521,24.025],[75.474,23.982],[75.462,23.914],[75.564,23.856],[75.584,23.795],[75.654,23.798],[75.687,23.755],[75.737,23.856],[75.706,23.899],[75.782,23.849],[75.981,23.929],[75.963,24.019],[76.127,24.088],[76.117,24.194],[76.185,24.329],[76.212,24.21],[76.281,24.207],[76.322,24.245],[76.413,24.2],[76.471,24.226],[76.528,24.157],[76.577,24.178],[76.585,24.244],[76.695,24.284],[76.699,24.168],[76.756,24.169],[76.802,24.117],[76.901,24.127],[76.947,24.201],[76.841,24.323],[76.853,24.467],[76.816,24.534],[76.918,24.543],[76.918,24.481],[76.978,24.461],[77.071,24.572],[77.031,24.712],[76.954,24.759],[76.856,24.742],[76.803,24.809],[76.95,24.869],[76.857,25.002],[76.876,25.042],[77.0,25.075],[77.085,25.055],[77.175,25.112],[77.27,25.116],[77.311,25.08],[77.407,25.112],[77.427,25.188],[77.355,25.264],[77.376,25.318],[77.342,25.322],[77.371,25.408],[77.291,25.423],[77.209,25.306],[77.084,25.337],[76.943,25.282],[76.899,25.324],[76.729,25.329],[76.599,25.392],[76.556,25.453],[76.474,25.711],[76.522,25.728],[76.521,25.792],[76.582,25.87],[76.791,25.943],[76.901,26.093],[77.135,26.233],[77.27,26.267],[77.343,26.352],[77.444,26.362],[77.438,26.403],[77.538,26.411],[77.745,26.538],[77.824,26.55],[77.904,26.659],[78.001,26.695],[78.09,26.674],[78.112,26.795],[78.184,26.784],[78.173,26.825],[78.268,26.813],[78.284,26.854],[78.359,26.869]],[[79.356,25.04],[79.426,25.059],[79.36,25.144],[79.356,25.04]],[[79.354,25.176],[79.373,25.18],[79.36,25.189],[79.354,25.176]]]}},{"type":"Feature","properties":{"state":"Maharashtra","mines":5},"geometry":{"type":"MultiPolygon","coordinates":[[[[74.389,22.032],[74.444,22.023],[74.439,21.977],[74.524,21.912],[74.505,21.726],[74.582,21.665],[74.783,21.611],[74.902,21.629],[75.052,21.566],[75.126,21.449],[75.295,21.414],[75.3,21.385],[75.89,21.395],[76.048,21.349],[76.096,21.371],[76.176,21.184],[76.112,21.155],[76.166,21.079],[76.279,21.07],[76.456,21.108],[76.493,21.194],[76.623,21.185],[76.663,21.276],[76.621,21.332],[76.786,21.465],[76.763,21.521],[76.795,21.594],[76.902,21.597],[77.073,21.719],[77.176,21.726],[77.21,21.69],[77.287,21.722],[77.288,21.76],[77.479,21.77],[77.544,21.704],[77.577,21.555],[77.612,21.539],[77.426,21.538],[77.488,21.374],[77.532,21.419],[77.563,21.369],[77.606,21.363],[77.613,21.392],[77.67,21.369],[77.692,21.398],[77.71,21.357],[77.801,21.41],[77.941,21.386],[78.176,21.499],[78.182,21.557],[78.274,21.569],[78.266,21.592],[78.363,21.575],[78.373,21.613],[78.427,21.599],[78.451,21.497],[78.512,21.529],[78.728,21.462],[78.751,21.493],[78.776,21.464],[78.937,21.486],[78.914,21.589],[78.998,21.619],[79.094,21.598],[79.168,21.637],[79.155,21.66],[79.224,21.649],[79.231,21.722],[79.496,21.674],[79.541,21.543],[79.738,21.604],[79.891,21.518],[79.936,21.556],[80.067,21.554],[80.193,21.635],[80.254,21.625],[80.376,21.523],[80.422,21.44],[80.412,21.377],[80.528,21.395],[80.599,21.327],[80.682,21.313],[80.614,21.226],[80.464,21.175],[80.439,21.096],[80.424,21.009],[80.464,20.929],[80.546,20.935],[80.588,20.685],[80.481,20.618],[80.521,20.581],[80.632,20.598],[80.591,20.393],[80.626,20.333],[80.519,20.266],[80.395,20.245],[80.402,20.147],[80.506,20.144],[80.557,20.072],[80.53,19.939],[80.411,19.938],[80.414,19.907],[80.491,19.902],[80.506,19.871],[80.402,19.796],[80.489,19.77],[80.481,19.828],[80.546,19.818],[80.553,19.765],[80.676,19.699],[80.665,19.612],[80.719,19.615],[80.895,19.52],[80.882,19.452],[80.81,19.42],[80.853,19.364],[80.711,19.282],[80.68,19.33],[80.613,19.309],[80.576,19.402],[80.484,19.34],[80.449,19.266],[80.389,19.238],[80.394,19.188],[80.333,19.145],[80.33,19.07],[80.273,18.993],[80.271,18.938],[80.352,18.816],[80.245,18.765],[80.273,18.723],[80.248,18.706],[80.118,18.681],[79.914,18.824],[79.962,18.867],[79.94,19.032],[79.871,19.041],[79.858,19.102],[79.946,19.169],[79.925,19.227],[79.98,19.39],[79.945,19.47],[79.814,19.576],[79.743,19.609],[79.628,19.573],[79.596,19.507],[79.54,19.555],[79.471,19.5],[79.244,19.617],[79.224,19.469],[79.19,19.459],[79.098,19.532],[78.94,19.552],[78.973,19.582],[78.956,19.656],[78.852,19.658],[78.841,19.762],[78.552,19.824],[78.49,19.793],[78.307,19.914],[78.286,19.848],[78.336,19.838],[78.365,19.781],[78.343,19.713],[78.263,19.665],[78.306,19.607],[78.274,19.554],[78.304,19.456],[78.176,19.412],[78.175,19.238],[78.042,19.243],[77.945,19.342],[77.863,19.304],[77.908,19.268],[77.848,19.19],[77.85,19.089],[77.811,19.105],[77.8,19.051],[77.765,19.063],[77.772,18.979],[77.859,18.949],[77.843,18.909],[77.949,18.83],[77.84,18.805],[77.787,18.683],[77.754,18.701],[77.739,18.557],[77.596,18.549],[77.603,18.477],[77.549,18.469],[77.585,18.447],[77.528,18.442],[77.557,18.417],[77.522,18.346],[77.571,18.309],[77.513,18.31],[77.465,18.263],[77.438,18.31],[77.366,18.307],[77.414,18.393],[77.32,18.458],[77.242,18.413],[77.213,18.28],[77.175,18.285],[77.152,18.217],[77.098,18.197],[77.112,18.156],[76.952,18.188],[76.921,18.118],[76.966,18.098],[76.906,18.01],[76.919,17.916],[76.807,17.871],[76.74,17.9],[76.739,17.857],[76.79,17.826],[76.714,17.781],[76.691,17.681],[76.615,17.77],[76.582,17.706],[76.573,17.761],[76.523,17.76],[76.49,17.66],[76.429,17.645],[76.42,17.604],[76.331,17.597],[76.367,17.519],[76.346,17.493],[76.376,17.49],[76.331,17.47],[76.333,17.434],[76.372,17.436],[76.363,17.378],[76.409,17.371],[76.383,17.315],[76.345,17.354],[76.276,17.335],[76.243,17.379],[76.17,17.353],[76.176,17.301],[76.119,17.371],[76.079,17.332],[76.014,17.354],[75.931,17.323],[75.884,17.418],[75.861,17.386],[75.822,17.421],[75.793,17.37],[75.734,17.42],[75.691,17.409],[75.633,17.477],[75.614,17.392],[75.574,17.383],[75.658,17.263],[75.625,17.174],[75.672,17.116],[75.641,17.038],[75.67,17.038],[75.67,16.962],[75.573,17.01],[75.568,16.966],[75.489,16.944],[75.466,16.988],[75.28,16.957],[75.282,16.88],[75.214,16.842],[75.137,16.874],[75.089,16.952],[74.932,16.945],[74.964,16.91],[74.902,16.863],[74.92,16.772],[74.691,16.716],[74.654,16.639],[74.687,16.607],[74.569,16.554],[74.545,16.635],[74.489,16.63],[74.469,16.664],[74.467,16.607],[74.397,16.583],[74.38,16.529],[74.316,16.554],[74.306,16.504],[74.265,16.54],[74.278,16.505],[74.247,16.497],[74.291,16.505],[74.289,16.463],[74.364,16.405],[74.353,16.366],[74.317,16.381],[74.325,16.272],[74.414,16.283],[74.508,16.202],[74.484,16.091],[74.428,16.112],[74.361,16.054],[74.463,16.039],[74.387,15.905],[74.406,15.855],[74.369,15.894],[74.338,15.855],[74.383,15.849],[74.358,15.775],[74.242,15.743],[74.209,15.781],[74.122,15.721],[74.126,15.681],[74.088,15.672],[74.113,15.646],[74.021,15.606],[73.968,15.63],[73.939,15.743],[73.875,15.751],[73.858,15.8],[73.823,15.74],[73.675,15.727],[73.589,15.91],[73.51,15.937],[73.457,16.054],[73.412,16.273],[73.434,16.284],[73.443,16.293],[73.448,16.304],[73.449,16.309],[73.41,16.274],[73.385,16.337],[73.439,16.372],[73.368,16.364],[73.408,16.407],[73.482,16.409],[73.49,16.412],[73.492,16.418],[73.499,16.418],[73.465,16.416],[73.474,16.428],[73.474,16.439],[73.366,16.397],[73.356,16.442],[73.367,16.436],[73.386,16.449],[73.352,16.444],[73.316,16.513],[73.317,16.602],[73.352,16.623],[73.305,16.73],[73.303,16.891],[73.277,16.892],[73.296,16.984],[73.256,17.027],[73.288,17.053],[73.29,17.115],[73.19,17.299],[73.249,17.281],[73.244,17.322],[73.168,17.404],[73.212,17.438],[73.138,17.556],[73.177,17.583],[73.115,17.684],[73.145,17.722],[72.99,18.056],[72.984,18.195],[72.932,18.22],[72.936,18.281],[72.964,18.28],[72.969,18.243],[73.068,18.212],[73.051,18.182],[73.105,18.14],[73.05,18.297],[73.103,18.265],[73.083,18.312],[73.113,18.33],[73.045,18.313],[73.029,18.264],[72.912,18.362],[72.896,18.472],[72.906,18.54],[72.934,18.54],[72.866,18.652],[72.868,18.8],[72.804,18.903],[72.823,18.941],[72.793,18.94],[72.838,19.049],[72.782,19.158],[72.8,19.33],[72.744,19.462],[72.773,19.488],[72.719,19.54],[72.716,19.593],[72.789,19.597],[72.773,19.636],[72.729,19.602],[72.754,19.627],[72.718,19.635],[72.655,19.835],[72.699,19.856],[72.703,19.877],[72.681,19.866],[72.664,19.934],[72.69,19.959],[72.704,19.958],[72.705,19.967],[72.72,19.968],[72.734,19.91],[72.775,19.9],[72.766,19.982],[72.716,19.973],[72.708,20.072],[72.737,20.135],[72.824,20.142],[72.859,20.225],[72.963,20.21],[72.961,20.131],[73.011,20.135],[73.04,20.067],[73.064,20.099],[73.179,20.047],[73.298,20.208],[73.417,20.198],[73.419,20.33],[73.38,20.393],[73.494,20.538],[73.392,20.646],[73.45,20.718],[73.489,20.656],[73.521,20.679],[73.6,20.637],[73.652,20.564],[73.745,20.565],[73.838,20.621],[73.812,20.692],[73.942,20.741],[73.901,20.982],[73.8,21.039],[73.808,21.085],[73.78,21.064],[73.73,21.082],[73.744,21.115],[73.618,21.118],[73.577,21.171],[73.719,21.14],[73.816,21.174],[73.823,21.271],[73.942,21.299],[73.939,21.405],[74.045,21.419],[74.063,21.475],[74.101,21.448],[74.253,21.468],[74.321,21.498],[74.332,21.544],[74.295,21.569],[74.195,21.532],[74.158,21.569],[73.852,21.498],[73.78,21.628],[73.888,21.653],[73.892,21.692],[73.796,21.825],[74.128,21.95],[74.281,21.933],[74.389,22.032]]],[[[72.729,19.466],[72.737,19.466],[72.733,19.459],[72.729,19.466]]],[[[72.953,20.314],[72.983,20.323],[72.972,20.297],[72.953,20.314]]]]}},{"type":"Feature","properties":{"state":"Manipur","mines":0},"geometry":{"type":"Polygon","coordinates":[[[94.573,25.692],[94.593,25.636],[94.554,25.503],[94.675,25.446],[94.576,25.214],[94.736,25.135],[94.744,25.037],[94.605,24.716],[94.545,24.71],[94.526,24.626],[94.322,24.329],[94.157,23.848],[94.126,23.833],[94.096,23.889],[93.93,23.95],[93.808,23.927],[93.754,24.006],[93.624,24.011],[93.592,23.961],[93.56,23.982],[93.505,23.942],[93.417,24.072],[93.349,24.105],[93.332,24.054],[93.253,24.021],[93.25,24.08],[93.21,24.048],[93.14,24.088],[93.099,24.043],[93.078,24.102],[92.973,24.113],[93.04,24.341],[93.009,24.413],[93.043,24.417],[93.058,24.574],[93.104,24.582],[93.071,24.601],[93.109,24.812],[93.149,24.787],[93.197,24.811],[93.263,24.961],[93.244,25.018],[93.3,25.046],[93.454,25.325],[93.501,25.242],[93.556,25.246],[93.605,25.199],[93.687,25.36],[93.805,25.463],[93.765,25.538],[93.96,25.551],[94.013,25.593],[94.108,25.522],[94.178,25.551],[94.219,25.492],[94.322,25.503],[94.417,25.537],[94.425,25.587],[94.505,25.614],[94.573,25.692]]]}},{"type":"Feature","properties":{"state":"Meghalaya","mines":0},"geometry":{"type":"Polygon","coordinates":[[[91.825,26.119],[91.879,26.098],[91.867,26.042],[91.919,25.998],[92.169,26.078],[92.275,26.066],[92.152,25.944],[92.155,25.911],[92.225,25.909],[92.151,25.817],[92.156,25.672],[92.384,25.755],[92.506,25.616],[92.554,25.615],[92.572,25.557],[92.653,25.591],[92.565,25.466],[92.782,25.333],[92.762,25.247],[92.801,25.214],[92.663,25.177],[92.621,25.115],[92.522,25.139],[92.539,25.099],[92.481,25.109],[92.464,25.038],[92.429,25.029],[92.062,25.188],[91.747,25.172],[91.642,25.124],[91.603,25.174],[91.477,25.135],[91.265,25.207],[90.869,25.16],[90.78,25.184],[90.737,25.154],[90.655,25.193],[90.445,25.144],[90.112,25.224],[89.972,25.301],[89.835,25.296],[89.816,25.389],[89.877,25.549],[90.02,25.608],[89.895,25.745],[89.937,25.745],[89.948,25.826],[90.117,25.957],[90.271,25.96],[90.4,26.013],[90.502,25.992],[90.535,25.95],[90.515,25.896],[90.588,25.958],[90.622,25.898],[90.718,25.955],[90.766,25.908],[90.809,25.953],[90.884,25.95],[90.917,25.914],[90.947,25.948],[90.969,25.885],[91.03,25.886],[91.006,25.82],[91.196,25.861],[91.178,25.777],[91.222,25.723],[91.335,25.841],[91.445,25.84],[91.53,25.871],[91.475,25.874],[91.58,26.033],[91.631,26.022],[91.609,25.937],[91.671,25.904],[91.72,25.954],[91.731,26.059],[91.825,26.119]]]}},{"type":"Feature","properties":{"state":"Mizoram","mines":0},"geometry":{"type":"Polygon","coordinates":[[[92.763,24.521],[92.829,24.374],[92.909,24.413],[93.025,24.393],[93.022,24.218],[92.973,24.113],[93.078,24.102],[93.099,24.043],[93.141,24.088],[93.21,24.048],[93.25,24.08],[93.253,24.021],[93.338,24.041],[93.436,23.687],[93.401,23.384],[93.355,23.353],[93.385,23.134],[93.294,23.007],[93.229,23.012],[93.185,23.059],[93.126,23.041],[93.164,22.911],[93.131,22.907],[93.094,22.806],[93.095,22.672],[93.14,22.593],[93.106,22.527],[93.185,22.428],[93.202,22.263],[93.142,22.246],[93.151,22.176],[93.038,22.195],[93.059,22.101],[93.005,22.105],[93.003,21.983],[92.951,22.03],[92.904,21.941],[92.863,22.063],[92.7,22.155],[92.68,22.012],[92.603,21.977],[92.562,22.128],[92.605,22.124],[92.609,22.165],[92.529,22.666],[92.45,22.893],[92.371,22.936],[92.392,23.057],[92.346,23.237],[92.403,23.241],[92.273,23.642],[92.257,23.813],[92.325,23.914],[92.332,24.18],[92.292,24.25],[92.422,24.255],[92.436,24.153],[92.479,24.142],[92.551,24.247],[92.612,24.254],[92.625,24.334],[92.685,24.347],[92.763,24.521]]]}},{"type":"Feature","properties":{"state":"Nagaland","mines":0},"geometry":{"type":"Polygon","coordinates":[[[95.193,27.036],[95.232,26.903],[95.181,26.856],[95.242,26.783],[95.21,26.729],[95.234,26.682],[95.149,26.616],[95.062,26.45],[95.132,26.378],[95.118,26.101],[95.186,26.073],[95.012,25.898],[95.049,25.76],[94.935,25.667],[94.898,25.566],[94.846,25.561],[94.784,25.481],[94.617,25.462],[94.553,25.504],[94.593,25.636],[94.572,25.692],[94.505,25.614],[94.425,25.587],[94.417,25.537],[94.322,25.503],[94.219,25.492],[94.178,25.551],[94.108,25.522],[94.013,25.593],[93.96,25.551],[93.834,25.561],[93.765,25.538],[93.805,25.463],[93.687,25.36],[93.61,25.203],[93.502,25.242],[93.448,25.34],[93.458,25.431],[93.327,25.546],[93.496,25.655],[93.646,25.822],[93.714,25.845],[93.681,25.904],[93.765,25.97],[93.795,25.809],[93.979,25.917],[93.953,26.003],[94.001,26.172],[94.105,26.32],[94.174,26.341],[94.172,26.43],[94.256,26.541],[94.285,26.561],[94.316,26.458],[94.401,26.534],[94.403,26.611],[94.465,26.633],[94.46,26.662],[94.594,26.697],[94.597,26.735],[94.692,26.732],[94.802,26.801],[94.889,26.929],[95.017,26.921],[95.193,27.036]]]}},{"type":"Feature","properties":{"state":"Odisha","mines":19},"geometry":{"type":"Polygon","coordinates":[[[86.805,20.733],[86.861,20.775],[87.022,20.77],[87.056,20.715],[86.752,20.518],[86.71,20.396],[86.786,20.384],[86.797,20.493],[86.783,20.33],[86.524,20.173],[86.391,19.957],[85.723,19.761],[85.346,19.585],[84.879,19.231],[84.765,19.077],[84.669,19.167],[84.665,19.131],[84.593,19.133],[84.669,19.077],[84.599,19.026],[84.571,19.075],[84.474,18.99],[84.419,19.023],[84.436,18.922],[84.377,18.905],[84.395,18.892],[84.39,18.878],[84.358,18.896],[84.372,18.863],[84.331,18.883],[84.363,18.84],[84.319,18.788],[84.224,18.8],[84.089,18.758],[84.036,18.817],[83.891,18.815],[83.793,19.019],[83.743,18.99],[83.776,18.912],[83.624,19.164],[83.583,19.059],[83.547,19.081],[83.535,19.012],[83.501,19.02],[83.512,19.07],[83.466,19.094],[83.46,18.956],[83.399,19.01],[83.309,19.0],[83.332,18.926],[83.366,18.963],[83.404,18.843],[83.269,18.765],[83.223,18.776],[83.211,18.732],[83.137,18.786],[83.011,18.647],[83.043,18.545],[83.093,18.548],[83.019,18.457],[83.065,18.431],[83.053,18.381],[82.938,18.362],[82.894,18.382],[82.895,18.424],[82.801,18.45],[82.773,18.341],[82.641,18.303],[82.636,18.237],[82.58,18.316],[82.621,18.36],[82.536,18.406],[82.561,18.449],[82.481,18.549],[82.363,18.422],[82.384,18.368],[82.337,18.327],[82.387,18.329],[82.391,18.299],[82.343,18.281],[82.309,18.205],[82.371,18.149],[82.338,18.151],[82.339,18.056],[82.26,18.043],[82.265,17.996],[82.167,18.053],[82.031,18.07],[81.726,17.879],[81.672,17.888],[81.617,17.823],[81.391,17.817],[81.4,17.894],[81.445,17.886],[81.483,17.977],[81.525,18.258],[81.659,18.347],[81.75,18.354],[81.77,18.419],[81.964,18.59],[81.894,18.657],[81.949,18.644],[81.971,18.699],[82.085,18.719],[82.092,18.766],[82.165,18.799],[82.176,18.903],[82.246,18.919],[82.218,19.097],[82.166,19.133],[82.158,19.265],[82.194,19.326],[82.147,19.365],[82.189,19.428],[82.126,19.429],[82.1,19.517],[82.029,19.508],[82.066,19.791],[81.986,19.801],[81.968,19.86],[81.853,19.918],[81.871,20.044],[81.946,20.105],[82.033,20.016],[82.07,20.057],[82.184,19.984],[82.237,20.004],[82.345,19.836],[82.446,19.91],[82.603,19.867],[82.592,19.776],[82.707,19.835],[82.715,19.995],[82.597,19.99],[82.399,20.057],[82.387,20.145],[82.438,20.293],[82.4,20.341],[82.438,20.434],[82.332,20.562],[82.377,20.632],[82.351,20.89],[82.465,20.828],[82.488,20.909],[82.629,21.038],[82.64,21.155],[82.882,21.148],[82.965,21.193],[82.99,21.14],[83.131,21.106],[83.198,21.145],[83.222,21.266],[83.271,21.273],[83.269,21.379],[83.406,21.351],[83.338,21.502],[83.383,21.62],[83.443,21.655],[83.456,21.61],[83.49,21.631],[83.418,21.68],[83.491,21.744],[83.469,21.787],[83.493,21.818],[83.542,21.798],[83.532,21.832],[83.591,21.851],[83.606,21.914],[83.539,21.966],[83.537,22.039],[83.607,22.067],[83.563,22.103],[83.65,22.223],[83.758,22.24],[83.864,22.343],[84.01,22.372],[84.047,22.469],[83.987,22.526],[84.134,22.478],[84.156,22.408],[84.291,22.343],[84.429,22.352],[84.535,22.427],[84.75,22.419],[84.81,22.453],[84.88,22.449],[84.886,22.42],[85.067,22.484],[85.117,22.294],[85.07,22.273],[84.987,22.083],[85.098,22.106],[85.238,22.009],[85.371,22.161],[85.545,22.09],[85.652,22.095],[85.685,22.055],[85.807,22.116],[85.838,22.08],[85.796,22.081],[85.766,21.995],[85.907,21.97],[86.031,22.19],[85.974,22.247],[86.049,22.308],[85.998,22.342],[86.027,22.395],[85.957,22.465],[86.047,22.567],[86.118,22.487],[86.283,22.448],[86.433,22.306],[86.497,22.347],[86.725,22.219],[86.722,22.147],[86.795,22.157],[86.838,22.098],[86.965,22.086],[87.028,22.038],[87.002,21.914],[87.038,21.868],[87.099,21.866],[87.096,21.914],[87.161,21.936],[87.17,21.979],[87.236,21.957],[87.277,21.805],[87.444,21.768],[87.484,21.603],[87.408,21.546],[87.382,21.574],[87.336,21.577],[87.394,21.533],[87.148,21.509],[86.949,21.359],[86.841,21.158],[86.977,20.861],[86.972,20.794],[86.866,20.784],[86.805,20.733]]]}},{"type":"Feature","properties":{"state":"Puducherry","mines":0},"geometry":{"type":"MultiPolygon","coordinates":[[[[79.81,10.88],[79.807,10.878],[79.806,10.88],[79.81,10.88]]],[[[79.757,11.003],[79.851,10.994],[79.851,10.828],[79.808,10.856],[79.828,10.884],[79.725,10.929],[79.719,10.968],[79.764,10.96],[79.757,11.003]]],[[[79.739,10.921],[79.739,10.92],[79.739,10.921],[79.739,10.921]]],[[[79.722,10.938],[79.722,10.935],[79.72,10.936],[79.722,10.938]]],[[[75.534,11.709],[75.537,11.694],[75.53,11.702],[75.534,11.709]]],[[[75.538,11.763],[75.556,11.722],[75.531,11.708],[75.527,11.726],[75.538,11.763]]],[[[79.697,11.874],[79.699,11.861],[79.696,11.86],[79.697,11.874]]],[[[79.602,11.858],[79.663,11.867],[79.658,11.853],[79.602,11.858]]],[[[79.675,11.804],[79.691,11.809],[79.681,11.796],[79.675,11.804]]],[[[79.738,11.843],[79.768,11.823],[79.807,11.834],[79.796,11.785],[79.713,11.791],[79.738,11.843]]],[[[79.641,11.823],[79.662,11.839],[79.671,11.815],[79.641,11.823]]],[[[79.693,11.822],[79.703,11.813],[79.692,11.814],[79.693,11.822]]],[[[79.788,12.019],[79.803,12.026],[79.806,12.022],[79.788,12.019]]],[[[82.321,16.566],[82.32,16.566],[82.32,16.567],[82.321,16.566]]],[[[82.32,16.569],[82.32,16.568],[82.32,16.569],[82.32,16.569]]],[[[82.319,16.568],[82.319,16.566],[82.318,16.567],[82.319,16.568]]],[[[82.315,16.572],[82.319,16.568],[82.317,16.568],[82.315,16.572]]],[[[82.232,16.756],[82.217,16.733],[82.305,16.748],[82.31,16.719],[82.267,16.695],[82.186,16.73],[82.232,16.756]]],[[[82.329,16.595],[82.336,16.59],[82.331,16.592],[82.329,16.595]]],[[[82.331,16.618],[82.335,16.603],[82.331,16.607],[82.331,16.618]]],[[[79.755,12.004],[79.723,11.977],[79.75,11.92],[79.813,11.978],[79.841,11.956],[79.808,11.836],[79.766,11.841],[79.768,11.876],[79.75,11.848],[79.71,11.889],[79.674,11.881],[79.696,11.919],[79.711,11.891],[79.741,11.905],[79.692,11.951],[79.755,12.004]],[[79.796,11.9],[79.773,11.876],[79.785,11.863],[79.796,11.9]]],[[[79.662,11.969],[79.685,11.953],[79.654,11.954],[79.662,11.969]]],[[[79.628,12.032],[79.643,11.942],[79.671,11.932],[79.637,11.901],[79.628,12.032]]],[[[79.695,12.036],[79.72,11.992],[79.657,11.992],[79.661,12.012],[79.695,12.036]]],[[[79.874,12.043],[79.84,12.013],[79.85,12.052],[79.874,12.043]]]]}},{"type":"Feature","properties":{"state":"Punjab","mines":0},"geometry":{"type":"Polygon","coordinates":[[[75.839,32.513],[75.935,32.393],[75.873,32.396],[75.771,32.289],[75.618,32.237],[75.673,32.159],[75.595,32.07],[75.658,32.078],[75.91,31.95],[75.986,31.818],[75.937,31.815],[76.018,31.632],[76.169,31.41],[76.147,31.359],[76.18,31.307],[76.323,31.322],[76.374,31.437],[76.464,31.301],[76.44,31.279],[76.48,31.308],[76.524,31.258],[76.588,31.274],[76.593,31.212],[76.642,31.223],[76.6,31.179],[76.639,31.108],[76.625,30.999],[76.737,30.95],[76.857,30.795],[76.838,30.754],[76.771,30.795],[76.705,30.743],[76.777,30.67],[76.876,30.681],[76.871,30.642],[76.926,30.61],[76.886,30.55],[76.931,30.501],[76.886,30.43],[76.937,30.386],[76.898,30.359],[76.847,30.438],[76.823,30.412],[76.741,30.426],[76.713,30.39],[76.746,30.35],[76.623,30.265],[76.557,30.262],[76.548,30.222],[76.596,30.256],[76.656,30.185],[76.636,30.169],[76.614,30.204],[76.642,30.15],[76.599,30.113],[76.546,30.125],[76.575,30.101],[76.546,30.076],[76.463,30.101],[76.423,30.192],[76.387,30.171],[76.4,30.117],[76.35,30.147],[76.322,30.095],[76.208,30.157],[76.253,30.089],[76.172,29.926],[76.244,29.852],[76.124,29.791],[76.098,29.811],[76.043,29.743],[75.87,29.749],[75.838,29.813],[75.779,29.822],[75.721,29.814],[75.706,29.753],[75.642,29.775],[75.58,29.739],[75.46,29.808],[75.296,29.625],[75.309,29.561],[75.235,29.542],[75.235,29.603],[75.168,29.67],[75.242,29.755],[75.191,29.841],[75.155,29.777],[75.101,29.807],[75.089,29.917],[75.07,29.877],[74.991,29.868],[74.927,29.95],[74.812,29.992],[74.707,29.977],[74.647,29.904],[74.532,29.949],[73.895,29.974],[73.904,30.05],[73.975,30.12],[73.96,30.27],[73.88,30.36],[73.974,30.444],[73.926,30.439],[73.935,30.49],[73.964,30.456],[74.012,30.534],[74.072,30.523],[74.096,30.611],[74.286,30.735],[74.261,30.774],[74.302,30.779],[74.32,30.847],[74.382,30.86],[74.366,30.893],[74.423,30.908],[74.416,30.94],[74.546,30.992],[74.568,31.055],[74.667,31.052],[74.702,31.092],[74.689,31.128],[74.603,31.134],[74.61,31.098],[74.56,31.083],[74.51,31.132],[74.552,31.364],[74.655,31.426],[74.637,31.485],[74.61,31.5],[74.587,31.496],[74.575,31.501],[74.616,31.569],[74.487,31.715],[74.559,31.758],[74.608,31.89],[74.819,31.959],[74.879,32.054],[75.012,32.036],[75.123,32.082],[75.174,32.068],[75.203,32.12],[75.261,32.102],[75.316,32.208],[75.372,32.226],[75.381,32.269],[75.321,32.297],[75.341,32.346],[75.43,32.316],[75.489,32.346],[75.533,32.278],[75.56,32.357],[75.722,32.405],[75.729,32.453],[75.839,32.513]]]}},{"type":"Feature","properties":{"state":"Rajasthan","mines":0},"geometry":{"type":"Polygon","coordinates":[[[73.973,30.123],[73.904,30.05],[73.895,29.974],[74.527,29.943],[74.51,29.908],[74.561,29.87],[74.474,29.768],[74.48,29.743],[74.616,29.752],[74.575,29.564],[74.622,29.522],[74.535,29.448],[74.599,29.327],[74.654,29.333],[74.658,29.372],[74.762,29.354],[74.851,29.404],[74.938,29.362],[74.961,29.281],[75.05,29.286],[75.076,29.23],[75.188,29.268],[75.238,29.23],[75.323,29.289],[75.35,29.224],[75.41,29.256],[75.414,29.184],[75.371,29.138],[75.446,29.008],[75.522,29.004],[75.473,28.923],[75.561,28.613],[75.622,28.602],[75.633,28.544],[75.788,28.454],[75.777,28.4],[75.918,28.372],[76.095,28.151],[76.032,28.168],[75.946,28.107],[75.984,28.047],[76.023,28.086],[76.041,28.074],[75.973,28.024],[75.966,27.984],[76.0,27.978],[75.973,27.933],[75.932,27.93],[75.987,27.904],[75.971,27.852],[76.089,27.861],[76.175,27.798],[76.217,27.817],[76.158,27.989],[76.215,28.027],[76.18,28.055],[76.261,28.068],[76.299,28.023],[76.342,28.031],[76.356,28.071],[76.301,28.098],[76.36,28.125],[76.292,28.179],[76.381,28.133],[76.476,28.149],[76.499,28.1],[76.448,28.089],[76.502,28.06],[76.455,28.042],[76.544,28.034],[76.548,27.964],[76.668,28.014],[76.657,28.089],[76.795,28.148],[76.808,28.211],[76.875,28.218],[76.971,28.138],[76.942,27.843],[76.892,27.733],[76.911,27.655],[76.979,27.654],[77.0,27.737],[77.086,27.738],[77.027,27.779],[77.045,27.822],[77.135,27.776],[77.202,27.825],[77.237,27.785],[77.269,27.815],[77.303,27.794],[77.304,27.711],[77.353,27.651],[77.317,27.607],[77.358,27.589],[77.34,27.527],[77.438,27.456],[77.44,27.39],[77.579,27.323],[77.623,27.336],[77.599,27.297],[77.681,27.194],[77.62,27.174],[77.598,27.118],[77.518,27.102],[77.519,27.067],[77.572,27.072],[77.563,27.029],[77.63,27.01],[77.68,27.047],[77.712,26.997],[77.76,27.018],[77.743,26.983],[77.427,26.864],[77.398,26.83],[77.433,26.768],[77.467,26.774],[77.455,26.742],[77.503,26.769],[77.501,26.844],[77.61,26.829],[77.723,26.874],[77.761,26.933],[77.896,26.884],[77.906,26.918],[78.015,26.903],[78.026,26.85],[78.049,26.91],[78.111,26.896],[78.125,26.949],[78.272,26.919],[78.197,26.882],[78.223,26.831],[78.169,26.822],[78.184,26.784],[78.106,26.79],[78.093,26.676],[78.001,26.695],[77.904,26.659],[77.824,26.55],[77.745,26.538],[77.538,26.411],[77.438,26.403],[77.444,26.362],[77.367,26.364],[77.213,26.234],[77.136,26.234],[77.03,26.172],[76.901,26.093],[76.791,25.943],[76.582,25.87],[76.521,25.792],[76.522,25.728],[76.473,25.709],[76.556,25.453],[76.599,25.392],[76.729,25.329],[76.899,25.324],[76.943,25.282],[77.084,25.337],[77.209,25.306],[77.291,25.423],[77.371,25.408],[77.342,25.322],[77.376,25.318],[77.355,25.264],[77.427,25.188],[77.407,25.112],[77.311,25.08],[77.27,25.116],[77.175,25.112],[77.085,25.055],[77.0,25.075],[76.876,25.042],[76.857,25.002],[76.95,24.869],[76.803,24.809],[76.856,24.742],[76.954,24.759],[77.031,24.712],[77.071,24.572],[76.978,24.461],[76.918,24.481],[76.918,24.543],[76.816,24.534],[76.853,24.467],[76.841,24.323],[76.947,24.201],[76.901,24.127],[76.802,24.117],[76.756,24.169],[76.699,24.168],[76.695,24.284],[76.585,24.244],[76.577,24.178],[76.528,24.157],[76.471,24.226],[76.413,24.2],[76.322,24.245],[76.281,24.207],[76.212,24.21],[76.185,24.329],[76.117,24.194],[76.127,24.088],[75.963,24.019],[75.981,23.929],[75.782,23.849],[75.706,23.899],[75.737,23.856],[75.687,23.755],[75.654,23.798],[75.584,23.795],[75.564,23.856],[75.462,23.914],[75.474,23.982],[75.521,24.025],[75.596,23.99],[75.671,24.018],[75.718,23.967],[75.837,24.057],[75.751,24.143],[75.83,24.233],[75.728,24.39],[75.789,24.472],[75.839,24.414],[75.909,24.455],[75.915,24.572],[75.825,24.613],[75.836,24.728],[75.757,24.762],[75.611,24.681],[75.583,24.713],[75.455,24.681],[75.219,24.702],[75.184,24.748],[75.252,24.813],[75.224,24.844],[75.311,24.801],[75.426,24.869],[75.263,24.875],[75.294,24.909],[75.261,24.963],[75.318,24.894],[75.334,25.041],[75.166,25.048],[75.167,25.003],[75.114,24.967],[75.117,24.878],[75.034,24.845],[74.924,24.878],[74.843,24.969],[74.849,24.776],[75.001,24.775],[75.016,24.732],[74.943,24.638],[74.889,24.634],[74.8,24.779],[74.772,24.661],[74.814,24.666],[74.814,24.65],[74.709,24.486],[74.854,24.444],[74.747,24.253],[74.897,24.227],[74.903,24.109],[74.982,24.026],[74.902,23.873],[74.904,23.794],[74.94,23.765],[74.9,23.682],[74.937,23.629],[74.847,23.552],[74.604,23.457],[74.514,23.328],[74.547,23.277],[74.7,23.268],[74.692,23.219],[74.742,23.208],[74.671,23.2],[74.506,23.085],[74.386,23.111],[74.329,23.061],[74.247,23.184],[74.203,23.19],[74.181,23.152],[74.128,23.176],[74.139,23.266],[74.038,23.293],[73.962,23.381],[73.892,23.334],[73.829,23.448],[73.756,23.454],[73.721,23.41],[73.697,23.457],[73.627,23.448],[73.656,23.621],[73.573,23.654],[73.523,23.607],[73.507,23.703],[73.352,23.791],[73.361,23.873],[73.421,23.931],[73.362,24.105],[73.326,24.11],[73.317,24.054],[73.243,24.002],[73.193,24.041],[73.214,24.078],[73.067,24.195],[73.135,24.308],[73.169,24.3],[73.219,24.364],[73.152,24.354],[73.077,24.397],[73.087,24.498],[72.991,24.478],[72.949,24.398],[72.975,24.369],[72.911,24.337],[72.85,24.372],[72.731,24.364],[72.683,24.464],[72.576,24.479],[72.539,24.52],[72.5,24.417],[72.457,24.415],[72.441,24.515],[72.389,24.508],[72.354,24.564],[72.295,24.547],[72.246,24.585],[72.347,24.628],[72.165,24.621],[72.061,24.712],[71.94,24.634],[71.872,24.682],[71.852,24.609],[71.792,24.677],[71.655,24.639],[71.608,24.677],[71.503,24.683],[71.377,24.626],[71.348,24.661],[71.288,24.616],[71.112,24.676],[70.937,24.939],[70.888,25.148],[70.665,25.397],[70.66,25.702],[70.387,25.674],[70.268,25.714],[70.1,25.938],[70.083,26.083],[70.175,26.251],[70.174,26.551],[70.056,26.601],[69.792,26.598],[69.51,26.744],[69.484,26.805],[69.513,27.01],[69.587,27.184],[70.026,27.563],[70.132,27.806],[70.372,28.012],[70.505,28.037],[70.589,28.01],[70.677,27.922],[70.739,27.742],[70.872,27.706],[71.205,27.835],[71.666,27.878],[71.898,27.962],[71.928,28.122],[72.206,28.394],[72.299,28.67],[72.392,28.772],[72.945,29.028],[73.282,29.572],[73.397,29.946],[73.806,30.068],[73.973,30.198],[73.973,30.123]]]}},{"type":"Feature","properties":{"state":"Sikkim","mines":0},"geometry":{"type":"Polygon","coordinates":[[[88.613,28.128],[88.836,28.015],[88.837,27.929],[88.883,27.891],[88.848,27.668],[88.764,27.565],[88.783,27.45],[88.92,27.327],[88.908,27.277],[88.803,27.248],[88.735,27.135],[88.589,27.189],[88.431,27.079],[88.302,27.129],[88.154,27.11],[88.096,27.133],[88.065,27.213],[88.013,27.217],[88.068,27.335],[88.044,27.496],[88.198,27.791],[88.129,27.949],[88.399,27.978],[88.495,28.054],[88.547,28.035],[88.613,28.128]]]}},{"type":"Feature","properties":{"state":"Tamil Nadu","mines":0},"geometry":{"type":"MultiPolygon","coordinates":[[[[79.769,11.901],[79.797,11.895],[79.781,11.863],[79.769,11.901]]],[[[79.229,9.242],[79.24,9.242],[79.238,9.236],[79.229,9.242]]],[[[79.069,9.209],[79.091,9.195],[79.057,9.197],[79.069,9.209]]],[[[79.123,9.214],[79.123,9.214],[79.123,9.214],[79.123,9.214]]],[[[79.191,9.257],[79.205,9.226],[79.175,9.24],[79.191,9.257]]],[[[79.161,9.238],[79.158,9.237],[79.159,9.239],[79.161,9.238]]],[[[79.151,9.24],[79.144,9.238],[79.146,9.243],[79.151,9.24]]],[[[79.149,9.233],[79.144,9.232],[79.146,9.235],[79.149,9.233]]],[[[79.142,9.236],[79.138,9.236],[79.139,9.238],[79.142,9.236]]],[[[79.141,9.213],[79.139,9.212],[79.139,9.212],[79.141,9.213]]],[[[79.129,9.213],[79.129,9.214],[79.133,9.215],[79.134,9.215],[79.129,9.213]]],[[[79.124,9.218],[79.165,9.214],[79.165,9.209],[79.124,9.218]]],[[[79.14,9.254],[79.135,9.254],[79.137,9.256],[79.14,9.254]]],[[[78.699,9.159],[78.698,9.158],[78.699,9.159],[78.699,9.159]]],[[[78.829,9.171],[78.824,9.167],[78.828,9.174],[78.829,9.171]]],[[[78.943,9.187],[78.903,9.178],[78.897,9.18],[78.943,9.187]]],[[[78.826,9.16],[78.825,9.159],[78.824,9.16],[78.826,9.16]]],[[[78.819,9.16],[78.822,9.161],[78.822,9.16],[78.819,9.16]]],[[[78.816,9.16],[78.815,9.16],[78.815,9.161],[78.816,9.16]]],[[[78.819,9.166],[78.819,9.161],[78.817,9.16],[78.819,9.166]]],[[[78.704,9.185],[78.702,9.186],[78.702,9.186],[78.704,9.185]]],[[[78.97,9.183],[78.969,9.183],[78.969,9.184],[78.97,9.183]]],[[[78.966,9.187],[78.971,9.185],[78.968,9.186],[78.967,9.183],[78.966,9.187]]],[[[78.91,9.186],[78.91,9.186],[78.91,9.187],[78.91,9.186]]],[[[77.317,8.122],[77.317,8.122],[77.317,8.122],[77.317,8.122]]],[[[77.322,8.122],[77.323,8.122],[77.322,8.122],[77.322,8.122]]],[[[77.325,8.124],[77.325,8.123],[77.325,8.124],[77.325,8.124]]],[[[77.31,8.127],[77.308,8.126],[77.305,8.129],[77.31,8.127]]],[[[77.302,8.14],[77.301,8.14],[77.301,8.141],[77.302,8.14]]],[[[77.31,8.125],[77.311,8.125],[77.311,8.125],[77.31,8.125]]],[[[77.325,8.126],[77.323,8.126],[77.325,8.127],[77.325,8.126]]],[[[77.251,8.168],[77.25,8.168],[77.251,8.169],[77.251,8.168]]],[[[77.301,8.142],[77.301,8.141],[77.301,8.142],[77.301,8.142]]],[[[77.246,8.172],[77.245,8.17],[77.243,8.171],[77.246,8.172]]],[[[77.301,8.141],[77.301,8.141],[77.301,8.141],[77.301,8.141]]],[[[77.302,8.141],[77.301,8.141],[77.302,8.141],[77.302,8.141]]],[[[77.302,8.141],[77.302,8.141],[77.302,8.141],[77.302,8.141]]],[[[77.236,8.176],[77.24,8.177],[77.24,8.174],[77.236,8.176]]],[[[77.227,8.188],[77.227,8.187],[77.227,8.188],[77.227,8.188]]],[[[78.166,8.798],[78.165,8.798],[78.165,8.798],[78.166,8.798]]],[[[78.221,8.873],[78.228,8.868],[78.226,8.866],[78.221,8.873]]],[[[78.223,8.884],[78.219,8.88],[78.218,8.885],[78.223,8.884]]],[[[78.273,8.941],[78.272,8.941],[78.272,8.942],[78.273,8.941]]],[[[78.496,9.091],[78.487,9.089],[78.49,9.094],[78.496,9.091]]],[[[78.251,8.951],[78.25,8.951],[78.25,8.951],[78.251,8.951]]],[[[78.251,8.95],[78.255,8.955],[78.255,8.949],[78.251,8.95]]],[[[78.267,8.939],[78.269,8.937],[78.267,8.937],[78.267,8.939]]],[[[78.21,8.836],[78.205,8.832],[78.204,8.837],[78.21,8.836]]],[[[78.213,8.838],[78.211,8.835],[78.208,8.84],[78.213,8.838]]],[[[78.539,9.104],[78.535,9.103],[78.539,9.106],[78.539,9.104]]],[[[78.579,9.113],[78.588,9.107],[78.571,9.101],[78.579,9.113]]],[[[79.497,9.123],[79.492,9.124],[79.496,9.125],[79.497,9.123]]],[[[79.488,9.128],[79.488,9.126],[79.487,9.127],[79.488,9.128]]],[[[79.481,9.131],[79.482,9.129],[79.48,9.13],[79.481,9.131]]],[[[79.483,9.134],[79.482,9.132],[79.481,9.133],[79.483,9.134]]],[[[79.473,9.139],[79.473,9.137],[79.47,9.14],[79.473,9.139]]],[[[79.467,9.143],[79.467,9.141],[79.465,9.143],[79.467,9.143]]],[[[79.455,9.145],[79.454,9.144],[79.454,9.146],[79.455,9.145]]],[[[79.456,9.148],[79.456,9.147],[79.455,9.147],[79.456,9.148]]],[[[79.446,9.152],[79.444,9.152],[79.445,9.154],[79.446,9.152]]],[[[78.697,9.153],[78.694,9.153],[78.696,9.156],[78.697,9.153]]],[[[78.754,9.154],[78.754,9.153],[78.753,9.153],[78.754,9.154]]],[[[79.452,9.15],[79.453,9.147],[79.45,9.148],[79.452,9.15]]],[[[77.245,8.174],[77.244,8.174],[77.244,8.174],[77.245,8.174]]],[[[79.444,9.157],[79.448,9.154],[79.447,9.153],[79.444,9.157]]],[[[78.731,9.156],[78.731,9.152],[78.728,9.153],[78.731,9.156]]],[[[78.752,9.157],[78.752,9.156],[78.751,9.157],[78.752,9.157]]],[[[80.269,13.565],[80.345,13.276],[80.261,12.944],[80.255,12.781],[80.15,12.436],[79.874,12.043],[79.85,12.052],[79.841,11.956],[79.813,11.978],[79.805,11.953],[79.75,11.92],[79.723,11.977],[79.76,11.989],[79.748,12.008],[79.692,11.951],[79.741,11.905],[79.674,11.892],[79.808,11.845],[79.737,11.844],[79.712,11.792],[79.796,11.785],[79.757,11.558],[79.843,11.351],[79.854,10.983],[79.747,11.003],[79.764,10.96],[79.73,10.97],[79.719,10.956],[79.763,10.914],[79.756,10.892],[79.828,10.884],[79.808,10.856],[79.853,10.827],[79.881,10.304],[79.768,10.272],[79.389,10.317],[79.297,10.262],[79.228,10.147],[79.266,10.039],[78.98,9.69],[78.898,9.49],[78.936,9.409],[79.067,9.298],[79.21,9.283],[79.329,9.32],[79.316,9.274],[79.423,9.177],[79.433,9.161],[79.209,9.282],[78.965,9.274],[78.664,9.194],[78.657,9.158],[78.578,9.13],[78.412,9.113],[78.19,8.928],[78.172,8.883],[78.161,8.775],[78.197,8.763],[78.2,8.793],[78.202,8.756],[78.139,8.68],[78.143,8.502],[78.066,8.374],[77.841,8.252],[77.794,8.162],[77.605,8.147],[77.556,8.077],[77.331,8.127],[77.324,8.127],[77.323,8.126],[77.323,8.123],[77.322,8.123],[77.316,8.122],[77.299,8.147],[77.098,8.294],[77.18,8.323],[77.151,8.384],[77.227,8.447],[77.201,8.501],[77.262,8.506],[77.284,8.547],[77.17,8.742],[77.23,8.785],[77.258,8.875],[77.147,9.021],[77.268,9.153],[77.283,9.301],[77.412,9.509],[77.365,9.535],[77.361,9.602],[77.27,9.573],[77.166,9.613],[77.247,9.798],[77.218,9.905],[77.273,9.964],[77.201,10.107],[77.268,10.122],[77.295,10.219],[77.259,10.23],[77.235,10.353],[77.091,10.315],[76.984,10.22],[76.83,10.303],[76.843,10.537],[76.81,10.624],[76.882,10.639],[76.868,10.694],[76.907,10.783],[76.828,10.873],[76.659,10.931],[76.7,11.027],[76.767,11.029],[76.801,11.054],[76.746,11.057],[76.748,11.135],[76.7,11.154],[76.735,11.218],[76.706,11.24],[76.629,11.194],[76.439,11.199],[76.546,11.3],[76.548,11.359],[76.508,11.354],[76.419,11.442],[76.247,11.468],[76.234,11.571],[76.279,11.601],[76.302,11.571],[76.355,11.589],[76.511,11.705],[76.577,11.615],[76.847,11.595],[76.835,11.656],[76.908,11.795],[76.97,11.777],[77.013,11.815],[77.118,11.721],[77.111,11.774],[77.25,11.813],[77.427,11.761],[77.495,11.944],[77.676,11.952],[77.776,12.119],[77.728,12.182],[77.493,12.197],[77.472,12.25],[77.617,12.368],[77.635,12.488],[77.584,12.479],[77.616,12.509],[77.58,12.552],[77.599,12.667],[77.74,12.673],[77.809,12.797],[77.792,12.843],[77.836,12.87],[77.929,12.891],[77.919,12.831],[77.952,12.857],[77.995,12.806],[78.054,12.854],[78.134,12.782],[78.231,12.761],[78.211,12.686],[78.271,12.705],[78.371,12.627],[78.465,12.624],[78.468,12.676],[78.52,12.712],[78.489,12.742],[78.556,12.7],[78.657,12.932],[78.621,12.991],[78.656,13.031],[78.705,13.015],[78.714,13.069],[78.892,13.097],[78.892,13.033],[78.937,13.03],[78.904,13.048],[78.924,13.081],[78.995,13.087],[79.081,13.026],[79.163,13.02],[79.181,13.084],[79.234,13.105],[79.21,13.148],[79.235,13.171],[79.307,13.106],[79.36,13.124],[79.374,13.189],[79.438,13.188],[79.453,13.238],[79.408,13.265],[79.445,13.301],[79.382,13.308],[79.435,13.352],[79.537,13.339],[79.535,13.275],[79.579,13.258],[79.683,13.296],[79.684,13.244],[79.755,13.207],[79.795,13.242],[79.734,13.289],[79.938,13.356],[79.972,13.469],[80.047,13.494],[80.004,13.545],[80.081,13.55],[80.078,13.489],[80.242,13.471],[80.269,13.565]],[[79.693,12.035],[79.661,12.012],[79.657,11.992],[79.72,11.992],[79.693,12.035]],[[79.788,12.019],[79.805,12.025],[79.789,12.028],[79.788,12.019]],[[79.643,11.942],[79.626,12.032],[79.632,11.901],[79.671,11.93],[79.643,11.942]],[[79.685,11.953],[79.662,11.969],[79.654,11.954],[79.685,11.953]],[[79.641,11.887],[79.602,11.858],[79.663,11.861],[79.641,11.887]],[[79.699,11.861],[79.697,11.874],[79.696,11.86],[79.699,11.861]],[[79.662,11.839],[79.646,11.816],[79.671,11.815],[79.662,11.839]],[[79.7,11.822],[79.692,11.814],[79.703,11.813],[79.7,11.822]],[[79.691,11.809],[79.675,11.804],[79.681,11.796],[79.691,11.809]],[[79.723,10.937],[79.72,10.936],[79.722,10.935],[79.723,10.937]],[[79.739,10.921],[79.74,10.92],[79.739,10.921],[79.739,10.921]],[[79.806,10.88],[79.81,10.878],[79.81,10.88],[79.806,10.88]]]]}},{"type":"Feature","properties":{"state":"Telangana","mines":6},"geometry":{"type":"Polygon","coordinates":[[[78.323,19.917],[78.49,19.793],[78.552,19.824],[78.841,19.762],[78.852,19.658],[78.956,19.656],[78.973,19.582],[78.94,19.552],[79.098,19.532],[79.19,19.459],[79.224,19.469],[79.244,19.617],[79.471,19.5],[79.54,19.555],[79.596,19.507],[79.628,19.573],[79.753,19.608],[79.915,19.496],[79.98,19.389],[79.925,19.227],[79.946,19.169],[79.858,19.102],[79.871,19.041],[79.94,19.033],[79.962,18.867],[79.921,18.81],[80.118,18.681],[80.278,18.722],[80.347,18.595],[80.515,18.619],[80.735,18.413],[80.749,18.308],[80.794,18.257],[80.737,18.222],[80.737,18.177],[80.799,18.172],[80.837,18.242],[80.873,18.214],[80.867,18.14],[80.979,18.179],[80.949,18.086],[81.008,17.798],[81.104,17.772],[81.058,17.733],[80.973,17.78],[80.886,17.736],[80.911,17.638],[80.861,17.634],[80.855,17.602],[80.969,17.598],[81.02,17.52],[81.127,17.526],[81.148,17.464],[81.312,17.409],[81.323,17.375],[81.274,17.317],[81.19,17.325],[81.174,17.23],[81.055,17.225],[81.031,17.19],[80.919,17.22],[80.924,17.158],[80.879,17.161],[80.845,17.04],[80.739,17.08],[80.654,17.069],[80.671,17.101],[80.58,17.153],[80.514,17.122],[80.465,17.03],[80.409,17.092],[80.407,17.016],[80.363,16.976],[80.493,16.927],[80.535,16.961],[80.602,16.919],[80.563,16.833],[80.613,16.794],[80.57,16.768],[80.464,16.795],[80.464,16.82],[80.383,16.865],[80.408,16.848],[80.38,16.817],[80.322,16.88],[80.294,16.996],[80.211,17.01],[80.196,17.044],[80.055,16.971],[80.017,16.915],[79.999,16.865],[80.071,16.802],[79.962,16.643],[79.91,16.634],[79.878,16.697],[79.817,16.692],[79.774,16.731],[79.447,16.62],[79.419,16.58],[79.259,16.567],[79.215,16.488],[79.213,16.225],[79.01,16.24],[78.905,16.183],[78.92,16.102],[78.889,16.085],[78.873,16.143],[78.835,16.145],[78.837,16.07],[78.741,16.009],[78.621,16.088],[78.552,16.043],[78.41,16.075],[78.312,16.012],[78.262,16.027],[78.252,15.935],[78.182,15.907],[78.175,15.858],[78.099,15.836],[78.032,15.907],[78.009,15.862],[77.888,15.906],[77.804,15.874],[77.513,15.927],[77.49,16.255],[77.598,16.293],[77.595,16.342],[77.49,16.385],[77.349,16.384],[77.236,16.473],[77.369,16.489],[77.419,16.522],[77.393,16.57],[77.467,16.599],[77.476,16.65],[77.419,16.669],[77.47,16.687],[77.474,16.717],[77.438,16.712],[77.426,16.723],[77.44,16.789],[77.477,16.788],[77.454,16.914],[77.503,17.014],[77.464,17.11],[77.364,17.159],[77.404,17.21],[77.38,17.223],[77.459,17.279],[77.454,17.374],[77.53,17.371],[77.513,17.431],[77.692,17.497],[77.594,17.565],[77.528,17.575],[77.507,17.542],[77.443,17.584],[77.452,17.695],[77.569,17.749],[77.507,17.786],[77.656,17.969],[77.548,18.056],[77.599,18.093],[77.564,18.196],[77.605,18.281],[77.551,18.292],[77.571,18.318],[77.523,18.345],[77.557,18.417],[77.528,18.442],[77.585,18.447],[77.549,18.469],[77.603,18.477],[77.596,18.549],[77.739,18.557],[77.754,18.701],[77.787,18.683],[77.84,18.805],[77.948,18.829],[77.843,18.909],[77.859,18.949],[77.772,18.979],[77.762,19.032],[77.81,19.105],[77.85,19.089],[77.848,19.19],[77.908,19.268],[77.863,19.304],[77.945,19.342],[78.042,19.243],[78.175,19.238],[78.176,19.412],[78.304,19.456],[78.274,19.554],[78.306,19.607],[78.263,19.665],[78.343,19.713],[78.364,19.776],[78.336,19.838],[78.286,19.848],[78.323,19.917]]]}},{"type":"Feature","properties":{"state":"Tripura","mines":0},"geometry":{"type":"Polygon","coordinates":[[[92.168,24.527],[92.23,24.502],[92.258,24.389],[92.192,24.243],[92.291,24.251],[92.332,24.18],[92.317,23.864],[92.269,23.847],[92.228,23.653],[92.205,23.706],[92.129,23.736],[92.043,23.646],[91.958,23.739],[91.976,23.497],[91.947,23.431],[91.864,23.408],[91.866,23.446],[91.801,23.518],[91.799,23.506],[91.842,23.389],[91.76,23.283],[91.835,23.093],[91.619,22.939],[91.542,23.0],[91.507,23.184],[91.409,23.285],[91.38,23.185],[91.417,23.065],[91.347,23.102],[91.288,23.315],[91.323,23.363],[91.293,23.355],[91.255,23.487],[91.161,23.595],[91.157,23.67],[91.214,23.657],[91.207,23.689],[91.154,23.691],[91.157,23.742],[91.227,23.753],[91.22,23.891],[91.28,23.982],[91.379,23.975],[91.376,24.106],[91.581,24.074],[91.631,24.104],[91.662,24.232],[91.683,24.162],[91.756,24.142],[91.747,24.245],[91.841,24.227],[91.918,24.116],[91.922,24.338],[91.96,24.359],[91.993,24.329],[91.976,24.387],[92.082,24.375],[92.164,24.419],[92.168,24.527]]]}},{"type":"Feature","properties":{"state":"Uttar Pradesh","mines":3},"geometry":{"type":"MultiPolygon","coordinates":[[[[79.373,25.18],[79.354,25.176],[79.36,25.189],[79.373,25.18]]],[[[79.365,25.145],[79.426,25.059],[79.41,25.034],[79.356,25.04],[79.365,25.145]]],[[[77.602,30.4],[77.962,30.242],[77.86,30.113],[77.801,30.096],[77.733,29.956],[77.714,29.87],[77.799,29.686],[77.83,29.668],[77.947,29.713],[77.984,29.644],[77.933,29.601],[78.022,29.581],[78.196,29.693],[78.204,29.737],[78.336,29.797],[78.501,29.733],[78.533,29.639],[78.618,29.558],[78.8,29.465],[78.942,29.439],[78.796,29.312],[78.767,29.337],[78.719,29.307],[78.808,29.237],[78.874,29.23],[78.906,29.125],[78.982,29.143],[79.027,29.112],[79.036,29.169],[79.127,29.133],[79.171,29.012],[79.212,29.028],[79.307,28.967],[79.372,28.988],[79.426,28.866],[79.522,28.865],[79.556,28.899],[79.584,28.846],[79.656,28.87],[79.707,28.841],[79.818,28.888],[79.85,28.859],[79.809,28.8],[79.888,28.837],[79.916,28.804],[79.873,28.797],[79.94,28.788],[79.954,28.723],[80.03,28.749],[80.065,28.837],[80.118,28.828],[80.256,28.754],[80.373,28.631],[80.459,28.624],[80.516,28.552],[80.506,28.67],[80.587,28.682],[80.59,28.647],[80.667,28.642],[80.789,28.524],[80.896,28.507],[80.915,28.458],[81.017,28.451],[81.035,28.399],[81.211,28.36],[81.321,28.197],[81.318,28.133],[81.384,28.147],[81.375,28.178],[81.426,28.171],[81.478,28.083],[81.699,27.988],[81.885,27.857],[81.925,27.86],[81.968,27.929],[82.07,27.923],[82.449,27.68],[82.708,27.723],[82.754,27.586],[82.735,27.503],[83.188,27.454],[83.318,27.331],[83.41,27.413],[83.388,27.479],[83.615,27.469],[83.831,27.37],[83.859,27.308],[83.926,27.322],[83.905,27.257],[83.994,27.175],[83.947,27.091],[84.03,27.098],[84.0,27.069],[84.05,27.043],[84.06,26.888],[84.146,26.885],[84.166,26.834],[84.22,26.872],[84.254,26.857],[84.241,26.739],[84.306,26.75],[84.33,26.684],[84.411,26.67],[84.42,26.627],[84.281,26.6],[84.087,26.639],[84.048,26.536],[83.908,26.519],[83.908,26.447],[84.017,26.448],[84.079,26.383],[84.177,26.371],[84.166,26.241],[84.019,26.239],[84.009,26.175],[84.173,26.025],[84.17,25.988],[84.354,25.959],[84.428,25.891],[84.534,25.876],[84.531,25.832],[84.625,25.792],[84.603,25.762],[84.635,25.728],[84.56,25.737],[84.557,25.68],[84.54,25.727],[84.499,25.675],[84.337,25.744],[84.324,25.67],[84.276,25.659],[84.206,25.67],[84.155,25.729],[84.104,25.721],[84.081,25.636],[83.817,25.463],[83.846,25.434],[83.769,25.386],[83.702,25.396],[83.357,25.2],[83.32,25.017],[83.351,25.009],[83.358,24.871],[83.394,24.782],[83.489,24.736],[83.5,24.651],[83.548,24.623],[83.503,24.525],[83.397,24.497],[83.405,24.405],[83.457,24.365],[83.38,24.314],[83.409,24.266],[83.354,24.125],[83.2,23.915],[83.091,23.872],[82.948,23.871],[82.813,23.96],[82.804,24.004],[82.751,24.012],[82.774,24.076],[82.714,24.075],[82.666,24.124],[82.744,24.166],[82.773,24.344],[82.713,24.38],[82.744,24.496],[82.719,24.552],[82.801,24.58],[82.765,24.596],[82.774,24.642],[82.707,24.636],[82.671,24.697],[82.539,24.648],[82.43,24.703],[82.416,24.591],[82.298,24.605],[82.303,24.667],[82.23,24.682],[82.25,24.697],[82.251,24.77],[82.207,24.747],[82.221,24.722],[82.177,24.732],[82.218,24.777],[82.184,24.796],[82.204,24.819],[82.116,24.784],[82.017,24.846],[81.965,24.827],[81.903,24.892],[81.907,25.006],[81.793,25.004],[81.667,25.075],[81.612,25.056],[81.626,25.161],[81.579,25.191],[81.515,25.184],[81.537,25.161],[81.48,25.132],[81.518,25.101],[81.491,25.072],[81.407,25.105],[81.448,25.107],[81.438,25.131],[81.4,25.119],[81.335,25.169],[81.321,25.113],[81.313,25.164],[81.278,25.166],[81.264,25.053],[81.209,24.993],[81.22,24.929],[81.168,24.955],[81.14,24.888],[81.085,24.95],[80.957,24.918],[80.947,24.966],[80.812,24.923],[80.792,24.965],[80.852,24.989],[80.832,25.033],[80.913,25.159],[80.885,25.188],[80.838,25.181],[80.83,25.1],[80.808,25.137],[80.704,25.128],[80.776,25.055],[80.68,25.049],[80.685,25.077],[80.608,25.098],[80.638,25.117],[80.607,25.15],[80.592,25.09],[80.613,25.066],[80.483,25.1],[80.55,25.002],[80.479,24.974],[80.433,25.024],[80.502,25.037],[80.45,25.079],[80.374,25.056],[80.387,25.004],[80.274,25.026],[80.291,25.06],[80.355,25.056],[80.355,25.138],[80.432,25.178],[80.403,25.244],[80.311,25.286],[80.315,25.389],[80.264,25.424],[80.202,25.414],[80.131,25.334],[80.033,25.342],[80.005,25.267],[79.948,25.269],[79.918,25.227],[79.851,25.236],[79.862,25.096],[79.749,25.14],[79.6,25.128],[79.569,25.172],[79.492,25.08],[79.477,25.127],[79.405,25.106],[79.39,25.17],[79.495,25.267],[79.409,25.256],[79.369,25.292],[79.363,25.262],[79.352,25.33],[79.3,25.338],[79.264,25.269],[79.351,25.264],[79.338,25.198],[79.279,25.245],[79.314,25.136],[79.278,25.118],[79.26,25.153],[79.217,25.111],[79.192,25.146],[79.131,25.109],[79.091,25.191],[79.029,25.141],[79.064,25.222],[79.013,25.274],[78.975,25.24],[79.006,25.195],[78.954,25.219],[78.88,25.158],[78.881,25.254],[78.98,25.279],[78.961,25.345],[78.882,25.344],[78.85,25.229],[78.809,25.271],[78.829,25.303],[78.788,25.296],[78.88,25.386],[78.953,25.4],[78.896,25.374],[78.939,25.347],[78.989,25.374],[78.967,25.434],[78.909,25.442],[78.939,25.557],[78.835,25.506],[78.866,25.466],[78.844,25.428],[78.841,25.462],[78.738,25.495],[78.762,25.427],[78.821,25.423],[78.748,25.41],[78.775,25.353],[78.66,25.384],[78.711,25.428],[78.658,25.441],[78.635,25.401],[78.566,25.391],[78.585,25.347],[78.53,25.353],[78.533,25.301],[78.498,25.32],[78.435,25.284],[78.578,25.253],[78.568,25.241],[78.556,25.209],[78.653,25.051],[78.632,24.958],[78.79,24.811],[78.752,24.6],[78.883,24.641],[78.972,24.494],[78.921,24.5],[78.914,24.46],[78.994,24.423],[78.971,24.348],[78.882,24.217],[78.793,24.177],[78.762,24.259],[78.749,24.233],[78.669,24.24],[78.519,24.388],[78.412,24.272],[78.348,24.299],[78.366,24.386],[78.225,24.521],[78.264,24.552],[78.277,24.663],[78.169,24.863],[78.334,24.995],[78.339,25.087],[78.448,25.126],[78.427,25.154],[78.458,25.165],[78.395,25.188],[78.355,25.292],[78.312,25.303],[78.344,25.328],[78.305,25.377],[78.355,25.452],[78.431,25.474],[78.444,25.563],[78.588,25.557],[78.618,25.584],[78.658,25.56],[78.812,25.621],[78.817,25.676],[78.753,25.751],[78.829,25.796],[78.818,25.829],[78.851,25.811],[78.885,25.914],[78.939,25.943],[78.948,26.028],[79.012,26.083],[78.949,26.129],[79.005,26.148],[78.994,26.197],[79.027,26.191],[78.989,26.235],[79.063,26.226],[79.046,26.26],[79.119,26.3],[79.139,26.338],[79.084,26.362],[79.135,26.44],[79.053,26.454],[79.068,26.497],[78.99,26.579],[79.005,26.673],[78.945,26.655],[78.956,26.692],[78.872,26.698],[78.726,26.796],[78.576,26.749],[78.395,26.817],[78.363,26.869],[78.284,26.854],[78.261,26.814],[78.197,26.88],[78.271,26.915],[78.225,26.946],[78.119,26.947],[78.111,26.896],[78.049,26.91],[78.056,26.868],[78.026,26.85],[78.015,26.903],[77.906,26.918],[77.896,26.884],[77.76,26.932],[77.723,26.874],[77.61,26.829],[77.501,26.844],[77.503,26.769],[77.46,26.742],[77.398,26.83],[77.763,27.007],[77.738,27.03],[77.712,26.997],[77.68,27.047],[77.63,27.01],[77.563,27.029],[77.572,27.072],[77.519,27.067],[77.518,27.102],[77.598,27.118],[77.62,27.174],[77.681,27.194],[77.599,27.297],[77.623,27.336],[77.579,27.323],[77.44,27.391],[77.438,27.456],[77.34,27.527],[77.358,27.589],[77.317,27.607],[77.353,27.651],[77.283,27.8],[77.348,27.856],[77.422,27.854],[77.42,27.89],[77.472,27.884],[77.485,27.935],[77.537,27.934],[77.542,27.989],[77.474,28.087],[77.502,28.161],[77.55,28.18],[77.497,28.206],[77.53,28.199],[77.55,28.242],[77.493,28.252],[77.478,28.419],[77.3,28.56],[77.342,28.609],[77.331,28.713],[77.292,28.706],[77.199,28.798],[77.224,28.825],[77.189,28.88],[77.234,28.912],[77.134,29.095],[77.161,29.332],[77.123,29.37],[77.157,29.387],[77.096,29.52],[77.127,29.559],[77.084,29.589],[77.157,29.693],[77.12,29.76],[77.179,29.813],[77.188,29.911],[77.278,30.042],[77.423,30.103],[77.428,30.163],[77.584,30.307],[77.602,30.4]]]]}},{"type":"Feature","properties":{"state":"Uttarakhand","mines":0},"geometry":{"type":"Polygon","coordinates":[[[79.072,31.456],[79.233,31.334],[79.222,31.26],[79.296,31.218],[79.318,31.136],[79.409,31.108],[79.426,31.024],[79.507,31.032],[79.601,30.933],[79.753,31.006],[79.865,30.973],[79.932,30.88],[80.053,30.844],[80.11,30.78],[80.172,30.809],[80.236,30.759],[80.249,30.72],[80.193,30.667],[80.213,30.584],[80.541,30.448],[80.607,30.472],[80.804,30.324],[81.0,30.268],[81.045,30.211],[80.928,30.175],[80.907,30.223],[80.862,30.17],[80.877,30.129],[80.744,30.004],[80.602,29.957],[80.493,29.795],[80.435,29.805],[80.368,29.749],[80.409,29.598],[80.285,29.475],[80.3,29.45],[80.242,29.443],[80.318,29.313],[80.298,29.205],[80.248,29.221],[80.271,29.14],[80.145,29.103],[80.136,29.007],[80.059,28.916],[80.062,28.783],[79.954,28.723],[79.94,28.788],[79.873,28.797],[79.916,28.804],[79.888,28.837],[79.849,28.8],[79.808,28.801],[79.85,28.859],[79.829,28.885],[79.707,28.841],[79.656,28.87],[79.584,28.846],[79.556,28.899],[79.44,28.862],[79.372,28.988],[79.307,28.967],[79.212,29.028],[79.171,29.012],[79.127,29.133],[79.036,29.169],[79.027,29.112],[78.982,29.143],[78.907,29.125],[78.874,29.23],[78.808,29.237],[78.765,29.279],[78.723,29.299],[78.719,29.307],[78.767,29.337],[78.796,29.312],[78.942,29.439],[78.8,29.465],[78.618,29.558],[78.533,29.639],[78.501,29.733],[78.336,29.797],[78.204,29.737],[78.196,29.693],[78.022,29.581],[77.967,29.58],[77.933,29.601],[77.984,29.644],[77.953,29.707],[77.799,29.686],[77.714,29.87],[77.801,30.096],[77.86,30.113],[77.962,30.242],[77.722,30.33],[77.648,30.405],[77.573,30.407],[77.827,30.529],[77.743,30.593],[77.796,30.614],[77.793,30.659],[77.702,30.746],[77.758,30.877],[77.806,30.853],[77.813,30.922],[77.763,30.918],[77.749,30.952],[77.838,30.954],[77.811,31.059],[77.901,31.152],[78.03,31.151],[78.37,31.286],[78.484,31.199],[78.609,31.229],[78.658,31.185],[78.81,31.198],[78.885,31.099],[79.009,31.11],[78.881,31.284],[78.943,31.366],[79.015,31.347],[79.016,31.423],[79.072,31.456]]]}},{"type":"Feature","properties":{"state":"West Bengal","mines":5},"geometry":{"type":"MultiPolygon","coordinates":[[[[88.053,21.513],[88.045,21.508],[88.05,21.516],[88.053,21.513]]],[[[88.075,21.517],[88.059,21.511],[88.073,21.531],[88.075,21.517]]],[[[88.243,21.505],[88.205,21.503],[88.216,21.541],[88.243,21.505]]],[[[88.101,21.97],[88.097,22.0],[88.134,22.016],[88.128,21.993],[88.101,21.97]]],[[[89.491,25.935],[89.49,25.929],[89.488,25.929],[89.491,25.935]]],[[[89.586,25.962],[89.577,25.933],[89.565,25.948],[89.586,25.962]]],[[[89.502,25.96],[89.503,25.949],[89.495,25.955],[89.502,25.96]]],[[[89.623,26.154],[89.624,26.148],[89.621,26.154],[89.623,26.154]]],[[[89.619,26.127],[89.616,26.123],[89.615,26.128],[89.619,26.127]]],[[[89.61,26.131],[89.608,26.128],[89.606,26.131],[89.61,26.131]]],[[[89.661,26.17],[89.664,26.166],[89.66,26.168],[89.661,26.17]]],[[[88.976,26.197],[88.972,26.196],[88.973,26.199],[88.976,26.197]]],[[[88.951,26.203],[88.949,26.202],[88.949,26.203],[88.951,26.203]]],[[[88.962,26.205],[88.958,26.202],[88.958,26.205],[88.962,26.205]]],[[[88.956,26.215],[88.96,26.213],[88.954,26.213],[88.956,26.215]]],[[[89.055,26.244],[89.054,26.243],[89.054,26.244],[89.055,26.244]]],[[[89.058,26.244],[89.056,26.243],[89.057,26.244],[89.058,26.244]]],[[[89.074,26.25],[89.086,26.247],[89.074,26.248],[89.074,26.25]]],[[[89.074,26.281],[89.071,26.278],[89.07,26.283],[89.074,26.281]]],[[[89.077,26.296],[89.076,26.292],[89.076,26.296],[89.077,26.296]]],[[[89.014,26.303],[89.013,26.301],[89.013,26.303],[89.014,26.303]]],[[[89.05,26.31],[89.053,26.306],[89.048,26.306],[89.05,26.31]]],[[[89.068,26.312],[89.065,26.309],[89.065,26.313],[89.068,26.312]]],[[[89.059,26.295],[89.068,26.304],[89.069,26.298],[89.059,26.295]]],[[[89.07,26.305],[89.069,26.308],[89.07,26.308],[89.07,26.305]]],[[[89.016,26.316],[89.022,26.314],[89.017,26.311],[89.016,26.316]]],[[[89.035,26.321],[89.033,26.317],[89.027,26.319],[89.035,26.321]]],[[[89.057,26.325],[89.07,26.313],[89.055,26.322],[89.057,26.325]]],[[[89.001,26.321],[88.997,26.318],[88.998,26.322],[89.001,26.321]]],[[[89.009,26.328],[89.006,26.325],[89.006,26.33],[89.009,26.328]]],[[[88.275,26.331],[88.274,26.332],[88.276,26.333],[88.275,26.331]]],[[[89.005,26.339],[89.018,26.333],[89.011,26.331],[89.005,26.339]]],[[[88.992,26.345],[88.998,26.342],[88.99,26.343],[88.992,26.345]]],[[[88.982,26.357],[88.986,26.355],[88.981,26.355],[88.982,26.357]]],[[[88.921,26.374],[88.935,26.369],[88.932,26.366],[88.921,26.374]]],[[[89.054,26.376],[89.053,26.374],[89.053,26.378],[89.054,26.376]]],[[[89.08,26.39],[89.079,26.389],[89.078,26.39],[89.08,26.39]]],[[[89.077,26.366],[89.074,26.367],[89.076,26.368],[89.077,26.366]]],[[[89.053,26.372],[89.053,26.368],[89.052,26.368],[89.053,26.372]]],[[[89.05,26.376],[89.048,26.373],[89.048,26.376],[89.05,26.376]]],[[[88.986,26.394],[88.982,26.392],[88.983,26.396],[88.986,26.394]]],[[[89.015,26.409],[89.016,26.404],[89.012,26.405],[89.015,26.409]]],[[[88.992,26.412],[88.986,26.41],[88.986,26.414],[88.992,26.412]]],[[[88.969,26.413],[88.965,26.411],[88.965,26.414],[88.969,26.413]]],[[[88.95,26.427],[88.954,26.402],[88.949,26.401],[88.95,26.427]]],[[[88.969,26.431],[88.965,26.432],[88.968,26.434],[88.969,26.431]]],[[[88.976,26.442],[88.979,26.444],[88.978,26.441],[88.976,26.442]]],[[[88.971,26.412],[88.98,26.409],[88.983,26.403],[88.971,26.412]]],[[[88.966,26.418],[88.969,26.42],[88.973,26.418],[88.966,26.418]]],[[[88.519,21.936],[88.514,21.918],[88.515,21.937],[88.519,21.936]]],[[[88.775,21.945],[88.803,21.931],[88.729,21.939],[88.728,21.98],[88.775,21.945]]],[[[89.125,21.592],[89.137,21.588],[89.123,21.586],[89.125,21.592]]],[[[88.601,21.585],[88.595,21.578],[88.595,21.582],[88.601,21.585]]],[[[88.594,21.561],[88.586,21.563],[88.593,21.566],[88.594,21.561]]],[[[88.341,21.558],[88.33,21.546],[88.34,21.573],[88.341,21.558]]],[[[88.083,21.583],[88.078,21.574],[88.076,21.588],[88.083,21.583]]],[[[88.017,21.595],[88.048,21.581],[88.055,21.55],[88.026,21.562],[87.992,21.513],[88.017,21.595]]],[[[88.486,21.558],[88.535,21.578],[88.543,21.531],[88.486,21.558]]],[[[88.198,21.542],[88.173,21.553],[88.164,21.598],[88.189,21.578],[88.198,21.542]]],[[[88.353,21.588],[88.344,21.582],[88.345,21.593],[88.353,21.588]]],[[[88.09,21.589],[88.082,21.587],[88.083,21.593],[88.09,21.589]]],[[[87.897,21.762],[87.88,21.758],[87.902,21.772],[87.897,21.762]]],[[[87.91,21.703],[87.902,21.687],[87.908,21.704],[87.91,21.703]]],[[[87.941,21.713],[87.923,21.71],[87.941,21.723],[87.941,21.713]]],[[[88.279,21.786],[88.27,21.78],[88.268,21.788],[88.279,21.786]]],[[[88.182,21.793],[88.176,21.783],[88.175,21.799],[88.182,21.793]]],[[[88.499,21.815],[88.457,21.808],[88.486,21.836],[88.499,21.815]]],[[[88.329,21.86],[88.357,21.797],[88.338,21.802],[88.291,21.778],[88.262,21.805],[88.329,21.86]]],[[[87.95,21.592],[87.974,21.682],[87.986,21.687],[87.99,21.623],[87.95,21.592]]],[[[89.008,21.709],[88.991,21.659],[88.992,21.7],[88.975,21.724],[89.008,21.709]]],[[[88.838,21.605],[88.896,21.578],[88.896,21.539],[88.833,21.553],[88.838,21.605]]],[[[88.774,21.633],[88.793,21.583],[88.712,21.579],[88.718,21.636],[88.774,21.633]]],[[[88.585,21.602],[88.549,21.565],[88.521,21.652],[88.565,21.625],[88.585,21.602]]],[[[88.082,21.614],[88.074,21.613],[88.077,21.622],[88.082,21.614]]],[[[88.194,21.684],[88.227,21.653],[88.212,21.596],[88.18,21.671],[88.207,21.709],[88.194,21.684]]],[[[88.961,21.642],[88.986,21.642],[88.99,21.62],[88.94,21.641],[88.951,21.674],[88.961,21.642]]],[[[88.353,21.616],[88.344,21.608],[88.35,21.622],[88.353,21.616]]],[[[88.603,21.633],[88.559,21.641],[88.574,21.689],[88.603,21.633]]],[[[88.349,21.68],[88.305,21.621],[88.312,21.707],[88.349,21.68]]],[[[88.642,21.671],[88.627,21.658],[88.641,21.678],[88.642,21.671]]],[[[88.406,21.733],[88.409,21.654],[88.43,21.625],[88.399,21.589],[88.404,21.72],[88.371,21.726],[88.406,21.733]]],[[[88.522,21.717],[88.566,21.677],[88.546,21.641],[88.522,21.717]]],[[[88.74,21.658],[88.686,21.678],[88.691,21.718],[88.71,21.675],[88.74,21.658]]],[[[88.927,21.764],[88.985,21.659],[89.014,21.652],[89.02,21.599],[88.994,21.601],[88.99,21.639],[88.977,21.648],[88.965,21.648],[88.927,21.764]]],[[[88.92,21.631],[88.867,21.701],[88.882,21.741],[88.937,21.701],[88.92,21.631]]],[[[89.001,21.812],[89.093,21.652],[89.071,21.612],[89.038,21.611],[89.012,21.714],[88.956,21.76],[89.001,21.812]]],[[[88.768,21.703],[88.862,21.761],[88.838,21.619],[88.804,21.635],[88.817,21.709],[88.768,21.703]]],[[[88.45,21.791],[88.471,21.675],[88.432,21.601],[88.424,21.753],[88.45,21.791]]],[[[87.987,21.699],[87.975,21.691],[87.979,21.702],[87.987,21.699]]],[[[88.201,21.71],[88.183,21.706],[88.2,21.724],[88.201,21.71]]],[[[88.121,21.733],[88.121,21.624],[88.034,21.663],[88.092,21.785],[88.13,21.757],[88.121,21.733]]],[[[87.952,21.712],[87.953,21.704],[87.947,21.704],[87.952,21.712]]],[[[88.359,21.735],[88.363,21.687],[88.347,21.76],[88.367,21.762],[88.359,21.735]]],[[[88.555,21.761],[88.607,21.685],[88.597,21.658],[88.584,21.689],[88.508,21.747],[88.544,21.811],[88.555,21.761]]],[[[87.962,21.737],[87.948,21.73],[87.96,21.74],[87.962,21.737]]],[[[87.988,21.726],[87.978,21.724],[87.986,21.73],[87.988,21.726]]],[[[88.204,21.734],[88.197,21.742],[88.205,21.76],[88.204,21.734]]],[[[87.957,21.757],[87.932,21.744],[87.957,21.771],[87.957,21.757]]],[[[88.85,21.862],[88.898,21.753],[88.923,21.749],[88.911,21.734],[88.836,21.788],[88.85,21.862]]],[[[88.777,21.869],[88.826,21.861],[88.78,21.771],[88.781,21.738],[88.771,21.809],[88.745,21.776],[88.761,21.69],[88.804,21.703],[88.795,21.653],[88.709,21.695],[88.691,21.751],[88.716,21.905],[88.777,21.869]]],[[[88.821,21.764],[88.785,21.772],[88.823,21.822],[88.829,21.806],[88.821,21.764]]],[[[88.613,21.786],[88.629,21.735],[88.609,21.707],[88.619,21.741],[88.589,21.772],[88.613,21.786]]],[[[88.613,21.74],[88.582,21.727],[88.576,21.772],[88.613,21.74]]],[[[88.299,21.755],[88.285,21.735],[88.292,21.772],[88.299,21.755]]],[[[88.386,21.76],[88.363,21.738],[88.376,21.767],[88.386,21.76]]],[[[88.382,21.78],[88.438,21.794],[88.419,21.766],[88.42,21.727],[88.382,21.78]]],[[[88.354,21.796],[88.368,21.77],[88.342,21.761],[88.314,21.71],[88.302,21.777],[88.354,21.796]]],[[[88.133,21.873],[88.171,21.738],[88.137,21.678],[88.136,21.76],[88.084,21.793],[88.133,21.873]]],[[[88.982,21.896],[89.028,21.832],[88.995,21.816],[88.966,21.78],[88.982,21.896]]],[[[88.166,21.867],[88.164,21.863],[88.163,21.866],[88.166,21.867]]],[[[88.104,21.89],[88.088,21.873],[88.092,21.894],[88.104,21.89]]],[[[88.187,21.844],[88.18,21.839],[88.174,21.856],[88.187,21.844]]],[[[88.524,21.845],[88.498,21.833],[88.503,21.853],[88.524,21.845]]],[[[88.608,21.798],[88.575,21.818],[88.589,21.849],[88.614,21.831],[88.608,21.798]]],[[[88.632,21.87],[88.653,21.868],[88.641,21.789],[88.597,21.859],[88.619,21.897],[88.632,21.87]]],[[[88.915,21.933],[88.97,21.814],[88.908,21.757],[88.821,21.928],[88.883,21.914],[88.915,21.933]]],[[[88.817,21.901],[88.832,21.87],[88.806,21.873],[88.817,21.901]]],[[[88.626,21.899],[88.667,21.913],[88.652,21.878],[88.626,21.899]]],[[[88.555,21.818],[88.533,21.843],[88.547,21.879],[88.556,21.883],[88.555,21.818]]],[[[88.49,21.848],[88.462,21.845],[88.446,21.813],[88.457,21.797],[88.399,21.807],[88.42,21.901],[88.472,21.892],[88.49,21.848]]],[[[88.557,21.873],[88.574,21.858],[88.561,21.832],[88.557,21.873]]],[[[88.572,21.897],[88.559,21.884],[88.566,21.897],[88.572,21.897]]],[[[88.491,21.904],[88.477,21.9],[88.488,21.908],[88.491,21.904]]],[[[88.737,21.923],[88.792,21.921],[88.81,21.898],[88.776,21.877],[88.737,21.923]]],[[[88.104,21.908],[88.099,21.899],[88.095,21.906],[88.104,21.908]]],[[[88.142,21.921],[88.112,21.917],[88.115,21.931],[88.142,21.921]]],[[[88.051,27.216],[88.096,27.133],[88.154,27.11],[88.302,27.129],[88.431,27.079],[88.555,27.184],[88.799,27.139],[88.868,27.106],[88.87,26.945],[88.917,26.998],[88.941,26.931],[89.016,26.937],[89.089,26.889],[89.127,26.807],[89.256,26.808],[89.37,26.857],[89.454,26.798],[89.548,26.813],[89.64,26.777],[89.62,26.716],[89.743,26.733],[89.764,26.699],[89.851,26.698],[89.874,26.584],[89.869,26.452],[89.828,26.397],[89.856,26.384],[89.781,26.353],[89.757,26.289],[89.72,26.307],[89.738,26.27],[89.702,26.259],[89.732,26.237],[89.7,26.218],[89.734,26.21],[89.699,26.191],[89.737,26.172],[89.701,26.151],[89.686,26.231],[89.634,26.229],[89.659,26.176],[89.607,26.179],[89.596,26.135],[89.604,26.117],[89.63,26.118],[89.594,26.102],[89.629,26.107],[89.65,26.063],[89.605,26.064],[89.555,25.965],[89.541,26.006],[89.463,25.998],[89.424,26.047],[89.349,26.01],[89.254,26.065],[89.23,26.124],[89.155,26.139],[89.1,26.28],[89.136,26.32],[89.083,26.322],[89.096,26.391],[89.006,26.422],[88.994,26.413],[88.983,26.447],[88.965,26.458],[88.905,26.409],[88.911,26.368],[88.959,26.362],[88.956,26.33],[88.986,26.349],[88.996,26.29],[89.059,26.294],[89.051,26.241],[88.954,26.265],[88.957,26.24],[88.898,26.289],[88.843,26.231],[88.793,26.31],[88.664,26.258],[88.668,26.294],[88.683,26.278],[88.706,26.285],[88.673,26.315],[88.745,26.32],[88.744,26.347],[88.7,26.33],[88.701,26.386],[88.622,26.432],[88.621,26.469],[88.59,26.447],[88.558,26.457],[88.483,26.539],[88.434,26.542],[88.41,26.632],[88.332,26.483],[88.351,26.449],[88.373,26.489],[88.484,26.461],[88.522,26.361],[88.456,26.377],[88.348,26.282],[88.351,26.222],[88.179,26.15],[88.182,26.027],[88.087,25.917],[88.115,25.799],[88.151,25.776],[88.261,25.814],[88.402,25.672],[88.455,25.664],[88.445,25.596],[88.499,25.584],[88.54,25.509],[88.609,25.516],[88.699,25.471],[88.811,25.523],[88.84,25.363],[88.928,25.304],[89.009,25.3],[88.921,25.165],[88.843,25.213],[88.806,25.17],[88.712,25.208],[88.56,25.175],[88.442,25.199],[88.453,25.037],[88.398,24.946],[88.34,24.941],[88.328,24.871],[88.258,24.878],[88.226,24.96],[88.137,24.936],[88.174,24.861],[88.024,24.688],[88.124,24.517],[88.19,24.476],[88.335,24.443],[88.525,24.315],[88.652,24.3],[88.683,24.324],[88.735,24.276],[88.747,24.148],[88.694,24.112],[88.729,24.099],[88.729,23.996],[88.769,23.983],[88.667,23.87],[88.575,23.861],[88.602,23.817],[88.556,23.783],[88.558,23.649],[88.594,23.64],[88.58,23.602],[88.646,23.608],[88.741,23.48],[88.787,23.507],[88.8,23.496],[88.732,23.351],[88.745,23.308],[88.696,23.302],[88.719,23.255],[88.79,23.218],[88.811,23.256],[88.994,23.214],[88.866,23.1],[88.879,23.006],[88.846,23.009],[88.86,22.944],[88.894,22.953],[88.897,22.897],[88.97,22.844],[88.912,22.759],[88.963,22.693],[88.926,22.65],[88.997,22.469],[88.985,22.326],[89.096,22.16],[89.042,22.101],[89.069,21.949],[89.031,21.928],[88.995,21.962],[89.008,21.903],[88.93,21.949],[88.937,22.055],[88.975,22.071],[88.987,22.11],[88.93,22.063],[88.921,21.984],[88.925,22.108],[88.892,22.068],[88.901,21.931],[88.757,21.961],[88.817,21.968],[88.746,21.99],[88.783,22.109],[88.741,22.053],[88.703,22.073],[88.761,22.148],[88.687,22.077],[88.738,22.014],[88.682,21.945],[88.638,21.952],[88.637,22.113],[88.703,22.209],[88.64,22.216],[88.649,22.248],[88.632,22.213],[88.673,22.204],[88.608,22.101],[88.637,22.047],[88.602,22.03],[88.594,21.896],[88.543,21.904],[88.532,21.853],[88.496,21.879],[88.526,21.918],[88.502,21.897],[88.526,21.925],[88.502,21.967],[88.55,21.991],[88.554,22.051],[88.541,21.988],[88.498,21.976],[88.471,21.901],[88.457,21.904],[88.466,21.962],[88.446,21.988],[88.445,21.917],[88.391,21.897],[88.407,21.993],[88.388,22.004],[88.382,21.795],[88.356,21.827],[88.373,21.906],[88.351,21.971],[88.364,21.882],[88.312,21.86],[88.261,21.865],[88.275,21.899],[88.277,21.946],[88.273,21.96],[88.261,21.962],[88.254,21.86],[88.304,21.852],[88.256,21.801],[88.303,21.582],[88.26,21.557],[88.22,21.604],[88.236,21.645],[88.203,21.683],[88.22,21.702],[88.212,21.783],[88.146,21.955],[88.222,22.073],[88.183,22.187],[88.067,22.21],[88.082,22.257],[88.034,22.219],[87.995,22.246],[88.015,22.203],[88.136,22.185],[88.186,22.117],[88.167,22.078],[88.06,22.018],[88.02,22.072],[87.993,22.076],[88.049,21.997],[87.987,21.871],[87.9,21.794],[87.87,21.811],[87.879,21.773],[87.806,21.709],[87.486,21.61],[87.444,21.768],[87.277,21.805],[87.236,21.957],[87.17,21.979],[87.161,21.936],[87.096,21.914],[87.099,21.866],[87.038,21.868],[87.002,21.914],[87.028,22.038],[86.96,22.088],[86.838,22.098],[86.796,22.157],[86.722,22.147],[86.727,22.217],[86.802,22.218],[86.792,22.266],[86.887,22.257],[86.888,22.297],[86.833,22.324],[86.846,22.4],[86.751,22.456],[86.801,22.488],[86.766,22.576],[86.659,22.576],[86.635,22.666],[86.548,22.721],[86.511,22.705],[86.419,22.791],[86.467,22.901],[86.436,22.926],[86.525,22.947],[86.547,22.989],[86.186,23.005],[86.044,23.145],[85.894,23.155],[85.82,23.268],[85.903,23.399],[85.871,23.476],[86.054,23.487],[86.017,23.548],[86.042,23.586],[86.159,23.559],[86.148,23.465],[86.246,23.46],[86.247,23.412],[86.31,23.412],[86.379,23.474],[86.388,23.574],[86.462,23.63],[86.713,23.699],[86.799,23.689],[86.828,23.753],[86.805,23.838],[86.827,23.814],[86.875,23.848],[86.89,23.82],[86.916,23.883],[87.123,23.796],[87.167,23.825],[87.129,23.869],[87.234,23.857],[87.241,23.826],[87.246,23.909],[87.269,23.874],[87.295,23.902],[87.245,24.045],[87.46,23.984],[87.438,24.013],[87.512,24.036],[87.498,24.118],[87.559,24.081],[87.61,24.132],[87.576,24.161],[87.695,24.149],[87.639,24.255],[87.706,24.26],[87.801,24.383],[87.828,24.499],[87.794,24.501],[87.809,24.547],[87.772,24.584],[87.852,24.554],[87.909,24.586],[87.875,24.614],[87.914,24.637],[87.908,24.721],[87.818,24.761],[87.836,24.79],[87.869,24.774],[87.962,24.938],[87.94,24.991],[87.796,25.087],[87.779,25.251],[87.711,25.258],[87.847,25.265],[87.767,25.415],[87.864,25.464],[87.884,25.521],[87.959,25.539],[88.004,25.496],[88.077,25.507],[88.021,25.571],[88.05,25.702],[87.904,25.773],[87.916,25.853],[87.83,25.872],[87.811,25.928],[87.855,26.035],[87.927,26.084],[87.982,26.073],[87.975,26.143],[88.073,26.175],[88.301,26.35],[88.238,26.381],[88.273,26.419],[88.183,26.504],[88.233,26.571],[88.146,26.522],[88.105,26.551],[88.187,26.771],[88.133,26.982],[87.992,27.108],[88.015,27.212],[88.051,27.216]]]]}}]}
